KT	SDY
NEL	GYG
F	NYN
QR	FWS
DG	WGD
HF	SYY
HA	SED
LIT	NYG
SD	SSW
SSN	GDG
KI	SYA
IY	QDY
ATN	DIQ
KAN	DDW
NLK	SDY
MTN	SGY
Q	FWS
G	WGD
GL	PMN
QEK	GTD
APR	SYW
DVT	RVY
SPV	DYT
GK	GNN
WLK	SAY
RK	SYW
KLG	RYD
T	VSY
SIQ	TYR
DF	RNY
IV	AYY
RE	GSG
TN	SYS
PD	GHY
GG	RRS
FE	GMS
RE	SYS
AE	SYW
RD	YDW
PT	GFW
VS	NFP
F	NYC
NN	FWS
IGD	LGS
H	SYT
T	SGI
VD	NYG
D	LGS
R	AYE
LGR	LTS
CGS	DYY
YDS	TYW
DP	NSG
PP	IWY
HW	GSY
N	WST
YRW	SYT
QED	TFS
WED	NSY
DY	SYA
VDD	SYW
ETT	YIG
GVG	RVY
QH	HYG
QG	DAW
ET	SDY
SKN	DYS
DT	RVY
GD	LGS
QRS	NNY
PE	SYT
NKL	SYW
NTG	DYS
KL	SDY
RQP	SYN
QR	FWS
TG	WGD
N	DYG
KNL	YGN
SVE	DTY
KE	DAN
RE	WSG
F	GMS
TS	RYA
YD	NYW
RN	LYS
KQ	DSS
YW	GYD
QGR	FWS
KG	GAG
TG	WGD
FL	NYG
IN	YYD
F	YDS
SYK	SYW
DF	SNS
DG	RIY
IAN	YYD
WTR	HNY
NH	DYH
E	GSG
PLR	SYW
L	DPS
LDQ	VYG
QL	STW
KN	SYW
KKS	DYS
NSK	SYW
N	DSD
NL	FYG
LN	AYN
LW	TYD
F	GMS
LI	SYG
NGI	SHN
IKR	DNW
QE	SYW
IG	DKY
GHY	GNN
RLI	SAY
KRF	DYD
KQ	SYS
SIE	HYG
EE	GSR
R	SFD
NLK	SDY
NNK	VYS
GN	DIQ
HS	RSW
ERV	SYW
ETK	EIV
DAL	RLY
ADA	NHH
IGR	RSS
GR	SYY
GE	NYA
KG	DYD
QRI	GFH
APV	DYY
E	GSS
LT	NNR
LNT	NYG
EK	NWW
FQ	SYR
MNK	RNH
QL	RLA
KTS	DYG
TE	SKY
RF	DYD
PQI	YNR
MM	SYA
Q	TAG
D	SNY
Q	WIN
FFF	NSF
QP	SYW
RK	NED
LKD	SDY
YSL	SYW
PL	YIN
LKP	TYY
QKC	SSR
DNK	RFW
ENN	DIQ
R	TYG
RY	YYY
TS	GSK
TTY	SYT
QR	YDD
FP	RNA
KND	SYW
TG	SSW
RY	WYR
R	GDS
SN	YRS
GK	NSN
GD	DFA
VR	AGR
NAN	YYD
RF	NSY
DR	YNR
EQ	DTY
K	DPA
TK	DTY
QGR	FWS
KG	GYG
DT	WGD
APT	YSY
PF	NYL
SV	SYY
K	DNY
SGS	EYY
LTK	VTD
ERV	RND
W	SYY
TKS	TNY
SS	SYW
ETA	SYT
DF	EYD
L	PMN
ED	TFS
DT	GRF
ER	DTY
KTQ	NSG
GK	GNN
WLS	SDY
RR	SYY
K	NYW
WK	SEW
QND	NYR
PKM	DYY
KTN	DLH
KE	DTY
TKG	DYG
H	TYA
ELN	SYW
EV	GWD
GKY	SNN
RLI	SDY
TLG	HNY
QRE	TYW
QE	SYW
HVF	SYW
R	DDF
AT	WPP
PR	SGG
QPK	YGD
K	DDY
NNI	SDY
NGD	YST
N	GYA
DT	RVY
DK	SNE
TKG	EYI
E	YSY
DVR	RVY
RKS	SDY
MQ	SSW
LSF	TYW
NL	SDY
KG	DTY
NLK	SDY
NLI	SDY
GTK	YDN
GH	GNN
NLK	SDY
L	SYA
YRW	SYA
EK	GYS
KQW	DNF
VW	GYD
WY	WGD
E	SSA
SP	YMY
PP	SNY
KQH	GHW
SD	SSY
NDT	SYW
DR	DFY
LW	NTW
Q	FAS
KG	GYG
GTD	WGD
IG	PIF
QD	GYQ
AMQ	YGN
DGR	GDG
RI	GKT
AQ	GYG
RFT	STW
LD	SDL
SY	SGR
QTG	SYV
H	SYG
Q	FHS
DGT	WGD
WN	NSW
KKS	DYW
KT	DYY
N	GSG
HE	GYT
DQ	SSW
VY	SYY
IVT	PIF
QDK	GYQ
WLN	DYS
E	DYG
YEN	EYT
RG	SNN
LS	SDY
SLP	WSW
VI	IIF
NRK	DYY
MF	YAG
KY	SND
YKK	DYG
IP	DDF
QG	SSS
WND	NYY
TP	DDH
YH	SNY
FQ	IIF
GRW	TSG
SE	YGT
KDF	QSV
RLS	RDY
LK	SDA
RD	QLT
DG	RKF
RI	DHW
EKV	DYN
QVR	YDP
DG	GDG
Q	FSS
DG	WGD
KI	DLG
LW	NTW
GRI	SYW
KSS	TFS
MY	YGN
R	DYL
GQ	DYS
KRK	EDD
HN	DTY
RK	SDI
FDR	SYW
FIR	SYW
LPK	NYD
KN	SNL
EE	KNY
SLR	NTY
RR	YDT
D	SDS
AAK	RYW
KVG	SSN
HHQ	SSS
DR	YYS
GD	NYA
TV	KFG
KS	DSD
NW	NTW
AN	STA
QS	DYW
CS	EYY
QK	YSY
YK	STA
DDP	SFA
KH	FYW
QF	TYA
LD	SDF
RR	PDY
E	RSG
NRI	NYY
WKW	SNV
F	STA
ITT	PIF
QTD	GYQ
HQ	DYY
TA	KLA
GY	DIV
GHY	GNN
NKD	SDY
AF	SGA
G	GNN
LI	SDY
HE	WPS
R	GNN
IL	ASS
GHK	GNN
LND	SDY
RK	WGQ
F	HNY
TFT	GTA
RSN	YHW
L	SYA
EEI	SYW
CGR	SSN
G	DYA
GRE	AGR
QSM	SFW
DGD	NRS
G	GND
LNI	SDY
MT	WPP
GLG	DYV
SSG	AYS
Q	NFG
NL	SDY
QNS	SGF
RTT	EYY
WN	NSW
QR	FFS
GD	WGD
DR	YNS
RQ	DYG
E	VRS
EKI	SYA
LA	QDY
QSH	SFW
LEQ	VYG
LK	FHR
EW	TSG
SN	TYG
QIH	NYG
PE	STV
TEK	DYW
DTG	RVY
QR	FVS
G	GYG
GT	WGD
KEE	YTL
QGK	NVA
QLI	TDN
GLK	GNN
KLW	SDY
L	SYA
DN	SYW
QI	FWS
KG	GYG
GD	WGD
DQ	SSW
V	SYY
GEQ	NHW
SL	LET
DRR	DAN
PD	IYA
ELS	GYY
FRH	TYY
RGG	RVY
KT	STF
RPP	NYW
NK	SDF
NN	EIV
GGG	RRD
GF	DYY
RF	DYD
QS	SNS
HP	NNT
TDQ	THW
VLW	HIL
Q	SAS
RQH	YSY
R	TFT
VT	SYG
SVD	YNR
FVI	GNA
YLK	FFG
SD	SFW
KAR	GYT
DQG	RIY
QF	AMS
KKK	DDD
GK	GYY
DNT	RTF
NK	SDV
PLH	DKY
KRY	DSW
K	NKY
KE	DTY