SDY	KT
GYG	NEL
NYN	F
FWS	QR
WGD	DG
SYY	HF
SED	HA
NYG	LIT
SSW	SD
GDG	SSN
SYA	KI
QDY	IY
DIQ	ATN
DDW	KAN
SDY	NLK
SGY	MTN
FWS	Q
WGD	G
PMN	GL
GTD	QEK
SYW	APR
RVY	DVT
DYT	SPV
GNN	GK
SAY	WLK
SYW	RK
RYD	KLG
VSY	T
TYR	SIQ
RNY	DF
AYY	IV
GSG	RE
SYS	TN
GHY	PD
RRS	GG
GMS	FE
SYS	RE
SYW	AE
YDW	RD
GFW	PT
NFP	VS
NYC	F
FWS	NN
LGS	IGD
SYT	H
SGI	T
NYG	VD
LGS	D
AYE	R
LTS	LGR
DYY	CGS
TYW	YDS
NSG	DP
IWY	PP
GSY	HW
WST	N
SYT	YRW
TFS	QED
NSY	WED
SYA	DY
SYW	VDD
YIG	ETT
RVY	GVG
HYG	QH
DAW	QG
SDY	ET
DYS	SKN
RVY	DT
LGS	GD
NNY	QRS
SYT	PE
SYW	NKL
DYS	NTG
SDY	KL
SYN	RQP
FWS	QR
WGD	TG
DYG	N
YGN	KNL
DTY	SVE
DAN	KE
WSG	RE
GMS	F
RYA	TS
NYW	YD
LYS	RN
DSS	KQ
GYD	YW
FWS	QGR
GAG	KG
WGD	TG
NYG	FL
YYD	IN
YDS	F
SYW	SYK
SNS	DF
RIY	DG
YYD	IAN
HNY	WTR
DYH	NH
GSG	E
SYW	PLR
DPS	L
VYG	LDQ
STW	QL
SYW	KN
DYS	KKS
SYW	NSK
DSD	N
FYG	NL
AYN	LN
TYD	LW
GMS	F
SYG	LI
SHN	NGI
DNW	IKR
SYW	QE
DKY	IG
GNN	GHY
SAY	RLI
DYD	KRF
SYS	KQ
HYG	SIE
GSR	EE
SFD	R
SDY	NLK
VYS	NNK
DIQ	GN
RSW	HS
SYW	ERV
EIV	ETK
RLY	DAL
NHH	ADA
RSS	IGR
SYY	GR
NYA	GE
DYD	KG
GFH	QRI
DYY	APV
GSS	E
NNR	LT
NYG	LNT
NWW	EK
SYR	FQ
RNH	MNK
RLA	QL
DYG	KTS
SKY	TE
DYD	RF
YNR	PQI
SYA	MM
TAG	Q
SNY	D
WIN	Q
NSF	FFF
SYW	QP
NED	RK
SDY	LKD
SYW	YSL
YIN	PL
TYY	LKP
SSR	QKC
RFW	DNK
DIQ	ENN
TYG	R
YYY	RY
GSK	TS
SYT	TTY
YDD	QR
RNA	FP
SYW	KND
SSW	TG
WYR	RY
GDS	R
YRS	SN
NSN	GK
DFA	GD
AGR	VR
YYD	NAN
NSY	RF
YNR	DR
DTY	EQ
DPA	K
DTY	TK
FWS	QGR
GYG	KG
WGD	DT
YSY	APT
NYL	PF
SYY	SV
DNY	K
EYY	SGS
VTD	LTK
RND	ERV
SYY	W
TNY	TKS
SYW	SS
SYT	ETA
EYD	DF
PMN	L
TFS	ED
GRF	DT
DTY	ER
NSG	KTQ
GNN	GK
SDY	WLS
SYY	RR
NYW	K
SEW	WK
NYR	QND
DYY	PKM
DLH	KTN
DTY	KE
DYG	TKG
TYA	H
SYW	ELN
GWD	EV
SNN	GKY
SDY	RLI
HNY	TLG
TYW	QRE
SYW	QE
SYW	HVF
DDF	R
WPP	AT
SGG	PR
YGD	QPK
DDY	K
SDY	NNI
YST	NGD
GYA	N
RVY	DT
SNE	DK
EYI	TKG
YSY	E
RVY	DVR
SDY	RKS
SSW	MQ
TYW	LSF
SDY	NL
DTY	KG
SDY	NLK
SDY	NLI
YDN	GTK
GNN	GH
SDY	NLK
SYA	L
SYA	YRW
GYS	EK
DNF	KQW
GYD	VW
WGD	WY
SSA	E
YMY	SP
SNY	PP
GHW	KQH
SSY	SD
SYW	NDT
DFY	DR
NTW	LW
FAS	Q
GYG	KG
WGD	GTD
PIF	IG
GYQ	QD
YGN	AMQ
GDG	DGR
GKT	RI
GYG	AQ
STW	RFT
SDL	LD
SGR	SY
SYV	QTG
SYG	H
FHS	Q
WGD	DGT
NSW	WN
DYW	KKS
DYY	KT
GSG	N
GYT	HE
SSW	DQ
SYY	VY
PIF	IVT
GYQ	QDK
DYS	WLN
DYG	E
EYT	YEN
SNN	RG
SDY	LS
WSW	SLP
IIF	VI
DYY	NRK
YAG	MF
SND	KY
DYG	YKK
DDF	IP
SSS	QG
NYY	WND
DDH	TP
SNY	YH
IIF	FQ
TSG	GRW
YGT	SE
QSV	KDF
RDY	RLS
SDA	LK
QLT	RD
RKF	DG
DHW	RI
DYN	EKV
YDP	QVR
GDG	DG
FSS	Q
WGD	DG
DLG	KI
NTW	LW
SYW	GRI
TFS	KSS
YGN	MY
DYL	R
DYS	GQ
EDD	KRK
DTY	HN
SDI	RK
SYW	FDR
SYW	FIR
NYD	LPK
SNL	KN
KNY	EE
NTY	SLR
YDT	RR
SDS	D
RYW	AAK
SSN	KVG
SSS	HHQ
YYS	DR
NYA	GD
KFG	TV
DSD	KS
NTW	NW
STA	AN
DYW	QS
EYY	CS
YSY	QK
STA	YK
SFA	DDP
FYW	KH
TYA	QF
SDF	LD
PDY	RR
RSG	E
NYY	NRI
SNV	WKW
STA	F
PIF	ITT
GYQ	QTD
DYY	HQ
KLA	TA
DIV	GY
GNN	GHY
SDY	NKD
SGA	AF
GNN	G
SDY	LI
WPS	HE
GNN	R
ASS	IL
GNN	GHK
SDY	LND
WGQ	RK
HNY	F
GTA	TFT
YHW	RSN
SYA	L
SYW	EEI
SSN	CGR
DYA	G
AGR	GRE
SFW	QSM
NRS	DGD
GND	G
SDY	LNI
WPP	MT
DYV	GLG
AYS	SSG
NFG	Q
SDY	NL
SGF	QNS
EYY	RTT
NSW	WN
FFS	QR
WGD	GD
YNS	DR
DYG	RQ
VRS	E
SYA	EKI
QDY	LA
SFW	QSH
VYG	LEQ
FHR	LK
TSG	EW
TYG	SN
NYG	QIH
STV	PE
DYW	TEK
RVY	DTG
FVS	QR
GYG	G
WGD	GT
YTL	KEE
NVA	QGK
TDN	QLI
GNN	GLK
SDY	KLW
SYA	L
SYW	DN
FWS	QI
GYG	KG
WGD	GD
SSW	DQ
SYY	V
NHW	GEQ
LET	SL
DAN	DRR
IYA	PD
GYY	ELS
TYY	FRH
RVY	RGG
STF	KT
NYW	RPP
SDF	NK
EIV	NN
RRD	GGG
DYY	GF
DYD	RF
SNS	QS
NNT	HP
THW	TDQ
HIL	VLW
SAS	Q
YSY	RQH
TFT	R
SYG	VT
YNR	SVD
GNA	FVI
FFG	YLK
SFW	SD
GYT	KAR
RIY	DQG
AMS	QF
DDD	KKK
GYY	GK
RTF	DNT
SDV	NK
DKY	PLH
DSW	KRY
NKY	K
DTY	KE