DY	RL
YQS	RN
GHFY	NKG
TS	PK
AY	PK
SGGSY	GTKD
T	P
DYGDYVGR	YKYLFKG
SDY	KT
K	L
FQ	Y
GHGFR	TETE
S	N
GYG	NEL
W	T
TITSGGTYY	TLQNEME
SLAGN	LTYET
SGYY	GMKA
Y	R
LNES	FR
GYST	LGF
GY	RL
NYN	F
DYYDSTY	SRGWF
HDYN	RMSI
LY	AS
ANE	MA
QTNEDY	SIR
F	Y
DDFH	YRI
R	I
YGVA	NAS
HSNY	REHD
GSRVPL	HFAED
R	D
W	F
HYWDDRP	FDRD
RRYEN	HGDS
WNP	NEA
NH	SA
W	A
AIYNDTS	PSNKE
SYW	NSS
Y	S
Y	G
YT	N
FWS	QR
T	K
GY	GK
WGD	DG
RDYR	YTN
SVSYY	SVI
R	W
GY	S
YHSY	IKPE
SYY	HF
WYSNTE	TAGNV
SED	HA
YDYH	VAF
FLY	FL
KF	L
SSTVW	FAE
VF	K
RYSMS	DLF
QNSS	FED
AS	FF
GDY	FLK
NN	K
WDF	KL
S	Q
TAH	QVL
IISYKKY	FL
SIAAAR	VQRL
SN	K
WDW	RK
FTS	ER
SYSMN	HER
SISSSSSYY	RDELV
R	E
QGAW	RFQ
S	P
Y	F
SF	F
QSNRAA	LNW
N	S
GTYH	SPT
W	T
YPAGGATYYK	SRYRWR
WWAWP	LVFS
Y	D
WSTI	NGD
HYSPW	KID
T	T
NYG	LIT
WNTNE	TK
EDNFSL	INTWKI
SSH	YTS
Y	R
IY	SR
SG	W
WSTF	KSKK
Y	R
DW	D
YYIN	DKK
YDGS	SRSK
W	K
GQSF	ANK
TT	GN
SSW	SD
EHNH	TDS
YGY	DST
VNH	YHE
L	E
SGY	Y
WSGNPW	HQR
S	Y
RT	YS
W	R
TSGGHYY	NYQR
N	Y
GDG	SSN
Y	L
RSNW	AEH
TY	AG
IIFKH	SRYEQ
SGSPF	DAASH
GTWL	EQD
Y	K
ATSLAD	QKN
S	N
FL	LW
PKGYFPYDY	QIHVDT
Y	L
SFLYS	HTYL
G	R
EVFSG	RFE
KS	EF
H	E
R	F
RLALVRWY	ELDR
SR	DS
SDST	RAS
RYYDSTYYPDS	RWGGKADRY
GYNY	QDH
YDIH	TH
S	A
SAY	AV
HYSNY	VDP
RLRTRN	HLFTC
VSTA	Y
S	Y
HYSTPW	YIIQ
SYA	KI
W	I
TISSGGSYTSYK	IFWDE
QDY	IY
QY	T
YEF	NTA
W	G
WKRWGAVSYARQQ	NAGIGDGE
R	D
ARDYYNW	KKKNA
QVISNY	HHPL
D	K
YENL	QIHQ
SY	HN
YSGAS	PSQ
GTFYYYF	NAIPKQ
SS	R
R	R
YY	EH
DIQ	ATN
FEE	TGA
I	G
F	A
W	G
WNRHGAVNYPRRQ	NGDIGSDGNR
R	D
DDW	KAN
QGDN	NGH
K	N
YQ	YN
SNSWY	YNRS
T	L
SDY	NLK
YSYSGSY	DGNR
N	N
WD	SK
D	P
D	R
Y	R
SNRWPF	TAGI
T	Y
SWH	YYR
EISYRNE	GYRP
ERGDG	RYPT
YSF	R
NK	G
TGLH	QLR
YTYY	RLTT
EYYYT	RLG
Y	I
RLHA	QPQ
EVGYS	SVTD
SGY	MTN
R	N
EYYSVTDY	NAKDS
EI	DE
QY	EE
Y	K
Q	K
SLSASY	WEDR
SGGYY	FKMV
YYSNY	RVDN
LDGYT	VRNK
RN	T
YNNWW	NTN
N	G
Y	K
YANGRPDYAGR	ADGIGAGS
RK	DT
GTAGSLL	KNTAT
HY	RQ
Y	N
YT	AN
FWS	Q
T	G
GY	K
WGD	G
RDYR	NVAG
YY	L
YDCNCH	ELPL
PMN	GL
W	L
GIGSNW	LE
GLYNYT	GLL
RSQ	EH
GTD	QEK
GS	R
F	R
SNDY	RT
SYW	APR
MHER	TALG
LPGGT	RPG
V	N
Y	S
YEF	NGG
I	V
D	R
W	N
WKRGGAVNYARPQ	NAGIDGGSTD
RVY	DVT
DYNW	KKAN
NF	VI
YDKLP	PW
Y	D
YSYTN	EL
FWG	YW
NYF	GSP
SKEVL	WS
T	G
TSSGGNY	WSGGP
LYY	PD
Y	H
SYY	SKH
Y	D
TT	TS
DYT	SPV
NPNSGSIYQ	VHTFT
VRSKR	HGKQL
LGPSYD	HNKL
GNN	GK
K	N
YQ	KN
SNSWY	YGRS
T	R
SAY	WLK
YSYSGSY	RGWD
WD	KK
EKYY	IQR
E	R
R	P
TGGTFF	FY
S	R
SYW	RK
W	F
FYDDR	FRK
LANRGGG	IR
YNKY	VA
Y	K
WS	NK
TI	H
NY	P
SSSSY	DQ
PRATYS	DKGI
QY	DT
Y	Q
FSKLY	PPG
AS	LK
RYD	KLG
SGY	KP
GLLYY	ALL
Y	L
Y	G
T	R
SLYA	RVF
YINY	GYA
TRDTSKF	YLLY
GVDYF	FGL
Y	H
F	H
S	I
DY	IQ
FVFFLPY	QHK
Y	D
VSY	T
T	F
TYR	SIQ
YPGNDTT	STFNNR
T	T
EGIPQL	IGD
HDYE	WG
FGSVP	WL
TA	LN
W	W
TISSGGSYTY	FENL
HPPTVGDAM	WNLL
Y	N
Y	D
DK	TP
EVGSR	HAT
RNY	DF
YSGS	TA
R	H
TVWYYTSTYDH	VPQNPH
AGYDVH	VNR
QSYDRSSG	RNN
Y	G
YGGSY	NGYN
EGRGD	KRG
QY	NI
D	K
YGSTL	INS
GDY	QHV
YYYSSTD	SVLQEK
IFGVG	SLKI
H	I
YLR	IGS
YIS	IY
QSF	I
VY	H
YWN	HPI
ME	IK
T	I
HFDY	IISA
YYN	VV
RY	V
Q	V
LQGTHYPV	GVG
YY	I
AYY	IV
RK	V
LYSL	GVVI
SVSSTY	PMTEHV
Y	Q
GASSRT	ERQNS
GSG	RE
YGSSR	EVI
T	T
SYS	TN
W	I
R	Y
DPIAAY	ELQY
SYYSGKNL	LESHER
SG	E
GIY	ER
H	E
YYNSGTD	EESR
RDYGTY	EKV
I	H
Y	F
HIGLR	HAT
GHY	PD
W	A
EKSPNYHPK	PPDKAYA
NWPYL	PPFP
DQ	KE
RD	KN
QYET	TNE
P	K
FH	A
W	N
WNTNGAVNYAWY	NNGGISDGNG
RRS	GG
RSEW	KD
V	M
SIEW	MR
HAGYS	MLGPA
YD	CA
DN	TS
Y	L
F	G
T	R
NNYA	RVF
YNY	AFE
GYDYF	FGLA
DIGNY	RPV
Y	N
YR	QW
GY	R
GGTNW	VPE
T	S
TG	SH
WGDN	ESDA
NYYG	HVV
DDYN	RD
WQGTHFR	DAR
GMS	FE
W	E
SIRY	EF
YGSS	FRD
SS	DD
SYS	RE
YYTSYK	HDR
YWRW	DDE
YY	MP
YTSSS	PP
ST	S
SYW	AE
WSYNN	PRSH
EGDG	PCH
SSH	YTS
Y	R
IY	SR
SG	RW
WSTF	KKK
YDW	RD
YYIN	KHK
YDGS	GSS
YH	FI
FLY	IF
KF	F
TY	M
F	M
NYAN	TYM
IW	M
FSYTT	T
TR	M
EGD	FM
LY	IS
TLHS	SID
TT	PE
GFW	PT
GN	LC
KSR	RQT
YSNVD	CWDI
D	K
YSTNQY	PKSDNG
YYSYR	GPSS
T	Q
SYVH	QNS
YNYNGTDK	SNLSPGT
ENYATA	SNQQG
TTIF	NLE
I	Y
WS	TP
T	V
LNNGGTS	IVNT
RYGR	YVTE
NGY	II
YPYV	AGG
WS	RP
W	G
NY	RP
EYDLEYYYDYYM	PRKIHI
NGSYY	KKDA
ED	KK
N	K
YDDF	TKN
QRSKY	TSD
YPFY	TKDN
GYY	QHA
YIH	TA
SSS	A
GAY	AFV
HSNY	PT
RLRTRN	FLETDH
HNY	H
GTWW	HF
S	R
DYDMS	RF
W	F
GILGGERY	FDRT
HSPGYT	SGP
TSSYY	MARSL
YSN	RF
SWGIR	RSQD
I	D
NDYITNK	DHREF
WISDFD	DHRR
DGIS	NLWL
N	W
S	L
HNSAY	NLQA
DF	Q
RNNYQY	AQNRT
ESYYG	NQW
Q	V
NFP	VS
SDGGNY	EDS
DSYF	IG
NNEDP	GR
NYC	F
RCYES	RF
EHMYT	RGFP
Y	V
S	P
G	G
QVGYSS	FDSP
TY	PI
LSN	PK
NR	KI
TRWFY	IPF
ASDY	KDK
ED	KK
YSW	VLF
RT	D
SW	DY
IYGDDK	FDKL
LYYHDSSGYY	FYHKV
QSLYKSKY	QPTVNIH
G	D
YYSIR	HTS
ADDYD	GSSP
I	S
SGNHY	SGN
FWS	NN
KS	GY
SW	YN
EFSNN	NQS
RFYSYGYY	EYIVSNN
DV	H
LY	HT
YIRYT	DEM
GR	K
EVQLSGFKK	FMPNIKN
DTSH	YFD
RD	D
SSNL	KIF
SHF	YFL
LGS	IGD
F	G
SRSG	DA
YGMFE	IRH
Y	T
YEF	NAG
I	G
W	G
WKRLGAVSYARQQ	NTWNDIGRGGS
R	D
ARDYYNW	KNKKNA
TSYF	TICC
Y	Q
L	P
SRELW	IGPV
SYT	H
YNY	ISH
HRGN	HQPP
TSSY	RE
SWEIP	RNR
SGI	T
WWSASKYYK	NWLPEGG
YGGY	SET
VHSNY	ESD
GSHVL	HEAF
W	F
HWWDDS	FR
RHTD	HD
NY	VG
HSYSSGI	MVP
NYG	VD
W	P
SISAGDKY	GD
TSRVYF	AVDAM
D	E
DSIGK	ELQ
GN	Q
LGSYF	KFK
DD	RK
N	K
FTHNSV	FPK
W	P
YLYYDK	FIK
WYGG	FR
WS	SY
WNGS	PTH
HY	G
ND	NK
YDEFL	EDK
TT	KF
DNH	KE
YYYNG	MWYL
RYRYDF	EAWHE
LGS	D
F	G
SR	D
YGVSFE	IRI
SVSSY	RYH
D	Y
RSNWY	HNG
AYE	R
GPSF	YD
ENDA	HEHR
Y	N
YANYW	NEF
T	N
WNTHSGV	FENYLD
LTS	LGR
IYGNNV	FNL
NRTYT	DPNR
YLY	RT
W	T
QNYNYL	RLLT
K	V
DYH	VQE
RDPNYTK	ETVE
D	R
YSYDD	RAK
RR	WF
D	K
NW	KW
RTGESD	FGW
KYYDFWSGYPPGE	WWKITF
VHSNY	EH
ASLVL	FA
W	F
HYWDDR	FDRE
RRYEN	HS
F	L
LN	SL
HWNYL	IP
DD	RF
WGGGSY	IES
DGHET	SSYH
ESDSYGHSF	STNHDRD
GS	R
GNEVF	THNI
DYY	SLT
SDGGSYTY	EKLRT
YYD	TH
W	S
Y	K
DTDYN	KD
RGHFYGSGW	IKSINIIN
NK	VT
LI	LI
WMV	ITL
Y	I
DYY	CGS
K	C
R	K
DDGYYDRYYVD	SIGIWL
SGNKY	ESDR
Y	R
WT	R
DYTYL	KD
TI	T
TYW	YDS
LPGSS	SLTR
SGYYGN	KKVF
HNKYE	APDR
YY	RD
RK	D
FGSVW	RPP
S	R
W	P
YNNY	AP
QYYGF	ART
LLIY	KA
NRAT	KPL
ITS	ESD
NSG	DP
IWY	PP
NDDY	PDKL
YL	R
R	D
TT	QA
NYGN	AGR
ER	R
EGGN	RDNR
RY	Y
YRYSR	LYFC
NYAH	DSLE
W	L
GISRSGDID	LEKERK
GGFGS	EC
Y	H
GNTLPR	HPAA
YYKK	APY
GSY	HW
LGDKY	KQ
QD	QK
N	K
WN	FA
V	F
GFIFTAM	FL
PLSRGY	LQYF
WST	N
N	K
DI	K
YGNF	LKFE
VHSNY	ERDH
SSHVL	FE
W	F
HWWDDY	FR
RTD	HDR
DSY	KN
LY	KI
YRLHS	SEQK
GNTLR	SW
SYT	YRW
TSSGGSYY	WEL
DGNDD	WYVK
SY	EQ
SVMIM	YQI
TS	Q
TFS	QED
YSRTSKTY	IDSS
GRFD	DQPE
NSY	WED
TS	D
SYA	DY
IIFTS	DYSGD
K	F
VGCTSCNR	RWDGE
SNTH	QYE
LY	MR
SQ	R
WD	AQ
TS	HW
SY	E
ITFN	PPA
EQ	EY
GPIVGAPDY	YMYAYR
HNY	KV
HLEYY	KG
YT	D
SYW	VDD
RDTIY	SSEH
R	D
YLKYDGSTYR	KIGLTQV
YS	Y
Y	V
TY	YP
S	E
YYSRP	RLV
Y	G
YRQY	GIDV
YNYDD	GRVD
YDY	R
PLQSY	RGPF
Y	H
W	P
VYDSF	PHY
DYGSD	RGY
SYGYTY	YHGPN
MVYPH	LLHY
Y	P
SYSSL	FPA
DYAN	LF
YY	GL
GGTGF	LDF
HDNY	MHN
K	H
TTHVP	NW
NYWE	MAW
W	W
ERLH	WM
GGAVGA	MHN
VHNNY	QR
NTLVW	S
S	R
D	R
FSDLAYTY	QDPRQ
DWDA	R
YIG	ETT
QITRH	TN
LE	TN
V	V
L	A
W	G
WRGGGVNYARQQ	TWDIGNRGD
RVY	GVG
RRHCNADCFNW	REHAN
RD	E
NKQTL	EE
NH	E
RK	E
RG	EA
RR	WF
NW	SW
RTPGESD	FSN
KYYFWSGYPPGEE	SWRIWFT
AGYS	EKFE
Y	P
S	N
KS	EQ
YSS	PE
S	Q
SGSY	RIKN
HGSH	YQD
T	Q
LLTTV	YIIKE
HNNY	FHD
GSHVL	HF
W	F
HWWDDS	FR
RHTD	HDR
SVW	Q
T	Q
HYG	QH
W	H
WINTYTT	QQIH
YPYYYGTSHW	HIGEEYQ
Y	R
IYNMPI	RHYF
SYAMS	ADF
W	Y
AINARTYYADK	FAGYE
GKGYVF	DRF
SYY	EQT
LY	P
SN	QQ
RYR	LG
T	R
DAW	QG
ERSVN	GSQG
WSL	QTP
SDY	ET
K	L
YH	L
SG	E
GHSW	H
T	C
GNGNYDLY	SCDNHV
NY	AT
LH	AS
YTLQP	LDS
YDLR	TKTS
T	S
DYS	SKN
WINTE	TN
R	N
NRNKY	YRS
W	Q
S	P
SY	PT
WSGGN	SIRQ
VGIYYEGA	TVA
E	N
RN	T
YNNWW	NNTG
N	G
Y	K
SGGRTDYAG	DIGGSDAG
RK	GG
GTAGSLL	KLNETN
FEF	TGA
S	T
F	A
W	N
WNQWGQVNYARTQ	NGNGISDGEAR
RVY	DT
DEW	KN
DNY	NSP
SFSYP	RG
S	D
DS	KR
W	R
VWDTNQQG	RKPEGVPS
ERS	DR
DRLF	RLP
LGS	GD
F	I
SRRPT	NV
YGVAFKE	IRHTI
NNY	QRS
Y	L
DASK	RL
YLQY	DPCP
SYT	PE
WKRWAAH	CHGCPS
GSFW	DN
YY	K
T	N
NYGMN	VNK
WINTY	KNN
DYGSTYPY	KV
N	S
YNSYY	SGY
S	N
SYW	NKL
ELEIGMTN	KLLSGSYT
DYS	NTG
QGNN	NGRK
AQ	NT
SNSWY	RGS
T	R
SDY	KL
YSYSGSY	DGWN
W	R
YNKY	LFP
W	Q
YYRTP	QLPE
W	E
RK	E
VNHITI	PQE
R	D
TN	TI
N	D
IF	VI
IF	V
NYYY	KD
TYY	QNN
SWEIY	NF
S	S
DYY	KNY
TDGSYY	YSNN
DNGKDGGD	YKCSKN
Y	E
Y	K
LSN	VKF
SN	FE
QT	DQ
SYN	RQP
YN	RG
R	E
ELGALR	PEVWF
E	N
Q	T
YEF	NGA
Q	G
W	N
WKRWGAVNYARQQ	NAWIDGSDGE
R	D
ARDYYNW	KEKA
HY	LQ
Y	G
ST	N
FWS	QR
T	K
GY	GK
WGD	TG
RDYR	GVQN
RY	YY
YRYSR	AFL
NYAH	DCL
W	L
GISRSGDID	LCDEYNK
GGVGS	EA
SDVY	KG
Y	S
ERRPS	YR
WW	GS
QVVSGIS	TREH
DYG	N
IGHGTD	RN
KSR	EK
HFYTYDV	NIKKSK
I	R
ESDSYNF	RYT
R	T
SNEDL	GD
TS	HD
W	D
TSSYY	HL
RAFDSD	LVTT
YGN	KNL
LY	KF
RSLES	VKKK
GFK	DK
DTY	SVE
DAN	KE
R	Q
DYEGAY	KEVQ
TYTID	VGRP
YE	R
R	T
VGDTQFY	RRP
SYGH	EP
WSG	RE
YYRY	PYE
DSDYN	RHD
WQGTHFPR	DARHE
GMS	F
W	E
SIRSY	F
YHGSS	AFRD
TVSFHYH	VTNLL
LY	YQ
ASNLAS	QFY
GS	N
YS	DV
RYA	TS
R	Y
ETYD	SWLY
HDYY	EIW
NVELR	WLY
NYW	YD
ERL	YY
PMD	WK
RN	KE
Y	T
LYS	RN
WV	EY
VGFNS	NFM
VY	DN
YYSYY	IPEK
R	E
YVYHY	EDHE
DSS	KQ
F	A
ASS	QA
WSIG	INKK
S	K
SYGGGNYK	QKQN
RDCLLCAD	YKYQQI
WNP	NPA
W	A
AIYDTSY	PSKE
VYW	NE
SRFS	GEFR
S	G
I	Y
GYD	YW
WGDG	WK
N	Y
YYYG	FSC
Y	Q
Y	G
YT	N
FWS	QGR
T	K
GAG	KG
WGD	TG
RDYR	NNQG
HYSTF	Y
T	F
NYG	FL
WNTYT	FYF
YY	RL
YNF	L
NNVDW	WSG
Y	N
YYTYR	NI
ITY	WL
QSNY	PDTN
Y	T
DFTL	NGNA
YGNDTS	TNSKA
YYD	IN
S	Q
WY	PS
YSYTD	HPR
EFNRWY	HPKEP
ASYY	KCR
ED	RK
YDS	F
RYRSKFD	MCP
VFY	MG
LGDKYV	KQ
D	K
N	K
WDSSA	YH
VI	LF
W	F
GFIFTAM	FLLA
LSRGY	LGFQ
Y	W
GYTL	RGSL
T	Y
SYW	SYK
EDSDYNY	KYHRIN
YYGTSY	RDLR
NN	R
Y	L
YY	LE
YN	RK
T	M
SNS	DF
WGDD	FMD
LIGSWY	FIE
DI	AT
QS	TN
FQW	NG
T	G
H	A
W	N
LKVFGAVNYARQQ	NTGWIGSDGGTG
RIY	DG
DDLKW	KN
W	W
K	D
YADYW	NWKNV
D	N
TADYK	WRNT
YPTGHY	PPDWD
QSY	PTD
Y	T
DFTL	NNG
YGNDTS	NTSKS
YYD	IAN
HNY	WTR
Y	S
ND	SE
FWSTR	KNGLD
VGYTT	HQ
SYWH	RHTL
W	L
DNS	SNL
DDGYRY	KRRSH
DR	KD
WSSSD	RPIG
T	N
DYH	NH
WHNSDN	ALGHR
RSVDYYYY	VSSYDTA
NRY	DLS
Y	K
FIE	SLK
H	S
IT	WN
DYSV	WN
WINTE	N
L	L
GWL	LKW
SSSA	DVL
Y	G
SASS	AQEG
GSG	E
YF	DL
Y	E
SWSYA	EGGD
S	S
QSNRAPA	LNY
N	S
GTYH	SVT
W	T
YPAGGATYK	SRYKIRD
WAWP	YFN
SYGY	RR
T	T
SYW	PLR
DPS	L
GGYDGW	RLRHR
V	N
Q	T
YEF	NNN
I	G
Y	G
W	G
WNRGGQVNYSRQ	AGNIDGGTDGNN
R	D
RDPKW	KKNA
HNYY	AE
R	E
MLEHL	ATLQ
YN	LQ
W	T
TSYV	QET
SIGS	PK
K	S
Y	E
SSSLF	ENPK
T	Q
VYG	LDQ
WYDDNY	GVKP
R	E
DLRTG	QVMK
VGYH	DK
D	K
GSGYF	N
AG	SL
WWDK	NSD
IFNFY	KKN
NY	QY
LY	KP
VNET	QNKQ
YD	PK
VL	K
ETALVVSTTYHYD	PKNEILD
SY	NN
Y	D
RN	PD
YHSY	LEN
YA	IL
SSTGDH	LQV
NRGW	DDLV
NRNKY	Y
W	Q
S	I
SY	IT
SGGN	SR
YEGA	TL
Y	P
YS	P
YY	PP
EVGFN	IT
SS	TT
YY	EN
R	G
YYYWYSDY	TPPQPGI
GD	SS
Y	K
GNSNR	EKN
SG	N
N	K
SYDGGGHYLW	KIWQGPG
A	G
Y	W
QYNSYP	WF
ETH	QLG
W	W
GIDNGTN	LTF
RYAL	GW
STW	QL
K	D
H	S
P	E
YDSGYDYVAVAGPA	FEFPRAVR
N	S
YNSYY	GST
S	N
SYW	KN
ELEIGMTN	KNSEGLY
DYS	KKS
DDKYN	KSKD
RY	K
LKDS	SEKE
GTY	K
TT	EE
SYW	NSK
DSD	N
R	E
GGTY	DK
Y	S
DPQDG	RY
SEFEPF	QTLRYL
NNY	Q
W	Q
DYSYL	VVA
F	A
RD	AA
RLYSYY	VLRQ
YY	PI
YYNPW	IPI
S	S
RYGH	TI
VMSYTY	IGDI
GGAAAAV	TN
Y	D
SYSYL	AP
DYAN	LF
YSY	FGL
GGTGF	FQ
FDGAF	PRH
SHEDL	GRG
YH	IR
YHSGTN	F
EYQAYYY	RHR
FIYSS	KNER
Y	T
ATNLAD	RKSR
S	Q
FYG	NL
EDST	PELN
AYN	LN
NPYY	NG
NYYDGGSRYY	ETVRLNQP
Y	R
Y	R
GNTLF	WR
TYD	LW
YSYSSN	EVSTW
ATAFYDGSY	LVYERW
HNKY	DK
K	D
SY	KT
L	T
VNSGTD	TS
DFYDYD	NK
Y	E
KNNIRPS	YHEE
ALGATS	KEQE
Y	E
R	E
RRWD	KQE
DDYN	RD
WGTHFR	DRAE
GMS	F
W	E
SIRRY	EFH
YGSS	RD
TYTE	SQR
D	R
KQ	RS
VGDTF	QF
SYG	LI
TISSGGSYY	LAEIF
QTTMTY	LIR
YNF	HL
NNVDW	WSGNN
Y	I
YYTY	GIN
ITY	WL
NSGNKY	IREK
DYSYY	KED
Y	M
WYTGSPSYQ	LMTNRN
HYYN	KYED
ASNY	KR
ED	VK
YSW	VL
W	F
IYDDR	FAKL
LYYYDSGYY	FKHQK
TD	K
S	K
EY	IK
S	H
GDWH	QFK
ESAGYTD	KQFHAI
ESRVSFEA	KGQ
SHN	NGI
GASTR	NILD
SGSGSDTS	KNTN
SNWP	QIK
YD	Q
VFGIFPPW	WTHGDL
AGYDVH	VRR
QSYSS	RN
Y	K
YGGSY	NGY
EGPGD	KGTN
SSGSNY	IFDR
Y	D
DKRPS	SRDE
K	K
WDSRLG	FIFYK
ST	KE
DNW	IKR
YGDDR	RISFE
K	I
DWNYNPRY	RKHER
KSVS	QNY
T	Q
KREY	TIRE
SYW	QE
NYSRN	ENG
WVYND	QAT
HNNY	L
GSHV	LF
YH	GL
WYGNN	FGNTA
DDYDGAW	W
DKY	IG
WDSTLG	IITY
NW	NI
W	Y
IYDDDSY	IKNTY
LFEGDYSGS	IRHF
GNN	GHY
K	N
YQ	NT
SNSWY	YDNRS
T	L
SAY	RLI
YSYSGSY	RDWNS
WA	YK
KY	EE
HN	R
Y	L
WWDVR	R
DYD	KRF
Y	L
FANSGP	LF
SYSS	SEF
W	L
VISYNKY	AKSEKL
DRF	F
S	K
SASS	GG
SYS	KQ
YYYSS	KIKL
ESSYFYYDE	KQIFRKK
DY	R
GTHFL	RT
DYSH	GGT
W	L
WET	TGL
ATTATE	GRT
QNNF	DY
DYTYL	KQYR
WH	QD
EDDYINYE	DKLKR
TLLAP	DQK
LS	T
YS	R
TS	SS
SY	QT
SSSYISY	SARQH
NAR	KDG
YFWSAYYDAD	GNGRFLT
LY	LQ
AN	Q
S	E
HYG	SIE
GSR	EE
RSEFYYYTYYYAD	ILLKEQ
TDF	SSV
AT	F
TYNHY	NVEVG
SFD	R
TNYY	GRP
TAAQPY	RRGN
QIGNN	NGKK
K	N
YQ	KT
ANSWY	YRNS
T	R
SDY	NLK
YSYSGSY	SRDG
N	N
WD	YN
EI	VR
QSVY	RD
YEF	RV
T	R
Y	G
W	G
WNNSGGTNYAQQ	TDRGGGSDGI
R	D
SDYNW	KDA
YS	H
N	H
YWNTF	AAR
VYS	NNK
WGSE	K
DGLNYGS	NNVHAN
DIQ	GN
RID	NTN
QYET	TNAN
F	A
PFH	KGA
W	A
WNTNGAVNYAWY	TGGIGGRGGN
RRM	DQ
REW	KAN
HSGNY	PSKD
K	D
GSIF	PG
T	Q
TYGS	HSG
W	G
WINTY	SQ
RSW	HS
SY	QS
NRAP	PY
EVGYTT	RER
SYW	ERV
DN	VR
R	R
WYYGTYY	GAGPY
EIV	ETK
QD	TN
YET	TGK
F	K
T	A
VQ	A
RPEW	KD
WKERGAVSYAPQQ	AIRGITSGGD
RLY	DAL
RDSW	DKNN
NRTY	VP
AYIPL	VYGGV
T	G
DFSMH	PQV
W	V
WVNTET	QG
FLQ	IPV
NYE	ER
Y	R
K	E
FGVW	RP
K	K
DYYH	KT
W	P
WDEDA	PKT
N	R
RGGMIF	KPA
YNF	RYQ
RS	RE
G	E
QGYTT	SLEIA
NHH	ADA
YIYY	RA
RSS	IGR
NYGA	QHA
S	G
SYY	GR
YYSS	HE
SFTVDIH	RLVSYG
YEF	NGI
I	Q
D	R
W	C
WKRGGAVNYCRQ	AGIQIGRCGR
RY	DS
TY	KV
IRER	VK
K	K
DYYY	KEG
WDEE	GKK
GVITM	VKEP
HNY	PL
K	D
STF	L
VGST	PL
NYA	GE
RRSN	LGE
T	P
YGNHY	EPE
Y	V
FS	VP
GE	RP
QVGYTT	FDKD
TY	DD
DYD	KG
R	D
LQITTIIDY	IITIFVDF
Y	E
DK	H
YYGYY	EI
LY	P
EK	PK
QS	RA
GFH	QRI
YY	YF
R	R
DFGEYHYFDL	IIASPR
RSNWI	WS
W	W
VWFDNY	LRQI
LFI	RIW
YAY	RP
Y	K
N	K
SN	R
SW	W
YDD	K
YYDY	SKHP
VHSNY	EFH
GSHVL	HFE
W	F
HYWDDR	FRE
RIID	FH
D	D
NGNY	AND
W	D
YSYPY	MSED
T	P
DYY	APV
DIFYQ	RSA
SHLLRAS	ANDE
GSS	E
GTFN	KE
IGLDTPNYQ	RWASYE
EERWRPT	RKY
NNR	LT
W	E
GASWF	ATL
DW	VD
IYDDR	LK
GRFAH	YTKT
Y	R
WSTHI	NN
HYSPW	AKD
T	L
NYG	LNT
WNTNEE	TLKK
GEDNFSL	NISTEI
HYGNF	TAK
Y	M
LN	M
NNEDY	TVG
NWW	EK
RVNK	GEK
WFFPW	QAM
TASNY	KRE
DIGD	ES
TS	QF
SYR	FQ
SAGGGSY	QMEK
RAGW	QR
YSNYN	GFDND
R	D
QGTHFPY	QSD
YYY	DEQ
YSNYKY	QVYD
R	D
DY	D
Y	D
AH	TE
MS	RN
SY	R
YD	TN
DSGYSGPESYHY	RQTGGKSTT
FG	S
ESY	Q
MVVSAGWERAD	KSLSGSTQ
RNH	MNK
Y	H
DDLP	AKQ
N	L
RLA	QL
MIFDIN	QKQ
ASYSSSSPY	WHTVKQ
GYY	QH
YS	HT
SGGYF	APFC
YYINY	FDP
RLRGN	TPA
NK	D
YGQSLS	NF
TYALS	KTWF
W	F
GVILLITN	WLIF
EGKPGF	FW
Q	N
FEF	NG
R	T
E	N
W	G
WKMWGAVNYARQ	ANDGSRGRG
RP	DG
HDF	EKN
SY	T
YR	GD
GNTLY	LTP
T	K
DYG	KTS
IISTYSGDASYQ	TQSKNP
SSTWY	TG
EDNYN	SNQL
LY	L
SNE	QL
MTTHAP	LNGW
Y	W
W	W
STGRFY	WHN
R	I
MD	IL
DV	KH
LY	HE
YIRYT	KDEL
GR	KD
EVQLSGFKK	TEPNMNN
DTSH	NYD
RD	D
SNL	KP
SHF	YHM
YNF	WL
NNVDW	WGNS
Y	L
YYTY	GIN
ITY	WQ
ERWF	IED
Y	D
VR	PD
SRELW	PV
S	H
YDEQ	ISHS
HRGN	IFP
I	S
RVGYH	SDK
Y	K
D	K
GSGYF	NS
AG	ES
WWDKH	NK
IFNFY	KNKN
Y	E
YY	YL
RVMYYWFSKYYY	ERKDEDAP
RR	WF
D	K
NW	KW
RTGESD	FGN
KYYDFWSGYPPGE	WKILWNFT
SKY	TE
HD	RS
Y	L
WWDVR	RG
DYD	RF
DT	RH
Y	K
SF	RI
S	H
T	R
ST	PA
HLGDG	PR
TYGIYDLYV	NAKHNR
SMY	NEA
Y	D
R	D
YT	E
SF	RG
YNDY	RTG
R	E
PPLFYSSWSD	QTDI
YYGT	FKK
D	S
SNMAYS	ENKF
FDYAGW	NYKQ
YNR	PQI
G	Q
YW	NE
I	Q
S	Q
RG	E
ITTGYA	TFQ
NT	H
WDDNW	HT
T	M
SYA	MM
WINPNNAK	AMMM
DGFDLGY	WHR
SY	K
IRR	KG
IK	K
DYYY	KKV
WDPEE	KK
GVITM	VE
YY	YE
LY	T
KRFS	EL
T	L
DY	LR
YY	L
GGWHAMD	TE
SSY	DR
FHHY	KEV
T	Q
TAG	Q
WINTHQ	KQV
NYYRD	KDCE
H	R
LY	RQ
DRPS	RKE
VMGGD	RN
R	R
K	K
RGYNDFYDGYY	GDRKQN
SNY	D
SYNW	ECC
S	R
NI	RE
VISSSGMTR	FREREC
GDYVGE	RRLCGG
QYSH	STE
FYIYY	HTT
WIN	Q
W	Q
DRTTNY	QEVKTN
GSKGAM	QH
NSF	FFF
R	G
SDEYY	F
T	P
SYW	QP
ENTNRY	PEP
RYGN	PMF
SSGNNY	FPRR
DK	RD
K	P
WSS	EF
TS	YW
T	Y
IF	WF
SRIYDLNPSLTY	SVWSFRGR
YD	A
NED	RK
T	E
DY	KD
EYGVTY	KEEYR
K	D
RVMY	KRDQ
QGNN	NGK
K	N
YQ	KT
SNSWY	YGR
T	L
SDY	LKD
YSYSGSY	SD
W	K
RD	A
NKQTL	EA
NH	E
RK	E
R	E
Y	K
RNWW	GSP
TT	N
SYW	YSL
YGDDR	LEKM
FVSLD	PYLKE
Y	H
L	H
R	L
SYGIN	SL
W	L
YIN	PL
SVYYGGYYF	PSTHIL
FDY	RK
SNEY	KD
YTT	KDD
TYY	LKP
APASTY	PL
DYGFSE	FHKQK
SSR	QKC
Y	L
AASSL	QKEK
G	K
YH	QC
R	E
H	E
SGSGTK	ET
KRVGAY	EVE
H	R
LY	RQ
DPS	RKE
VMGIGGDY	RNQ
AGYDVH	VNAR
QSYDSSS	RN
Y	G
YGGSY	YGG
EGRGD	GKN
NNY	Q
K	Q
DW	K
TT	DA
RFW	DNK
YNSTGYE	KAAVKD
R	D
QTNY	ATKQ
TY	KV
IRER	VKG
K	K
DYYY	KGV
WDEE	GKK
VITM	EVY
DIQ	ENN
RD	NN
QYET	SNNN
Q	N
A	K
EW	TG
WTNGAVNYAWY	ADNGIDSGGT
RRM	DQT
REW	KD
SS	N
Y	S
LS	GS
GVPA	SG
Y	Q
YYDYDFFY	EWLNQ
NNGTYAY	SEQCR
K	R
KN	QS
YNFN	RMQ
RY	DR
DYDGDTY	KSRRE
DVVTGF	RRLL
FNSYI	FM
SYDH	TRM
W	M
AIGTADY	MTRH
ETDNYYY	RPKGG
KY	SL
LIF	VL
DVNR	DKR
SY	KY
R	S
DDEWYYGMDV	RLHS
RY	QI
FAGSYY	MQTW
W	W
SIGSGGGTA	WMSL
EPY	MI
S	Y
S	D
GNRAT	YD
Y	Y
QTR	RSL
TYG	R
ILFK	FYQ
KSMR	IL
LTTLTSYNWD	RFDIRYL
LSNQYY	KRRI
KD	IK
TG	RK
ADSSGY	HI
NY	GR
YYTVN	PGH
EWAEDGN	HRGI
SYH	HFD
D	G
WRSNY	RR
DYND	TYER
W	R
NYNNVG	ERTNH
YYY	RY
GSK	TS
WDSSDY	GKGR
SYT	TTY
GITILIAN	YYK
DTVMG	GRI
VSTA	V
H	A
SY	PR
HYSIL	RPI
T	W
GY	G
MWGDR	PGW
DYYGSG	HATP
NIGGTF	TKQL
Y	R
DDD	KK
N	K
WDMV	QN
T	E
SY	FE
Y	P
LGAFHWDQ	RFERK
C	I
AYW	NND
LRYTD	IGID
D	Q
QRNY	EGQK
Y	A
AT	QE
RYNRAPY	QQAK
TGHD	ESA
YSTA	YAEK
ESDY	KEYR
ATHF	RKR
S	Q
N	Q
SRSGSYSYFPDQ	EDYKR
YDD	QR
YSSY	DGES
SGF	E
L	S
YYRM	QTEY
SISN	VADN
S	K
YNNWL	TVS
DH	KS
WNY	DKL
DYVSGDYY	LSKNDKN
TYGHF	LRFF
LSN	IER
GRGS	EDQ
NNEDW	SGTF
RY	E
W	W
WAGGTNY	SDGW
RNA	FP
DST	PIK
LY	LC
FYS	CQ
S	K
FY	GE
S	K
SYW	KND
RNPNS	GKD
SGFRV	LGSY
HNY	AV
STHFP	SA
DYYF	QGA
W	A
TDY	AKG
DPLEYYG	SQK
SSW	TG
Y	H
A	H
P	R
WYR	RY
R	Y
FYDF	YH
V	N
Q	T
YEF	NN
M	G
L	A
EW	AG
WRGGGVNYGRRQ	NGIGGGGNR
R	D
RYCNADCFNW	KEKNKRAN
E	N
RN	LT
YNNWW	NNT
Y	K
SWGRTNYAQ	DIGGDG
R	D
ATEGSLL	KKKTAT
GDS	R
N	P
YRS	SN
SY	RY
NSN	GK
Y	E
H	R
YFW	REK
DFA	GD
YSYSNR	DGE
AGR	VR
D	G
QSY	PTD
Y	T
DFTL	NPGI
YGNDTS	NTSKA
YYD	NAN
QN	NI
Y	I
NNNWPT	INSG
N	H
WSGGNTDY	VQPSK
TYYDYE	KHQSS
D	E
DSIGK	EQE
GN	Q
NSY	RF
Y	F
A	F
QFDPF	YWW
SY	LD
W	W
NYSSTY	KLDP
ERGMH	YN
YNR	DR
GE	RT
FW	RD
EVIK	SK
DTY	EQ
DPA	K
R	T
GVFFDY	EPART
LY	R
ES	RY
EVGFNK	VERK
DTY	TK
DA	K
T	R
SDYDS	RIE
Y	Q
Y	G
YT	N
FWS	QGR
T	K
GYG	KG
WGD	DT
RDFR	NYSG
VHSNNY	EVD
Y	E
K	D
STHV	AR
G	A
WWDDY	KI
RGYY	EIDA
YSY	APT
HYGSPW	TAN
NYL	PF
VINRSDTN	FFVQN
GTYF	PGPF
SSTY	YEE
SWEI	KEGT
SYY	SV
ENSNGDN	GVSCP
DGRN	SSHK
SY	NK
YR	E
GSTFW	KN
DNY	K
RDANNK	NKN
YDGYFLY	EKKEN
NYSY	WH
Y	E
NKTE	QE
Y	P
ET	EE
SY	KE
EYY	SGS
DW	RK
AKAFP	RYL
TS	EN
SYSMN	EKSG
W	L
SISSSSSYY	GSDI
N	N
VTD	LTK
DIGSKY	PEFL
RY	EK
S	K
R	E
LYASSY	LRPPG
T	R
DYFY	DHG
DDPYNDTS	HRDKG
R	E
GLRF	ELD
YY	Y
RVMYYWSKYYY	EKYRDEPP
RND	ERV
Y	P
AS	VH
HNY	VRR
SYY	W
YESTN	PSG
ERLG	EVH
F	L
WDSW	MW
WYDSNF	WRM
VRSFYYS	TFMMWY
NY	R
YELW	RR
MWGDSTD	RRQ
DYGNYY	KLKRN
TNY	TKS
R	Y
K	T
WD	K
IT	LK
E	K
YS	TE
T	N
VQYSGSLGAY	ISLGHKSL
LYGFF	GLRQV
R	Q
HD	GR
S	S
SYW	SS
YNSTYE	NRHK
R	E
SGRLD	QSVE
WNYF	AP
T	T
SYT	ETA
YNPSSYN	ATEP
PVRLGY	ETILT
YNKYLN	SNDW
RY	F
VQGTHFPQ	WNN
WN	PD
R	D
EYD	DF
Y	L
DQAH	EL
PMN	L
WG	L
GIGTSGNW	LE
GLYNYT	GL
SY	EQ
SVMI	YQ
TS	Q
TFS	ED
YSRTSKTY	IDTEL
GRF	DT
NY	K
LH	SD
YTLHP	TVDS
YDNLR	DS
K	R
DTY	ER
RDL	DRE
GGDP	NQ
IIGSKLH	VKLKR
DDD	KK
NSG	KTQ
WT	F
WARWF	FRE
YSYL	NI
YYTYL	PT
DYAH	E
VIGNNTN	VE
RRDDV	RWP
SRGY	QI
FGSYY	WTM
Q	M
W	W
VSTA	WL
EPY	MW
GNN	GK
Y	N
YQ	YN
SNSWY	RNY
SR	RL
SDY	WLS
YSYSGSY	SGIND
R	N
WD	KK
ISSA	CT
Y	S
SYRYT	FISI
RYR	CR
SYY	RR
E	R
ERPLY	RDFS
DI	LH
QY	SL
GNTLS	RNN
NYW	K
DDYNYAPQ	KNNNA
YQGYMD	NKERK
VHSNY	KFH
GSHVL	HKAF
W	F
HWWDDS	FR
RHTD	HDR
YY	Y
VMYYWSKYYY	ERLDDEREP
Y	L
SYSTF	LEL
SEW	WK
IYDDK	LWKE
HSYFYRTAYY	WASLLD
WDDVKYDFNDGY	DDKQKSV
NK	D
YGQSLS	NF
TYALS	TWWF
W	F
GVILLITN	WTL
EGKPGF	FWN
VSGA	TA
M	P
HYAIL	ASNR
T	W
GY	CG
MWGDRTE	AWR
DSMDPG	HAFA
YSNKY	VQA
Y	P
WTRES	VK
TI	H
NYR	QND
SSSSSY	DQ
PRATGYSM	PNGDIV
DYLI	KM
RF	N
L	N
WQGTH	MK
K	K
DYY	PKM
WIDENSE	HMKA
DLH	KTN
Y	N
WSSH	VK
DYYY	KEPC
TDGNYY	PEK
DTSGYG	PREEC
NN	GW
R	W
LHDFL	WNQ
E	K
DSYH	KKNQ
W	W
RDE	QKK
GR	W
GAYYID	WNK
W	W
NNWPW	T
FS	RP
SY	GR
IFSPN	TTKKR
EWGSGRY	LTNG
Y	D
YGSSS	FNW
SYAIS	TWF
W	W
GIIIFGTAN	WARIDS
K	G
EGKPGF	FWNT
NHNY	ENK
N	N
G	E
FWSW	KE
DTY	KE
RDSN	E
DYG	TKG
SYF	PP
E	A
YGSTF	VDA
S	Q
TYA	H
NNSRNF	AVSQCV
DLRLG	HATP
Y	P
FWSTR	GGALA
YT	TI
IISSGGSYTY	AITDQAL
DEGNGNYVE	ARP
EI	RD
YEF	DGG
T	V
Y	A
W	G
WNSGGTNYAQK	AEIGDGGGT
R	D
RDYYNW	KKD
Y	V
W	V
TT	GI
SYW	ELN
MHHSSTN	PNIP
K	E
GWD	EV
SNN	GKY
K	N
YQ	KT
SNSWY	YDR
ST	R
SDY	RLI
YSYSGSY	RGIND
R	N
WE	SK
HNY	TLG
NK	LR
E	R
FWTF	NR
T	E
TYW	QRE
ENNNRN	PSEDS
VMIT	PAN
DI	LL
QHST	LFH
HGTHVPY	LHAD
T	K
Y	A
WWPGPIYP	HAEKLGVL
K	E
VL	FH
ISSSY	KYFK
Y	Y
GSS	YV
QY	KN
ST	EN
SYW	QE
W	L
VYGDSYR	LSDKP
MPNW	NQF
WSNHW	WDL
WH	W
W	W
RGGTAYK	IPIP
Y	W
DI	N
ETYVS	NHQL
Y	L
GN	LQ
TYSYP	FAT
AN	F
YRT	FDA
GGTGF	FQ
YEF	TGN
Y	A
W	G
WNNSGGTNYAQKQ	TGDGGREGS
R	D
YYNW	KNA
SSGYIY	MEF
Y	A
DR	ST
YTTLSW	FEHF
EV	D
SYW	HVF
KPEY	PHS
R	D
VSRGGS	FVDSSE
IHSNY	EH
GSHVL	FHA
S	F
W	F
HYWDDR	FR
RITD	FH
NNY	Q
W	Q
DYSYL	VL
IK	R
DDF	R
RDAN	AR
RVYSYY	LRDQ
NYIF	WL
SKEAY	WGSN
W	G
YDFN	TG
SIYYY	WI
YYKF	LW
SKEVW	RG
H	G
YTY	GP
SRYDGTYY	GWKPR
IE	KY
N	K
WN	N
QGIFYKGSG	DRKKNK
WPP	AT
IILVH	MIKVT
EAEGEYDN	RIKQPM
EDSY	KMTA
SG	T
YGTYAGF	KKELSV
NYL	AK
VSSA	PDG
S	L
R	D
S	P
NS	EV
Y	L
YY	LK
RGQASWYW	IFKFNV
TSYY	RPE
LY	KA
LYE	LAK
SRDLL	SR
T	Q
YY	KP
GINSNGTN	PDGR
RYRFDMD	QTAESK
I	Q
QSVSSY	QPDQ
QRSNWPGY	QFTQ
TS	RG
SA	DF
ASGSGGSY	FDT
AARRFV	GFYWGD
YY	KM
RVMYYWSKYYY	ERERGP
Y	V
RDNIGN	THP
S	P
SGG	PR
YYYSGSTYYK	TERMRCQLV
CSSTSC	EPG
YGNF	CQR
Y	R
RN	R
SY	R
T	Q
SY	QL
YGD	QPK
FDYG	QR
Y	Y
LH	Y
HWNYL	DIN
IK	K
DDY	K
RDPAN	NFK
R	R
SKYD	RRY
QGNN	NKRK
Y	N
YSQ	NR
GS	R
SNSWY	RD
R	L
SDY	NNI
YSYSGSY	SLD
R	N
WD	SK
T	T
S	T
YST	NGD
Y	N
YEF	NAG
I	G
W	G
WKRYGAVSYARQQ	AQGSDGA
RY	DG
ARDYYNW	KRKKNAN
HSNGNYY	KHKEE
Y	W
RSN	EI
GYA	N
SW	SH
YDDK	WKD
A	G
Y	G
W	W
YS	GG
YL	QP
VDTN	PH
SGAAPTYYAMD	WQPHG
VSYY	GGP
R	G
YNSH	FDKS
T	D
RRSN	PTM
EYYYG	PPYE
QFLSSF	DGACSC
SG	SY
GLLSL	IA
WH	I
Y	I
FFLY	MFC
HYAP	KGTN
TRWT	NGK
R	G
FEK	RQ
FHKNGAVDFFS	SAGINGN
GRYP	PK
SDNL	K
K	K
WDEW	HPK
NSYY	LQFC
SIAYRGNSSGSTY	HFVLN
RQLDTGYQWA	FQRC
V	N
YEF	TGG
L	G
W	N
WKRGGAVNYARQ	NGGIGSGGTD
RVY	DT
YARDYYNW	KKNKNAN
Y	S
N	S
HISRR	SPA
Y	A
FRKE	AD
EGHTAAP	TSS
SYNFH	KEVD
Y	K
RNLES	TRK
SNE	DK
EYI	TKG
WYESIIK	PTREKV
HDGTND	KHLK
FT	EW
TIY	W
RRLMI	ED
YF	WL
DYEIH	LAAL
GIHSGTA	LR
R	A
KDY	WD
SGSNT	NSKS
N	S
K	S
TSGS	SSN
DDDTY	PGEW
TRVSGDYV	NSNYKSP
YY	K
YSY	E
YNSSDYK	DIFTKKE
KDVGY	DFKKE
EI	N
Y	N
YEF	DGG
I	V
D	R
W	G
WKRGGAVNYARPQ	NTRGGISGGDD
RVY	DVR
DYNW	KKAD
HNY	PP
STHVP	WP
Y	Q
W	W
NYSTY	MEW
LTNG	Q
IGSYY	KND
ED	KK
N	K
YDDF	DNKT
N	V
QRSY	TSE
YPFY	TVKN
RR	WF
D	K
NW	KF
RTGESD	FG
KYYFWSGYPPGE	WTIVKWF
QGNN	NGK
K	N
YQ	N
SNSWY	RDNS
T	L
SDY	RKS
YSYSSA	RDLG
N	N
WDD	SKN
NK	D
YGQS	N
TYALS	LTW
W	W
GVILLITN	WL
ELGKP	TW
DDY	K
GHVP	H
RAM	VP
W	H
GISSGGSYF	PEV
YSDPF	PVKH
QDSNY	PYTD
Y	T
DFTL	NPA
YGNGDTS	NTDWSK
SYRYD	NSIN
SSW	MQ
Y	G
S	V
YNIYY	QKD
VGYST	EQ
TYW	LSF
DDR	FKE
R	E
RRPGQDF	EDLIQE
QGNN	NGK
K	N
FQ	KN
SNSWY	RNY
T	L
SDY	NL
YSYSGSY	DGR
N	N
WD	KN
SYF	KF
SNLS	VPRG
GVPA	GIR
NNW	KP
EIK	KK
DTY	KG
RDPA	PK
RQLLRGYYYM	GRKFVYLPT
QGNN	NGHY
K	N
YQ	NT
SNAWY	YGR
T	L
SDY	NLK
YSYSGSY	SGWND
N	N
WD	SL
Y	L
F	R
SQISP	L
SSSH	EVDL
WLSVF	VCH
RCYNRGVCA	LVCCLFD
RL	QN
WSGSD	LTNTG
ELYGYYL	TYDQRG
SGNN	NGR
K	N
YQ	NT
SNY	YRS
T	L
SDY	NLI
FSYSGSY	SRDGV
N	N
WDY	SKN
YY	KL
VMYYWFSKYYY	ERDDEGPF
QSLSSY	KQ
SR	KD
YV	QV
RYRSY	DGQ
VFGVND	IVVWGD
NYY	DP
D	P
WGRP	RT
S	S
DWE	STR
W	R
ELSGSTN	RLQAT
GNYD	RG
YY	DR
RNR	RQ
D	R
T	S
SD	S
YS	RR
VYRYPER	DRRYTE
RY	TH
D	S
YDN	GTK
I	T
T	T
AIFGT	RP
ISGSGW	STTHG
IGRN	QSAA
Y	Q
HTN	Q
SG	TS
YVFY	GVL
Y	D
SGYYN	TDSL
YY	LS
ASDSDGF	LLGD
GNN	GH
K	N
YQ	YN
SDSWY	YNRS
T	L
SDY	NLK
YSYSGSY	DGNR
N	N
WD	SK
EY	HW
WSMTV	WDMKQ
N	L
SYA	L
SILFGFVVYQ	QLLKQIR
YFDTYNY	QHQHW
QDNY	GKPY
Y	K
YRS	SQ
ANTL	SW
SYA	YRW
TSSGGTYY	WDEKL
DGNSD	WIK
YSSNQKY	PKQLVL
W	L
YYTYY	PTD
SSWH	QD
MS	DD
YYYDY	QTE
TA	D
LHFYH	DDLA
FG	W
YDD	DK
RRGPRVN	DWD
YDGDY	R
Y	M
Y	A
GYS	EK
SGYS	KSG
Y	K
GSHYFW	ASQR
DNF	KQW
Y	T
AT	WF
LNSY	WPLV
W	L
GMTMVRV	DTSTLW
N	H
YTSRF	HRSF
SGS	EH
I	D
GYD	VW
WGD	WY
YWYA	FST
K	F
QYGQSLS	FNWK
TYALS	SWWF
W	W
GVILLITNYP	WSLNIK
ELGKPGF	FWQ
SSA	E
QN	V
SSSY	EQV
YSYWR	EDTSQ
TSGYY	PFEVE
Y	A
LYLS	LSP
SRDLL	SR
YMY	SP
GINSNGTN	PDG
RYRFDM	QKDLS
SH	ER
LE	R
Y	E
SNVWF	PENDR
TS	LQ
EFTMH	QMR
GINTINGSSK	MQCGTQ
KGFAY	DRE
D	E
Q	D
FDGD	TR
W	R
LGIANYAQ	PADR
IRYMNVYYLMY	CAQSFT
TSY	NE
WN	AD
Y	L
YYSTY	VLYKN
FGSY	EAPP
SNY	PP
WYSNW	PPYW
WH	Y
W	Y
RA	Y
YYYS	W
K	L
Y	P
ST	DK
GHW	KQH
HSDE	DDAH
K	D
YFYGTY	KPLK
HYE	PET
YLY	LT
K	E
FGFY	STL
F	L
TYAS	VL
VW	L
SSSGGSY	LEVT
VR	L
GGYGTS	ETL
W	L
DDKY	KE
RY	LE
LK	E
GTHFW	KW
Y	L
Y	W
F	L
GNYLAY	LAD
SSY	SD
YSW	ED
S	D
SYW	NDT
IYPGDSSR	ENEGV
RRNWN	GETD
E	Y
SFNVPL	YKGN
FG	V
ISTPRTY	VTHV
GSSTSYA	VTY
W	D
Y	E
KTLES	QR
GV	RE
H	S
IGVPRRDE	SYGYGAK
I	T
QDW	QAA
ANSF	PCV
DFY	DR
LDEDDTMER	IRRPV
EN	RP
DDKYN	LMG
RY	D
L	M
WQGSY	FGG
S	D
TNAN	EF
W	F
RRSIN	GLEE
R	D
GTT	D
TS	L
NTW	LW
RRDI	WNDF
DEGAPILFFEWGYYY	WTILIRWF
NVGSA	GLD
E	K
YSSY	IAL
W	E
YGDDTRFQK	ETKYDE
RVYYGSNY	IEQSFH
Y	Q
Y	N
YT	N
FAS	Q
T	K
GYG	KG
WGD	GTD
RDYR	GYVG
GRYP	PAK
YN	K
K	K
WDKW	FPK
NSYY	FC
SIAYRGSSGSTY	HVFN
RQLTGYQWA	FQGRHA
GPFR	NIVT
S	D
PIF	IG
F	I
GYQ	QD
YSFT	GM
SY	AT
YGN	AMQ
DGYY	DMQA
ESDSYGHSF	STNRH
GS	R
GNEVF	HNSIT
YYY	LNT
SDGGSYTY	ESKR
YYD	HL
E	E
EW	R
R	Q
HVFL	EQT
HNNYE	ADS
K	R
FGSVP	SGG
T	R
SDYAN	RSG
W	A
SSYITGY	GQQA
MGYD	SSD
WDV	HW
S	G
SYAS	GW
W	W
AISGSY	WSG
AVKF	WH
W	I
YYYDK	NKY
R	I
NY	R
YELW	RR
MWGDGSTD	RRQ
DDYGYY	RKLVNS
N	D
Y	R
SGSWR	GTR
T	S
TYWE	DTR
ELSDSTY	RYLQ
GDG	DGR
TN	DK
Y	R
SY	KD
FNY	KKE
I	H
DY	HE
RNKGNT	HRHTY
YGTN	RDSK
YY	FI
IIEDW	TS
SG	I
YWDDR	IKS
YGFTY	KRT
DVST	RE
S	E
YT	F
T	Y
N	Y
YY	ST
HVNAVKN	WWHVE
RN	EQ
LY	RS
SYNT	WSR
YY	VG
SL	EF
SY	EG
WTGT	GQYG
R	R
YYYGD	GR
RY	TK
D	G
YD	GK
TI	TD
T	T
AIFGTN	RGPGT
ISGSGW	KSTG
TY	LI
Y	S
GKT	RI
ST	N
GYG	AQ
MWGDRD	QQQ
QRYDYY	QFQSQR
STW	RFT
LI	R
AASTL	TVIR
VPSFSGSGSF	RGF
YY	RK
DDADTMR	RIKMT
DELN	KG
QVHSNY	LYL
STHVW	TYLQM
SF	GV
TINKTY	MW
RSAL	MGV
SSNN	NG
K	N
YQ	NT
SNSWY	RGNY
T	R
SDL	LD
YSYSSY	RGKD
WD	KN
YYF	WL
NNVDW	G
Y	N
YYSYR	TINN
ITY	WQL
Y	H
KNFS	PHMH
VSGFGFT	YEQS
IY	LY
SGR	SY
NAKNR	IYKQY
GAYYYY	MYSH
QY	NI
D	K
FDHLL	IIER
GDY	QQV
HYYSNTN	RVPQLKG
DRVTGA	RII
LRSYYA	RGEV
Y	M
SSSGTA	RRQ
SG	RV
D	K
D	K
NWGS	EGE
ILAGRGWY	SMTEGC
GNNA	HSM
YDNL	EMTP
K	S
SY	DA
SGSGGS	EP
RVAVKGSYY	ATVSSFE
QAVSA	NL
S	D
SYSTW	FSL
SYV	QTG
YNYNAGTNE	GQTSQLN
PTMLPW	QPGSD
R	R
FNSY	RDK
S	S
DY	EK
YHRVSY	KVTEGP
QGTGTTED	KEEKG
SVSSA	EKY
Y	Q
S	M
R	E
SSYI	PK
N	E
SYH	IF
YSYSY	DIR
TPWWYWS	FEEA
YR	R
SYG	H
YN	HL
SVYYGYY	HSPSLI
YDY	PR
SNEF	PGGR
YT	R
TYPIE	KRQ
W	Q
NFHYSDTN	RQIR
I	R
HYSAYM	RFAR
TFY	ISQ
Y	H
LN	VS
WY	D
IW	RG
YSY	REA
YG	FQ
AL	L
QS	LW
D	W
LHFYPH	DLL
FG	W
YDDR	KE
RRGPRGVN	KWLW
NY	D
Y	G
YT	N
FHS	Q
T	G
GY	K
WGD	DGT
RDYR	NYQN
FD	K
NSW	WN
RRLKD	FDKN
D	K
DEGTPVTFLEWGYFY	WLRNWT
SY	DG
D	K
WSSN	GSS
RT	RE
YNSRYN	REGGS
K	E
YDY	GR
EI	AT
QLQ	TN
LEF	TG
I	T
F	A
W	G
WNRGGGVNYSRSQ	NGNGDGTDGNG
RNF	DTG
EW	AN
NNYY	RIPK
R	K
WDGGP	IRFI
DYW	KKS
IYDDSR	IKY
LDEDSGAD	IKKS
Y	T
T	N
VFAN	EQE
YY	ML
KR	QE
LY	TL
YNF	HL
NNVDW	NGNW
Y	I
YYSTY	NIN
ITY	WL
HGNY	LE
Y	K
ES	KT
VSGYTFI	KESTV
GY	M
G	R
R	E
YYGSYYDY	ETTAMEK
Y	E
KTLES	DRK
GV	E
EVGFTFS	RVGS
H	V
RIGVPRRDED	ESYGCKK
N	G
LI	NT
SN	NT
WAGGNN	SSG
YDYDFY	ISTALK
RSISGY	EIRQQ
WY	MI
HYTT	QK
Y	H
RY	H
WDGFYA	QIQP
SGKF	ETN
Y	I
SE	EE
R	I
YTN	DK
KQGEVVLPR	QDINLN
SGFTL	TIKT
YF	TH
D	K
QRY	DTN
Y	N
HGESPY	KATK
K	K
DYY	KT
LDENNTIQ	TQDYKKG
DNSY	KPD
SRND	NDTH
Y	E
FSN	DIT
GSG	N
GYT	HE
RW	NK
SK	DD
YGSYVY	KND
YSF	R
NK	GE
TGLH	PQLR
YSYY	RLET
EYYYT	RDQGG
SSW	DQ
K	T
YNSY	QLD
SYY	VY
RYSGS	DTGYA
EHITFGV	VWID
HNYY	ANS
NLELY	SP
W	K
RFDDD	SNK
NVFDGYW	ESS
GPFR	NIT
S	I
PIF	IVT
F	I
GYQ	QDK
NRY	DS
Y	E
FIE	DLK
H	S
IT	WN
DYS	WLN
WINTE	N
L	L
GWL	LW
QSGNN	NGRY
YQ	KN
SNSWY	RNS
SD	LK
YSASSY	DSLW
WD	KN
Y	L
G	L
GNRAP	VL
WW	L
DYG	E
WDI	LH
T	R
GLDY	LVR
Y	H
RNREF	VKHPN
GYTT	ER
EYT	YEN
F	N
S	K
Y	S
SNQR	KQQ
T	A
SY	KT
YD	KD
LLMDYYDHI	TDPDQVLS
SNN	RG
K	N
YQ	NT
SNSWY	YR
T	L
SDY	LS
YSYSGSY	RDLS
WGD	KN
DV	W
S	G
SYAS	GW
W	W
AISGY	WGS
AVYKF	W
A	H
WWWWP	RPLE
GFSW	EE
WSW	SLP
SSSGWS	WSTE
R	S
WWSS	LSH
YY	KM
VMYYWSKYYY	ERDMEE
SDY	QI
Y	R
D	R
YIQL	RSRI
S	K
IIF	VI
DGIYE	KVSRR
Y	K
ASNLAS	SVWR
GVPFS	RAN
YY	I
STSSFY	KAPF
K	E
Y	F
WEIY	NDK
Y	K
S	K
YTYSTS	AGYED
N	E
D	K
QKF	KLN
Y	N
HGESPY	KAK
IK	K
DYY	NRK
DPANHSMY	KQDK
DSGY	KVIN
Y	L
Y	L
YAG	MF
QS	AN
DSDGSIRL	TNNAGN
KI	KA
W	N
MYRGRPWSAHKQ	NGEGTDGSR
LSLRTSM	SGDGG
AASHRI	KEKN
SND	KY
Y	G
YNRYT	SSGH
DYG	YKK
I	R
DE	KR
RY	RD
DWERGD	RKTHAK
A	S
S	R
SSSSLI	SL
YSSH	LD
W	L
SYYYYY	LLLLN
GYYGA	DLRS
YH	I
LY	I
KF	II
TTY	RI
SYWN	RP
Y	P
Y	P
DDF	IP
HNSNL	RPG
H	R
VWSN	RR
EYILTGYNY	RKLQRQ
Y	H
SYP	KIQ
SSS	QG
YYYY	GKRI
YYGTG	QHP
NSRTKY	PQDLY
W	Y
SYNLY	SAFP
Y	F
YRSY	MY
ISY	VQS
YASYY	NVPK
S	L
SWE	FK
ELPGSGSN	PVKV
TSYYFG	KTW
LSTKWY	TVDG
EK	VK
H	T
STGQW	VRG
N	V
EK	V
WYIH	SVG
GGKYDY	NTGG
E	Y
SFNVPL	YGN
KFGM	TV
IATGTY	VTVY
GSSTSYA	VTY
L	T
I	N
NYY	WND
HIYGTTK	DFWN
IGVYY	WIT
RR	WF
D	K
NW	KF
RTGESD	FG
KYYDFWSGYPPGE	WKIAW
YDDA	GGS
YIDLA	GS
SMDG	GG
K	F
YGQSLS	FNP
TYALS	LWWF
W	F
GVILITN	WL
ELGKPGF	FW
DNTA	EAPP
Y	P
SF	P
HYTT	PKP
Y	F
RYYTR	PEPD
WGFY	FPKD
HSNNY	NDH
K	H
YG	HP
WWNDNKY	PHYD
DDH	TP
SNY	YH
GK	RG
R	Y
S	D
S	F
IIF	FQ
Y	P
Y	R
YSFW	FPE
S	T
TSG	GRW
WWDR	EQK
ITSVTDS	EMFR
KYSY	SRWP
N	W
YGT	SE
NYYGGISQ	KQLLV
TDY	WK
QNK	DF
QS	DF
LI	LV
KP	F
QSV	KDF
SSSN	DDA
DSLSVV	DNGGF
DK	G
NK	DN
YGQSLS	NWF
TYALS	TWF
W	F
GVILLITN	WLIF
EGGKPGF	FWT
SSNN	NGRK
K	N
YQ	NT
SNSWY	YNRS
I	L
RDY	RLS
YSFSNF	RGWDS
N	N
WD	SC
SSNN	NKRY
K	N
YQ	N
SNSWY	RY
T	L
SDA	LK
YSYSSY	SDLGR
W	S
GYTYKG	ELNS
TI	E
NGDKY	NNYV
Y	R
DDID	VRN
N	T
YFFLG	EYFR
A	P
STGFY	EPEP
QLT	RD
RKF	DG
Y	H
S	H
HNDYL	HGAE
Y	E
RK	E
AARA	EHA
SQDISY	RAQPG
GNTLW	GPPR
W	R
EN	R
SPYYYGNW	RKFG
SNNYY	RIPH
R	H
WDGGP	HRFI
DHW	RI
MYDDR	IKY
LYND	IRRH
QDHY	IRII
R	E
SG	R
YDEF	IRKN
DYN	EKV
IIDKYTIN	VNY
DYYGSSY	KEST
Q	A
HWTYY	HEQ
WN	EQ
W	Q
NTVNYDK	QAKLNP
GGSAM	QHG
HY	L
SYNLY	LW
N	W
W	W
RRGFNAY	WTCAC
DG	ST
Q	T
I	G
W	G
WKRHGAVSYARQQ	NAWEGGRDGNN
R	D
ARDYYNW	KNKAK
VSSA	E
Y	E
S	E
R	E
YYY	EEI
Y	R
YY	FY
YS	YQ
WYRR	IEL
Y	N
YGSSS	NF
SYAIS	TWWF
W	W
GIIIFGTAN	WTLHFS
EGKPGF	TWF
LGSKY	KYGC
DSNR	KH
N	K
FMNGT	DK
QVGFTS	QDL
NYTN	LDPK
YSSL	KP
R	D
ERWHVRY	QDSIMQE
QDSY	DSR
YK	K
GKML	RSNK
SG	PQ
WWDDES	QKMK
YDP	QVR
N	G
Y	P
SNSWR	GTRR
S	S
TYWE	NDR
ELSGSTY	RLQR
GDG	DG
LPKNYY	KQKK
ED	KK
S	K
YSTDSSGR	VQLF
DGAH	YF
W	H
GISIIA	FL
DSPRGPL	YKVH
HY	LQ
Y	N
YT	DN
FSS	Q
T	G
GY	K
WGD	DG
RDYR	NNVG
Q	T
YEF	TGA
W	N
WKRGGAVSYARQQ	AGWGGDSGGR
R	D
ARDYYNW	KEKAN
SN	L
Y	L
GT	LK
Y	L
D	Y
NY	Y
VLFT	FLW
SVTPRYCGGGC	YGFNLW
DSDGSIL	TNGN
KI	KN
W	G
MDYRGRPWSAHQ	NAKIIPSGNT
LRT	GGG
AASHRI	KNKE
D	G
R	A
DLG	KI
SHFTYF	LKYMDG
L	G
VR	RD
ERGRHFPNRDNLEK	GGDNKANGS
FTFS	NEL
NTW	LW
RKD	NLD
D	E
DLGEPVVFFEWGSYY	WTILRIW
TI	R
SYW	GRI
NSDYE	GAIG
T	D
WSNH	DN
DN	SE
W	I
VIKYGTTNQQ	IERQLKT
FD	EN
TFS	KSS
SY	SY
G	Y
DL	R
Y	E
TRS	KR
D	N
G	K
HYGY	HRR
YW	GS
GQY	KT
TT	YM
SY	YR
YGN	MY
HYGLDW	EEY
NSRTKY	PERLQ
W	L
SYNLY	PST
YTYYK	PVS
DA	Y
QLSSGNY	QERS
HYISP	NMQER
T	R
DYL	R
WDPEDER	RRKV
STYIY	RYNE
NF	Y
DYSHL	YAS
TSNGGGYY	DDVP
REREKG	AYV
TSY	AST
WSSY	SSK
FT	Q
DYS	GQ
WINTETD	QLHE
EDD	KRK
A	Q
TSNY	YLRT
WYSNHW	RYPET
W	E
W	E
RTAY	E
Y	T
SN	N
Y	R
YNLD	PIR
YAQLY	VSG
DTY	HN
YK	NE
PLYDYY	HSRIG
SYTTPP	SF
FTT	DDS
GSAH	WSNF
INNGY	VSWH
TSNR	DND
SARF	FDAN
HYH	APT
YLH	L
K	P
SVL	LAT
TG	VN
YNN	VLL
W	L
AIDGTS	LLV
GME	NTP
SSNN	NKHY
K	N
YQ	KN
SNSWY	YDR
T	L
SDI	RK
YSYSSY	RGWD
WD	SN
Y	Y
DYSNL	YAS
TSNGGGYY	DVDP
RERENG	DYV
YY	DR
Y	P
LSNLES	ADQPR
G	V
QVT	PAR
SYW	FDR
DSDE	RK
R	A
YVYDY	FDRPA
NK	DN
YGQSLS	NWF
S	K
TYALS	TW
W	F
GVILLITN	WTL
ELGKPGF	TWNF
Y	E
LY	LV
RRRPS	VDEL
YSS	EN
SF	IQ
F	S
PAAWLQQSLAWD	QLNKLECL
SF	G
RYNW	GCR
TEDSAK	KTTN
NFYYY	GKT
NN	R
Y	Y
YDDQLPS	EKNNRE
GVSD	R
DD	IK
RT	K
SYW	FIR
DTDYTN	RHSR
EPGYSW	KEFKEY
N	H
Y	H
GY	D
NYD	LPK
YD	I
DGNY	YP
GSKS	K
DD	QK
N	K
WDSS	YA
V	F
GFIFTAM	FLA
LSRGY	LFY
RS	RQ
Y	E
SNL	KN
SNTSL	QRM
WH	FM
W	M
AYYN	MF
WHSTSPW	YYEQM
KNY	EE
N	E
K	E
R	Y
Y	Q
AKSNSGLSLLYY	QERDLEVE
Y	G
SFYS	PKT
NTY	SLR
TPSSGQ	PQLIK
T	Q
TWLLR	LQG
DY	ER
H	I
Y	I
YDT	RR
I	S
SDS	D
WADSE	SDWLS
NRESY	DKS
K	D
QYGQSLS	FN
TYALS	LTW
W	W
GVILLITN	WILIF
ELGKPGF	TWF
TKY	Q
W	K
TT	D
RYW	AAK
YNSTGYTE	KDAKK
K	D
VDGY	TK
SSN	KVG
WSHY	AGRF
W	A
DYGSSTT	AFMK
LRGYYD	TDDG
DIGSS	YTQ
AS	T
YATSY	RRS
W	R
E	R
DFSGDRSNYF	RRSKQE
QNH	YHE
Y	L
Y	L
WSGNPW	HQER
S	Y
RT	YS
W	R
VSGGHYY	NYQGR
FGDG	LHSN
QHTYT	VQE
VGDTF	QHR
D	D
YSRGGGYY	TRD
HIYYSHYY	RTHHQ
HSNGNYE	CFYYR
Y	R
K	Y
FGSHVL	RH
GYYY	PGR
W	H
SDFY	HPRN
PYSYDGF	GPYKR
S	H
Y	Q
DDP	HTS
G	V
EVGTD	QGRS
D	R
W	S
RSYVVAYY	YNMHQG
Y	I
WAW	P
W	P
RKD	GR
DSEDYYYY	RCIIH
LY	F
Y	F
VGFST	DHQ
SSS	HHQ
YYNF	NQ
R	H
NALYGSGGYADY	HFLIQDRD
YDKY	PE
WGTHFR	EPWK
S	S
D	K
W	W
SSSGYY	WHSG
DYDYG	KPK
V	N
QY	NT
YEF	TGA
L	T
W	G
WKRGGAVNYPQQ	TANDIGSGDR
RM	DT
YASDYYNW	KKRWKAN
SNA	RDL
YIF	LL
SSLF	YSRL
GS	T
QYYL	LH
W	H
EN	H
LYYAM	LA
VSSRY	EM
SG	E
VGGSS	GSA
SH	I
YYS	DR
TAR	ANG
PAVFYGDR	DEW
R	A
NYA	GD
KYRN	DN
IGLYDILY	GGVRKP
E	Y
SFNVL	YN
KFG	TV
IVTGRKY	VTAV
SSTSYA	VTY
YGSSS	NF
SYAIS	TWW
W	F
GIIIFGTAN	WTLHFD
K	G
EGKPGF	TWNF
SVSSA	YNE
HGPFYW	YGD
Y	V
SYSY	HLAE
RKPYFW	EWE
T	R
Y	K
SSFLYS	RQEK
EQASGFTT	ESVPAR
ST	LN
Y	N
TSKN	YEV
TYGIYDLYVDY	NATLRYRKR
NK	D
YGQSLS	NW
TYAS	LTWW
W	W
GVILLITN	WLI
ELGKPGF	TWW
NIGTKV	GAAK
DDD	KK
NN	KA
ISTD	ADK
N	Q
Y	A
RSGYPDT	ASVLWQD
LY	ME
E	M
QVGYTT	LESE
SY	PE
DSD	KS
KR	DE
PHYYGTYPMDY	LEKFME
R	D
Y	I
AA	I
SSTT	AT
Y	E
PSGYVSLYY	RYTD
N	K
DTSR	RD
S	D
DYD	IHQ
TS	L
NTW	NW
RRDI	WFN
DEGAPILFFEWGYYY	WTIIRLWF
S	R
Y	E
SS	EE
RG	R
NY	ET
S	G
SYYGY	FGRAD
RFW	PHN
YY	K
FWDTW	RQV
N	H
HLWNGF	GLH
TTTTSG	RHK
STA	AN
W	N
HYTT	TATT
YT	E
DYW	QS
LRR	SYD
R	E
SASYGD	KAFTG
A	Y
W	Y
CGSY	YWH
W	T
NYSDSN	NGGS
LAFY	TY
KY	DR
Y	R
YDNL	RSS
TS	DK
SY	DE
YSNGGSGY	HEKDHS
RGGSSYW	EVSV
Y	L
WML	LT
Y	I
EYY	CS
K	C
ADGLTYLLQYID	GCIWSL
Y	R
YDNLG	ARYIF
V	I
AISSTTY	II
DYGSN	PR
YSY	QK
Y	L
NKT	YEL
HYGT	AA
WH	AA
MK	AN
EY	TP
STA	YK
Y	Y
SY	PK
GS	K
K	K
W	D
RDPAR	NKG
SSGAYY	PHMN
Y	S
ER	SD
YAGSNF	HSE
T	D
YW	EN
PEY	HP
R	E
VSRGG	FSS
YSRL	EYN
S	K
GATSE	YNKK
DS	K
YW	NV
S	K
Y	K
R	D
RDYYG	KDDSL
S	P
SYTTPP	LNY
S	S
NSH	SFL
W	T
R	F
FWWR	YFN
Y	G
YDEY	KSS
FTS	DD
SFA	DDP
INSNAS	PSQ
R	D
PAGRAW	SLIAI
SSY	DK
WTSY	LNH
YSFN	LK
FYW	KH
MDSEESR	HNKLSD
RS	NL
NYRYD	RKNNY
HGNNY	QSME
K	E
GSVY	MQ
FT	Q
TYA	QF
LISTYSY	FQHEQ
VMGEQY	EGM
QYSSY	NIGA
W	D
YYAYW	LNSR
W	Q
MDSNDR	GRRYK
YSYVTP	RQ
HRNYH	AELT
YLH	L
K	P
SVL	AL
T	V
GYNN	CNL
W	L
AIDYYGTS	LLV
GME	LP
SSNN	NKHK
K	N
YQ	NT
SNSWY	YR
T	R
SDF	LD
YSYSGSY	DSRG
W	Y
Y	N
LF	Y
D	N
RWP	NL
SSDTDR	YL
GKCGGGRCYSGLD	YITYNT
SY	LK
YWSE	KRNI
S	R
DWYGGD	RRNY
PDY	RR
RR	WF
W	W
RTGESD	FNW
KYYFWSGYPPGEE	WWIRNTF
N	Y
Y	D
YK	RH
RSG	E
YKQFL	AQE
TS	QD
NYY	NRI
W	E
TTTSSRY	EDDGN
RGYGGYSED	AIIFR
QS	K
YADS	GK
S	W
SNV	WKW
IIVIN	YWLI
LGLVL	KIY
I	Q
QSYSSNKY	QQTSTNT
YLSS	TF
S	I
R	I
MWGGGNDY	KYYWQN
KFGYD	EPVN
STA	F
Y	R
SSFLYS	KRLD
YYTT	FDD
T	E
NYH	EMD
WTDGYTD	YPACYR
AGTLF	MELHD
TN	SK
Y	S
SSY	DRA
FNY	KE
I	H
DY	HD
LRNKGNTE	EHDHR
DYGTN	SADS
GPFR	NIVT
S	T
PIF	ITT
F	I
GYQ	QTD
VHSNNY	EHD
GSHVL	FA
W	F
HWWDDN	FR
RAHND	HRD
TSRYY	NDKG
Y	P
WEIY	KENI
FT	Q
DYSM	QN
RINTETEK	SQN
YDGYSWD	IQGPS
YS	SF
TY	F
RD	SV
YDEY	SK
DYY	HQ
EYSN	RLK
SR	LV
GFG	RF
KLA	TA
FRY	LQA
SD	TL
LYV	LQP
S	M
SNAN	QAP
W	L
YAVSNY	DV
K	P
SN	AL
W	L
SSSISSNY	SGRQTW
RTSK	VND
SGSG	QRD
S	E
Y	T
DIV	GY
QY	RD
YYS	DDY
Y	G
W	G
WNNSGGTNYAQQ	GDDGQGGR
R	D
Y	K
Y	N
SLYS	R
WVH	EYE
GFNS	NEFM
SY	FM
YYSYY	IPFE
R	E
YVYHDY	EVDE
LGNP	V
GNN	GHY
K	N
YQ	KN
SNSWY	RY
T	R
SDY	NKD
YSFSGSY	RGWD
WD	YL
QSASY	DERST
S	R
AYKTY	PDEV
F	R
TAH	NV
W	V
GVHITD	VG
DDYSTY	RT
TT	AV
GL	IR
FEENE	IRI
T	V
YYNLWT	TVR
QIYY	TQYP
Y	A
YDNLPY	LSRS
WD	LR
RSY	TL
SY	DK
Y	K
HNSYR	NTN
Y	S
ENSYN	KDP
IVMVFTDRG	NSLKNK
WDV	HW
Y	N
TYAT	GW
W	W
ASSSDY	WGNS
AVVFTDAYKF	WNTN
EDNYN	GNQI
LY	LQ
SN	Q
TTHAP	WG
Y	T
W	I
STGRFY	HTV
R	I
MD	L
E	K
Y	F
YINYPL	YLQF
A	K
W	Y
YNYYTNPK	YDDQKK
ERY	KFF
GYNY	QDH
YDIH	H
SGA	AF
Y	C
HYSNY	VDP
RLRTRN	HT
GNN	G
K	N
YQ	N
SNSWY	YGNRS
DT	NL
SDY	LI
YSYSGSY	SDLGR
WD	KC
Y	E
YY	YM
RVMYYWSKYYY	ERKDDERF
YN	FH
LY	SV
YT	SV
QQGGALF	HSF
WH	D
EN	N
SPSD	SVH
HGNGYY	INRSQ
Y	S
LN	S
YSS	KQ
D	D
E	N
SCSARSCYGP	YQKNS
SYN	KLM
Y	M
AS	LL
SY	MP
S	E
RV	AH
WPS	HE
N	E
YDFWSA	LSAM
GSTY	EN
GS	N
YTI	GK
KVQGRVEVG	DQIN
AL	L
Q	L
LHFYH	DEL
FG	W
YDDR	DKE
RRGPVN	DW
KDKY	DEE
S	Y
SY	RI
YSGGTY	INE
SRASGM	REWNI
E	E
SASSY	KQDG
YDGSY	DLAR
A	I
RYRSY	IGER
IFGIVI	IINDI
ENY	T
W	T
GNN	R
PP	AD
SGSINYEK	TEKDT
YSNNEKY	PKALYLT
W	L
YYSYY	PTVT
NYWH	YQVD
MHNK	VYD
R	Q
LGNMD	TQ
SYH	EM
Y	T
T	M
RSTYL	EGL
SYRH	RD
YNYEYQK	HDILS
R	K
GGGVY	DKM
R	A
Y	L
ASART	IPL
SST	DA
Y	R
R	R
PSGYVSLYY	YDI
EI	L
HSIRSRR	LDNM
ASS	IL
WNKE	KEK
PQ	A
GNN	GHK
Y	N
YSQ	NRT
GS	R
SNSWY	YGR
R	L
SDY	LND
YSYSGSY	RSLDG
R	N
WD	YK
D	S
SYMY	DDY
WYQKGSSRLLIY	YSDKRRNLI
DNLAS	YIIYI
GVPVREED	INNEFPQ
WSTYPL	ERSK
TVTGYST	ETA
W	R
W	K
TYSGTTDYNSKS	TTPASTEEWT
ISIRTS	RRVP
YYGYWYDV	KNSKRR
WGQ	RK
YY	R
SNEDF	SAFG
T	Q
HYGN	VQS
W	F
WINTHI	FQ
SHRFGL	S
KY	DR
Y	R
YDNL	RSPS
TSS	DK
Y	E
YSNGGSGY	HDDHS
RGGSSYW	VEFRS
HNY	F
Y	L
YTTT	YWL
GSGSG	YDN
HNY	DNL
STHVR	NN
SYWH	KNDN
W	T
YR	KT
I	N
IYFD	NNN
GTA	TFT
LY	KE
SSNYT	FTIE
FSYY	QN
T	D
SY	TT
YRSNY	AGE
ENYGSV	AKF
Y	P
FLYS	NTQ
Y	K
VGFTL	DTVC
GY	CD
WSAGD	KPQ
R	Q
PFSPWD	CFTWKQ
Y	Q
D	R
WNV	HW
NFAS	GNW
W	W
AISSSDY	WHNS
AVVSSDIYYWSKF	WNLTIQIH
SNYY	QKR
R	R
WD	L
Y	D
Y	T
DDYTLD	RD
YHW	RSN
K	H
YSNY	WKD
S	L
SYA	L
GIIIFGTAN	QLLTQIRA
E	K
DNPTL	WHEH
HNYN	AAC
RY	EN
L	C
WGTFI	AAE
K	K
DDYH	NE
RDPA	AK
R	N
GGLL	EAN
TYVF	NG
SYSYY	NPG
SYW	EEI
FSDYN	IRKD
R	E
GARDTW	GIEG
HSNNY	KKS
F	N
RSNLAS	RNR
HLEYF	KAT
TT	SD
SYWE	IRT
ELYH	ARSK
ALALY	TEESR
SSN	CGR
Y	E
H	R
YFW	K
DYA	G
YSYSNR	EDG
AGR	GRE
Y	E
F	V
KL	ND
F	M
QGYTS	KNYQD
SFW	QSM
NRS	DGD
S	K
FLGRDY	QEK
HNYE	HHH
Y	H
FGSHVF	HHH
YN	HH
DS	H
E	H
SG	H
GND	G
K	N
YQ	YT
SNSWY	RY
T	L
SDY	LNI
YSYSGSY	SDNG
N	N
WD	SK
LPKNFY	KEEP
Y	R
MDK	PKE
SNL	E
WY	G
RN	EP
AGRFDHF	GSRE
WPP	MT
IILVH	MILVT
EAEGEYRN	RIQP
Y	K
D	K
WHF	DS
T	N
SHWH	KTS
ENSNRN	TFKEG
RDYDYGY	SKIK
I	H
QGY	HF
IGLR	TA
G	D
Y	P
W	A
EKGSPNYHPSLKS	PSKDYA
RNWPL	TAV
TYH	AT
LY	TN
L	T
ILR	IA
T	G
DYV	GLG
W	A
EYGTSTY	GGK
AFD	IN
NKTY	SQS
SYNLR	SPT
DY	I
FRNVNE	TIQ
GSYW	IQS
SYNF	REP
Y	S
N	K
NN	R
FS	SN
AYS	SSG
WGDK	SGC
DGYYPY	SVE
W	K
LSSY	PK
T	Q
NFG	Q
WINTYT	TQLT
GYYYGF	QQFT
QGNN	NGRK
K	N
YQ	KT
SNSWY	RNY
T	R
SDY	NL
YSASGSY	SD
N	N
WD	K
TSIYY	LQQQV
Y	V
SREFF	ALT
W	T
RYDDAI	TKII
KTGDL	NSV
TN	RD
ENYK	AGGD
SKSG	NDN
W	R
Y	G
YFTEN	DEG
RGQLVN	DSIDN
HTNNY	FSDDS
K	D
STIPW	QSMD
YY	RQ
YSNY	MVY
QGGA	EDQ
SY	E
WNYF	LQN
Y	P
WFDNTE	NTN
WW	G
Y	I
FY	R
A	R
ESSGGRYY	REDDH
GEVRQ	RFHG
SY	RR
R	D
GNTY	Q
T	N
SGF	QNS
YTYST	EA
RGFLVNYY	EATDN
FNY	ND
YR	QL
LRSLYFWLS	NVTIVQT
TSY	PY
WNW	YP
T	Q
TAGMQ	QY
WINTR	GQ
EGPG	GVY
HSNNYE	ENR
K	D
GSY	WR
NYAS	VW
TISGGNIY	WPTAD
ENYGSSF	REW
Q	L
SYYSSPF	RAM
S	E
YSYSGYY	REQ
WYYGE	GTP
HNY	GP
STHV	T
W	P
RANEY	PLK
SY	TN
Y	K
HNSYR	NDK
Y	N
ENSYN	NDP
IVMVFTDMRG	NLLN
Y	D
R	D
HNNNY	RSE
K	E
GSVF	RSH
W	R
MDSDEH	SKLH
RYYGI	RRE
D	S
QIYY	TRNA
Y	A
YDNLPY	LS
WR	LP
RSY	TSL
F	V
LY	FA
YRH	VPF
T	T
DY	TK
SNYVYPD	HYRVPF
KY	K
Y	N
HGESW	KAT
IK	K
EYY	RTT
LDPEQNTIYQ	YQKDSKG
DTAA	KP
YN	VS
LY	SV
YT	VV
QQGGALF	HSFN
NWH	DN
EN	N
SPSD	DS
F	K
NSW	WN
RRKD	FDN
DEGTPVTFLEWGYFY	WFTLIRW
TLGDKY	DKE
D	K
NG	KS
WF	K
SW	GK
EYNN	KGQ
HY	RS
Y	N
YT	DN
FFS	QR
T	G
GY	G
WGD	GD
RDYR	YSDN
Y	W
Y	T
Y	T
YNS	DR
T	Q
DYG	RQ
WINTSN	QQA
WYNR	RDIG
VRS	E
S	K
Y	N
SNGGY	QL
IYNLMYYSTY	INNLWLQG
VSTA	YN
S	Y
HYSTPW	YIEQ
S	E
SYA	EKI
W	I
TISSGGSYTSYK	IFDE
QDY	LA
Y	P
Y	P
GHSFF	PQ
T	T
SNVH	TSE
YNYNTK	SGHDP
R	E
NWDV	TES
YGDF	SYTH
L	R
NNEDW	HYK
DYYK	EM
NNGTL	RMK
GDGIHGG	ER
NSGNY	GNH
HY	NR
TS	QQ
SFW	QSH
ELRRN	REQY
T	S
GNTMVN	SDKH
TSY	PP
WSW	YPS
W	H
RIDSGTA	ILH
YYGG	SYPD
QSIGSS	DKPK
Y	E
SSSLF	EKNP
T	D
VYG	LEQ
WYDDNY	SLKGP
R	E
DLRTG	QK
SSSY	VMRL
T	V
FHR	LK
YS	RK
SGYSH	KGRLH
YHY	LEG
YRYDGW	HDRL
SQHSTYT	QQQ
E	Q
VGDTIF	QQQQQ
DYYY	QQQ
N	Q
GRGYVW	Q
Y	P
Y	R
YSKF	PEK
S	T
TSG	EW
WWDDR	KWQ
ITSVTDS	QMFG
DDKY	KE
RY	LE
LK	E
GTHFW	KW
Y	L
Y	W
Y	L
GNYLAY	LLW
DS	RN
W	N
MGFTR	NTVSE
TYG	SN
WY	NS
R	T
PQWEEDI	CRNRN
YSTVW	Q
T	Q
NYG	QIH
WINTYTT	KQIKH
YPHYYGSSHW	QHQRE
RR	WF
D	K
NW	KW
RTGESD	FG
KYYDFWSGYPPGEE	WKLLWTF
W	A
HDSSY	AQT
IIFIH	TQVL
NDAPEEGMW	GRPPKCAQA
GTSP	IE
TS	T
M	M
IFTYQR	QMPTTA
PDWEGDSYD	IAKQRMP
D	K
E	K
SFNVL	YKN
KG	TV
STGGYNY	TVDV
SSTSYA	VTKY
YDGDY	NKP
SNDY	PKT
LE	TR
W	R
VNSGGTN	RFKTT
WGDGYYA	LKQ
I	R
QDVNTA	RFLE
A	E
SSY	FL
YSGYK	DWHE
R	E
SYYSYYY	DIGGE
STV	PE
Y	T
SYYI	TPAC
YSY	HT
QGYTT	EENQ
DYW	TEK
YGDD	KQ
K	E
DYYGSNY	TRVQK
S	L
S	E
FKRQKPI	LSDLM
SYSH	GTDL
W	M
YSYY	MD
TWYYF	DASL
V	N
Y	T
YEF	NAG
L	T
W	G
WKRWGAVNYARQ	NAGWDGGDGR
RVY	DTG
YARDYYNW	KKREKNA
Q	N
SNN	DD
T	D
WSNH	DNY
DYNN	SE
W	I
VIKYGTTNQQ	IERQLKT
FD	GN
Y	I
Y	N
YT	N
FVS	QR
T	G
GYG	G
WGD	GT
RDYR	NNVG
ESSNYGIF	KRLFTE
KEVPY	YET
SRYYDK	ISPST
YTL	KEE
HRNNY	KGLG
LY	RL
LE	LR
GTHA	KG
AVGVTF	EYF
NVA	QGK
RRTN	D
A	Y
EVTD	DKLY
SSYH	SEK
Y	K
DK	K
WSKHPL	YKSEF
ST	Y
GYTN	ETF
W	I
LITYNASSY	PYVIAFE
YDGRGF	KKF
YD	VK
W	K
Y	V
Q	A
TRV	VR
LSDQCGFPEC	KAVV
TSYY	IQI
IRELR	WITN
W	N
ER	N
RGDAW	WG
DANY	RDAS
TN	GN
SH	AT
SFQT	SRG
SAHGGSY	DGEQGN
SRDHF	GGTS
YHEGSGYYYRAG	ATKNGITGIS
ISSW	RT
YAASYR	ILTD
W	L
YGSSEWK	LFLKD
TDN	QLI
RY	DK
GNTLW	KG
ST	D
T	R
LNYKVT	RGE
GYYGDDW	RWSYLK
YN	QV
FWGNW	STRAD
SG	AA
WWDVKRP	DAKTEP
SVITTGY	GAHSD
GNN	GLK
K	N
YQ	KN
SNSWY	YR
T	L
SDY	KLW
YSSFSF	RGWW
WD	KN
PEY	NS
N	E
WSMV	WDWQ
N	L
SYA	L
SIIIFGTTNY	QGLQLR
YFDTYNY	WHQQH
HSNNY	QTGW
K	K
GY	K
S	M
SGH	MDK
HSSGSRT	DEDRE
GYD	W
DVNT	DRR
RG	R
YY	RE
QGISNW	RPCK
Y	K
GS	E
QYSSFT	LFREG
S	N
SYAS	PTL
W	L
AINSQSY	LTEPQD
N	N
WDEF	KPKL
AGYDVH	VNR
QSYDSRG	RN
Y	Y
YGGSY	NGRG
EGPGD	KTR
S	N
NEYW	TDK
SYW	DN
NYDY	KNK
DNYG	KY
HY	LI
Y	N
YT	N
FWS	QI
T	G
GYG	KG
WGD	GD
RDYR	GVAN
EDYR	WKSY
YWSTW	NKE
YG	DV
WWDDYYP	NVKE
RYGNH	VY
DDGKYN	KYG
RY	GE
LRDS	GDN
GSHQ	KT
TT	K
NYGMN	VTTT
WNTFT	TQVL
GTD	TE
YSSNKF	YNTEP
W	E
FR	P
PT	TD
AY	TP
WGDN	PDNY
DPYGS	RVC
Y	Q
YGSSPS	NWF
SYAIS	LWW
W	F
GIIIFGTN	WLLF
K	A
ELGKPGF	FWT
SSW	DQ
K	T
YNY	QL
SYY	V
RYSGS	DMY
EEHITFG	VDIW
WP	CT
IILDVH	MKKT
GEEGEYDN	RIKPQM
S	L
FKRQKPI	LL
SYSH	TAL
W	M
YSYY	MDS
TWYYF	ALL
D	K
R	E
K	Q
SWNGPL	EGKNKQ
Y	E
W	Q
YNNSYTN	NEEF
VPGNNW	NQQE
FGSS	LHV
K	P
YE	H
SHSWF	RN
FI	EG
NHW	GEQ
RSSIHK	YQGE
R	E
YYGSD	PYPE
YY	QK
VT	RE
T	P
N	P
WNYTGEPT	ETLSA
LET	SL
ENLWGNYNW	KETFE
AIDEY	IR
S	R
YVGSS	PY
FY	GM
VDITEY	AGKY
TYGY	AYMA
Y	D
R	N
K	R
DH	YD
DAN	DRR
KVIYYQGR	YGGMDD
FA	QW
YLY	W
QFWGF	WQ
IYA	PD
RRSSN	PD
QMGD	PTW
DI	KD
Y	N
YEF	RGD
Y	A
W	N
WNSGGTNYAQQ	NVDGSDGT
R	D
EDW	DKN
Y	P
RNNQRPS	PDNI
GDK	LPH
NL	I
Y	P
GNS	IE
GYY	ELS
TS	Y
TYY	FRH
GSST	SR
GLGRI	E
I	T
Q	T
LQF	NRT
T	V
IF	A
W	N
WKQYGAVNFGGGRD	ATDIGSGRK
RVY	RGG
GDSSW	DKANK
Y	K
Y	E
TT	EN
YDTYW	KED
ST	KT
SFWH	TED
MDPSEKR	DGTKGE
M	D
VRRY	DFTE
SSSY	VQ
Y	H
TRT	NH
YGTSAI	NFM
QVGYT	LLR
ELPH	RLFM
W	M
SFDPEESI	MFR
V	L
PDPDAI	LLRN
H	I
YLY	IG
I	G
QSDL	II
S	I
W	I
HFWDDR	IKR
EGYI	IHP
P	N
VYST	ET
GH	AE
HH	AY
R	E
DFRY	YAI
E	D
QSY	HLR
RSNWL	FLDD
K	E
WSTGQ	EDR
SGYRD	ELLR
STF	KT
Y	K
DSTR	KQT
GR	QK
N	R
Y	S
P	A
WSW	SP
F	P
NYW	RPP
R	A
VGQY	PRT
QGNN	NGK
K	N
YQ	KN
SNSWY	YGRS
T	R
SDF	NK
YSYSGSY	RGWDN
N	N
WD	KK
DI	W
QH	WY
Y	Y
QQTDSWPT	YGSKL
N	Y
W	G
REN	YRQ
RYDPYYAM	QTIY
EIV	NN
SY	T
LEF	NN
ELH	KA
W	G
WKVTGAVNFGSPR	NTGGGDSAGG
RRD	GGG
YTGGGW	KKNA
Q	S
RSY	DG
DK	GT
RSSY	YSG
YS	D
RYWH	HLML
W	L
AYNDTSYQE	LIERSK
DYGY	YLE
W	Q
Y	Q
QEFT	N
MY	ID
LGGYFR	IQGK
W	G
DYY	GF
FAN	LKP
VYGNYP	TMGL
KY	ER
HN	R
Y	L
WWDVR	RK
DYD	RF
HNYY	PG
R	G
HLY	P
T	R
SGYY	RGG
YD	PR
S	L
S	E
FKRPI	LSL
SYSH	TL
W	M
YSYY	LDM
TWYYF	DATLL
SNS	QS
NNT	HP
Y	T
LY	YT
DT	NT
RGWP	YTL
H	E
SYHH	YL
R	E
GLSRDNSGFTGLD	YINTYLT
GLVYIDG	NTTV
S	S
THW	TDQ
YNN	DA
HIL	VLW
Y	G
H	D
YTP	ADI
YDLR	RM
I	P
NY	PT
WNNT	HMPV
DNPYY	HTG
SYS	HIQ
AA	QH
S	H
SAS	Q
D	H
YAYGY	HIQM
YSY	RQH
F	Y
DDR	DD
P	Y
SGSDFI	GVP
SNRWF	VF
NWQ	RDF
W	F
AYRDDK	FRDRM
ALYY	FYPD
TSGYY	ICIWT
IRELR	TN
W	G
MR	GN
RGDAW	WN
HTDGTY	RVF
E	K
NIQLW	RGG
TFT	R
SYG	VT
WSYSN	GSVSR
T	R
EGSSSSGDYYY	TQHFR
SY	EV
GSSIPF	VEQ
WGGGTY	DY
ASYN	KY
YNR	SVD
S	Q
S	H
W	R
NY	K
T	K
AGIRWW	VESLD
RE	A
MSSYL	AVI
TT	F
GNA	FVI
WINHSDTT	VIVF
YNEA	IGA
SH	D
Y	D
SNTWY	DNWE
W	H
DSDY	HRF
YGYY	MHDD
TYK	GKY
FFG	YLK
GS	S
SHYCLDC	NSWS
L	K
SFW	SD
YSRGE	L
FQPSFTLTSY	SLWEK
D	R
SN	LK
Y	V
SNWPR	KAHRG
SYGH	RN
WD	HY
R	N
EPPY	NVG
SY	PQ
GNY	QF
FTFS	RD
SA	DF
AISGSGGSY	FDFN
N	R
TYPQRRGPQNV	DYHVIFDFTQ
ESSNYGIF	KRSST
KEVPY	RERT
SRSYYK	ISSIT
GYT	KAR
I	D
IE	TR
N	A
W	N
WKKFGAVNYAHQ	TAWMGGSGD
RIY	DQG
DGSW	DKNN
Q	T
YEF	NGA
I	G
W	G
WKRFGAVSYARQQ	NTNIDGSDAG
RY	DG
ARDYYNW	KEKAN
DIGNY	VREQE
T	E
GSRSG	EKT
Y	R
Y	F
R	H
FYYSRR	TYKFE
GSYV	PQ
TWGAGIL	QPPF
AMS	QF
WS	F
GISGSY	FP
FSGKD	QQ
SY	D
HNSYR	NDTI
Y	N
ENSYN	DM
IVMVFTDRG	NSSNK
DI	R
E	R
YSISDI	DR
NY	EI
YGGRIF	EIQ
FAVVGTYSTY	IIID
SN	PR
WDSN	RPNF
YSGY	R
NI	YP
QYNY	PRF
YLSSY	RTY
TS	E
S	E
SSGGNYY	EES
AYSGSS	VEGTF
NY	N
YEF	NNG
Y	A
W	G
WNSGGTNYAQKQ	LDGSRGGDR
R	D
EDW	DN
TN	QN
Y	P
WY	WP
GS	Q
YNYL	ANLQ
DYAS	RTQ
W	Q
YTYNIK	QRAE
R	R
GVD	RQ
WDSIN	ATQK
YYD	AK
NYGIF	DDNEE
SKEVL	RD
WH	ER
EN	RL
WGSPY	EETE
DDD	KKK
EG	K
Y	K
SNL	KE
I	T
GYY	GK
ENPRT	KGT
RINWA	EE
I	R
QGRD	RVS
HNSYR	SMRD
S	G
SW	GK
EYHSSTNK	DQGKD
DDDL	KS
DI	KR
Y	N
YEF	DGG
T	V
FY	A
W	G
WLTSQPSYPSQ	ARGDIGNDGR
RTF	DNT
RD	AK
SSNN	NGK
K	N
YQ	KN
SNSWY	R
T	R
SDV	NK
YSYSSY	RDLS
W	S
R	Q
Q	D
WDSV	PA
TT	QR
SY	P
DNYN	DRP
DRGYY	DP
DKY	PLH
WDAGTL	ILFY
DSW	KRY
IYDDH	IKY
LLQSSN	IRPHS
YNKY	EEP
GTF	LPK
DYAN	LL
YTY	KVN
YDDY	LL
YSYT	DRDF
YLY	F
N	R
HYGR	FDW
GM	HW
YWDDR	R
YGSVD	FP
NKY	K
YP	KQ
YDNW	KE
QVGNIK	KKK
DTY	KE
RDPAN	KTKN
EYYGNYGVYY	KYFNQFKK
