"id","group","score"
"XXX","Paratope",183
"XXXX","Paratope",141
"XXXX1X","Paratope",121
"XXXXX","Paratope",120
"XXXXXX","Paratope",111
"XXX1X","Paratope",89
"XX","Paratope",64
"XXXXXXX","Paratope",59
"X1X","Paratope",55
"XX1X","Paratope",52
"X1XXX","Paratope",39
"XXX1X1X","Paratope",39
"X1XX","Paratope",37
"X1XXX1X1X","Paratope",35
"XXXXX1X","Paratope",34
"X1X1X","Paratope",32
"XX1X1X","Paratope",29
"XXXXXXXX","Paratope",27
"XXXXXX1X","Paratope",26
"X2X","Paratope",25
"X2XXXX","Paratope",25
"X1XXXXX1X","Paratope",24
"X1XXXX","Paratope",23
"X1X1X1X1X","Paratope",22
"X1XXX1X","Paratope",21
"X2X1X","Paratope",21
"X2XXX","Paratope",19
"X4XX","Paratope",19
"XXXXXXXXX","Paratope",19
"X1XXXXX","Paratope",18
"X1X1X1X","Paratope",17
"X1XX1X","Paratope",15
"X1XXX1XXX","Paratope",15
"X1XXXXXXXXXXX1X","Paratope",15
"X4X","Paratope",15
"X1XXXXXX1X","Paratope",14
"X5X","Paratope",14
"XXX3X","Paratope",13
"XXXXX1XXX","Paratope",13
"XXX2X","Paratope",12
"X1X1XXX","Paratope",11
"XX4X","Paratope",11
"XXXXXXXXXX","Paratope",11
"X1X3X1X","Paratope",10
"X1XXXX1X","Paratope",10
"XX2X","Paratope",10
"XX3X","Paratope",10
"XXXX1X1X","Paratope",10
"X1X1X1XXX","Paratope",9
"X1X2X","Paratope",9
"X1XX1X1X","Paratope",9
"X1XXXXXX","Paratope",9
"X2XX","Paratope",9
"XX4XX","Paratope",9
"XXXX1XX","Paratope",9
"XXXXXXXX1X","Paratope",9
"X1XXXXXXX","Paratope",8
"X1XXXXXXXXXX2X","Paratope",8
"X2X1XX","Paratope",8
"X3X","Paratope",8
"X3XXX","Paratope",8
"XXX1XX","Paratope",8
"X23XXX1X","Paratope",7
"XX1XX","Paratope",7
"XX1XXX","Paratope",7
"XX23XXX1X","Paratope",7
"XXX1X1XXX","Paratope",7
"XXX1XX1X","Paratope",7
"XXXXX1XX","Paratope",7
"XXXXX2X","Paratope",7
"X1X1XX","Paratope",6
"X1XX1XX","Paratope",6
"X1XX2X","Paratope",6
"X2XX1X","Paratope",6
"X9X2X","Paratope",6
"XXX1XXX","Paratope",6
"XXXX2X","Paratope",6
"X1X1XXXXX","Paratope",5
"X1XXXX1X1X","Paratope",5
"X2X2X","Paratope",5
"X4XXXX1X1X","Paratope",5
"XXXX2XX","Paratope",5
"XXXX3X","Paratope",5
"XXXXXXX1X","Paratope",5
"XXXXXXXXXXXXX","Paratope",5
"X1X2XX2X1X","Paratope",4
"X1X2XXXX","Paratope",4
"X1XX4X","Paratope",4
"X1XXX1X1XX","Paratope",4
"X1XXXXXXXXXXX","Paratope",4
"X21X","Paratope",4
"X2X1X1X","Paratope",4
"X2XXXXXXXXXX1X","Paratope",4
"X4XXX1X1X","Paratope",4
"X5XX","Paratope",4
"XX1XX1X","Paratope",4
"XX1XXX1X","Paratope",4
"XX2XX","Paratope",4
"XXX2XX","Paratope",4
"XXXXX1XXXX","Paratope",4
"XXXXXX1X1X","Paratope",4
"XXXXXX3X","Paratope",4
"XXXXXXX1XXXXXXX1X","Paratope",4
"XXXXXXXXXXX","Paratope",4
"X1X2X1X","Paratope",3
"X1X3XXX","Paratope",3
"X1XX3X","Paratope",3
"X1XXX1XXX5X","Paratope",3
"X1XXX4X","Paratope",3
"X24XXX1X","Paratope",3
"X2XXXXXXX","Paratope",3
"X2XXXXXXXXX2X","Paratope",3
"X3XX","Paratope",3
"X5X1X","Paratope",3
"X5XXX","Paratope",3
"X7X","Paratope",3
"XX1XXXX","Paratope",3
"XX1XXXXXX","Paratope",3
"XX20X","Paratope",3
"XX3X1X","Paratope",3
"XXXX1XXXX","Paratope",3
"XXXX3XXX","Paratope",3
"XXXXX1X1X","Paratope",3
"XXXXX4X","Paratope",3
"XXXXXX2XXX1X1X","Paratope",3
"XXXXXXXX2X","Paratope",3
"XXXXXXXXXXXX","Paratope",3
"X1X1XX1X","Paratope",2
"X1X1XX2X","Paratope",2
"X1X2XX","Paratope",2
"X1X2XXX","Paratope",2
"X1X4X","Paratope",2
"X1X5X","Paratope",2
"X1XXX1X1X2X","Paratope",2
"X1XXX2X","Paratope",2
"X1XXX2X1X","Paratope",2
"X1XXX3X","Paratope",2
"X1XXXX1XXX","Paratope",2
"X1XXXX3X","Paratope",2
"X1XXXX4X","Paratope",2
"X1XXXXXXXX4X","Paratope",2
"X1XXXXXXXXXX","Paratope",2
"X20X","Paratope",2
"X22XXXXXX","Paratope",2
"X24XX1X","Paratope",2
"X26X","Paratope",2
"X2X2X1X","Paratope",2
"X2X2XXX","Paratope",2
"X2X4X","Paratope",2
"X2XXXX1X","Paratope",2
"X2XXXXX","Paratope",2
"X2XXXXXXXXXX","Paratope",2
"X3X1X","Paratope",2
"X3XXXX","Paratope",2
"X4X1XX1X","Paratope",2
"X4XXXXXXX","Paratope",2
"XX1XXXX1X1X","Paratope",2
"XX1XXXXX1X","Paratope",2
"XX1XXXXXXX","Paratope",2
"XX21X","Paratope",2
"XX23XXX","Paratope",2
"XX24XX1X","Paratope",2
"XXX1X1X1X","Paratope",2
"XXX1XXX5X","Paratope",2
"XXX1XXXX","Paratope",2
"XXX20X","Paratope",2
"XXX2XXX","Paratope",2
"XXX3XX","Paratope",2
"XXX3XXX","Paratope",2
"XXX4X","Paratope",2
"XXXX1XXX","Paratope",2
"XXXX20XXXX1X","Paratope",2
"XXXX2XXX","Paratope",2
"XXXX3X1X","Paratope",2
"XXXX5X","Paratope",2
"XXXXX1XX1X","Paratope",2
"XXXXX2X1X","Paratope",2
"XXXXX2XXX","Paratope",2
"XXXXX2XXX1X1X","Paratope",2
"XXXXXXX1XX","Paratope",2
"XXXXXXXX1XX","Paratope",2
"XXXXXXXX4X","Paratope",2
"XXXXXXXXXXX1X","Paratope",2
"XXXXXXXXXXX4X","Paratope",2
"XXXXXXXXXXXX1X","Paratope",2
"XXXXXXXXXXXXXX","Paratope",2
"X","Paratope",1
"X11XX","Paratope",1
"X12X","Paratope",1
"X1X1X1XXXX1X2X","Paratope",1
"X1X1X1XXXX2X","Paratope",1
"X1X1X1XXXX4X","Paratope",1
"X1X1X2XX2X2XX","Paratope",1
"X1X1XX1X2X","Paratope",1
"X1X1XX2X1XXX","Paratope",1
"X1X1XX2XX","Paratope",1
"X1X1XXX1X","Paratope",1
"X1X1XXX1X1X","Paratope",1
"X1X1XXX2X1X","Paratope",1
"X1X1XXXXXX1X","Paratope",1
"X1X1XXXXXXXXXX2X","Paratope",1
"X1X20XXXXX1X","Paratope",1
"X1X2XXX1X1X","Paratope",1
"X1X2XXXX1X","Paratope",1
"X1X2XXXXX","Paratope",1
"X1X2XXXXXXXXXXX","Paratope",1
"X1X3X1XX1X2X","Paratope",1
"X1X3XX1X1X","Paratope",1
"X1X3XXXXXX2X","Paratope",1
"X1X5XX1X","Paratope",1
"X1X6X1X","Paratope",1
"X1X8X","Paratope",1
"X1XX1X1XXX","Paratope",1
"X1XX1X2XXXXX1X","Paratope",1
"X1XX1XX1X","Paratope",1
"X1XX1XX4X","Paratope",1
"X1XX1XXX","Paratope",1
"X1XX1XXXXXXXX","Paratope",1
"X1XX2X1X","Paratope",1
"X1XX2X1X5X","Paratope",1
"X1XX2XX1X","Paratope",1
"X1XX2XXX","Paratope",1
"X1XX2XXX2X2X","Paratope",1
"X1XX2XXXX","Paratope",1
"X1XX3X1X","Paratope",1
"X1XX5X","Paratope",1
"X1XXX1XX1X","Paratope",1
"X1XXX1XXX2X2X","Paratope",1
"X1XXX1XXXXXX","Paratope",1
"X1XXX2X4X","Paratope",1
"X1XXX2XX","Paratope",1
"X1XXXX1X1X1X","Paratope",1
"X1XXXX1X1X2X","Paratope",1
"X1XXXX1XX","Paratope",1
"X1XXXX1XXXX","Paratope",1
"X1XXXX1XXXX4X","Paratope",1
"X1XXXX2X","Paratope",1
"X1XXXX2X1X","Paratope",1
"X1XXXXX1XX","Paratope",1
"X1XXXXX1XXXXX","Paratope",1
"X1XXXXX2X1X","Paratope",1
"X1XXXXX5X","Paratope",1
"X1XXXXXX1XX","Paratope",1
"X1XXXXXX2X","Paratope",1
"X1XXXXXXX2X","Paratope",1
"X1XXXXXXX2X2X","Paratope",1
"X1XXXXXXXX","Paratope",1
"X1XXXXXXXX1X","Paratope",1
"X1XXXXXXXX2X","Paratope",1
"X1XXXXXXXXX","Paratope",1
"X1XXXXXXXXXX1X","Paratope",1
"X1XXXXXXXXXXX1XX","Paratope",1
"X23X","Paratope",1
"X23XXX","Paratope",1
"X24X","Paratope",1
"X24XXX","Paratope",1
"X25XX1X","Paratope",1
"X26X1X","Paratope",1
"X27X","Paratope",1
"X27XX","Paratope",1
"X28X","Paratope",1
"X2X1XX1X","Paratope",1
"X2X1XXX","Paratope",1
"X2X1XXXX","Paratope",1
"X2X1XXXXXX","Paratope",1
"X2X2X1X5X","Paratope",1
"X2X3XX","Paratope",1
"X2X3XX5X","Paratope",1
"X2X5X","Paratope",1
"X2XX1X1X","Paratope",1
"X2XX2X1X","Paratope",1
"X2XXX1X","Paratope",1
"X2XXX1X1X","Paratope",1
"X2XXXX2X","Paratope",1
"X2XXXXX1X","Paratope",1
"X2XXXXX2XX","Paratope",1
"X2XXXXXX","Paratope",1
"X2XXXXXX2X","Paratope",1
"X2XXXXXXXX1X","Paratope",1
"X3X1XXX","Paratope",1
"X3X1XXXX","Paratope",1
"X3XX1XXXXXXXX1X","Paratope",1
"X3XXX1X1X","Paratope",1
"X3XXXX1X1X","Paratope",1
"X3XXXXX1XXX","Paratope",1
"X3XXXXXXX1X","Paratope",1
"X3XXXXXXXXX","Paratope",1
"X4X1X","Paratope",1
"X4X1XX","Paratope",1
"X4X2XXXXX","Paratope",1
"X4XXX","Paratope",1
"X4XXXX","Paratope",1
"X4XXXXX4X","Paratope",1
"X4XXXXXX","Paratope",1
"X5X1X5X","Paratope",1
"X5X1XX1X2X","Paratope",1
"X5XXX5X","Paratope",1
"X5XXXX1X2X","Paratope",1
"X6X","Paratope",1
"X6XXX","Paratope",1
"X6XXX4X","Paratope",1
"X8X","Paratope",1
"X9X","Paratope",1
"XX1X1X1X","Paratope",1
"XX1X1X5X","Paratope",1
"XX1X1XXXXX","Paratope",1
"XX1X2X1X2X","Paratope",1
"XX1XX4X5X","Paratope",1
"XX1XXX1X1X","Paratope",1
"XX1XXX3X","Paratope",1
"XX1XXX6X","Paratope",1
"XX1XXXXX","Paratope",1
"XX1XXXXXXXXXX","Paratope",1
"XX21XXXXX","Paratope",1
"XX23X1X1X","Paratope",1
"XX23X1XXX","Paratope",1
"XX23XX2X","Paratope",1
"XX23XXXX","Paratope",1
"XX23XXXXX","Paratope",1
"XX26XX","Paratope",1
"XX27X","Paratope",1
"XX2X2XXXXXXX","Paratope",1
"XX3XXX","Paratope",1
"XX5X","Paratope",1
"XXX1X1XX","Paratope",1
"XXX1X1XX1X","Paratope",1
"XXX1X1XXX1XXXXX","Paratope",1
"XXX1X4XX","Paratope",1
"XXX1X5X","Paratope",1
"XXX1XXX2X","Paratope",1
"XXX1XXXX1X2X","Paratope",1
"XXX1XXXX2X","Paratope",1
"XXX1XXXXXX","Paratope",1
"XXX1XXXXXX1X","Paratope",1
"XXX1XXXXXX3X","Paratope",1
"XXX1XXXXXXXX","Paratope",1
"XXX21X","Paratope",1
"XXX2X1X","Paratope",1
"XXX2X1XXXX","Paratope",1
"XXX2X1XXXXXX","Paratope",1
"XXX2XXXXXX","Paratope",1
"XXX3X1X","Paratope",1
"XXX3XXXX","Paratope",1
"XXX5X","Paratope",1
"XXXX1X1XX","Paratope",1
"XXXX1X1XXX","Paratope",1
"XXXX1X2XX","Paratope",1
"XXXX1X3X","Paratope",1
"XXXX1X5X1X","Paratope",1
"XXXX1XX1X","Paratope",1
"XXXX1XX1XX","Paratope",1
"XXXX1XX1XXX","Paratope",1
"XXXX1XXXXX","Paratope",1
"XXXX20X","Paratope",1
"XXXX21X","Paratope",1
"XXXX2X1X","Paratope",1
"XXXX3XX","Paratope",1
"XXXX3XXXXXX2X","Paratope",1
"XXXX7X","Paratope",1
"XXXXX17X1XX","Paratope",1
"XXXXX1X2X1X","Paratope",1
"XXXXX1XXX1X","Paratope",1
"XXXXX1XXXX1X","Paratope",1
"XXXXX1XXXX1X1X","Paratope",1
"XXXXX1XXXXXX","Paratope",1
"XXXXX2X5XX","Paratope",1
"XXXXX2XX","Paratope",1
"XXXXX2XXXXX","Paratope",1
"XXXXXX1X1XXXXX","Paratope",1
"XXXXXX1X1XXXXXX1X","Paratope",1
"XXXXXX1X2X","Paratope",1
"XXXXXX1X5X","Paratope",1
"XXXXXX1XXX","Paratope",1
"XXXXXX1XXX5X","Paratope",1
"XXXXXX1XXXX","Paratope",1
"XXXXXX1XXXX1X1X","Paratope",1
"XXXXXX2X","Paratope",1
"XXXXXX2X2X1X1X","Paratope",1
"XXXXXX3XX","Paratope",1
"XXXXXX3XXXXX","Paratope",1
"XXXXXX3XXXXXX","Paratope",1
"XXXXXXX1X1XXX","Paratope",1
"XXXXXXX1X1XXXX1X","Paratope",1
"XXXXXXX1XX1X","Paratope",1
"XXXXXXX2XX1XX","Paratope",1
"XXXXXXX2XXXX1XX","Paratope",1
"XXXXXXX2XXXXXXX1X","Paratope",1
"XXXXXXX4XXX","Paratope",1
"XXXXXXXX1X2X","Paratope",1
"XXXXXXXX1XX2XX","Paratope",1
"XXXXXXXX1XXXXX","Paratope",1
"XXXXXXXX5X","Paratope",1
"XXXXXXXXX1X1XX","Paratope",1
"XXXXXXXXX1XXX","Paratope",1
"XXXXXXXXX4X","Paratope",1
"XXXXXXXXXX1X","Paratope",1
"XXXXXXXXXX2XXX","Paratope",1
"XXXXXXXXXXX2X","Paratope",1
"XX*","Epitope",60
"X1X*","Epitope",59
"X*","Epitope",43
"X2X*","Epitope",38
"X3X*","Epitope",31
"XX1X*","Epitope",30
"X1XX*","Epitope",29
"X2XX*","Epitope",28
"XXX*","Epitope",27
"X6X*","Epitope",20
"XX2X*","Epitope",20
"X2X1X*","Epitope",17
"X5X*","Epitope",16
"X1X2X*","Epitope",14
"X3XX*","Epitope",13
"X4X*","Epitope",13
"XX3X*","Epitope",13
"X7X*","Epitope",11
"X2X3X*","Epitope",10
"X3X2X*","Epitope",10
"XX1XX*","Epitope",9
"X1XX1X*","Epitope",8
"X2XXX*","Epitope",8
"X8X*","Epitope",8
"X18X*","Epitope",7
"X19X*","Epitope",7
"X25X*","Epitope",7
"X3X1X*","Epitope",7
"XX4X*","Epitope",7
"XXXX*","Epitope",7
"X10X*","Epitope",6
"X1X1X*","Epitope",6
"X1X3X*","Epitope",6
"X1X4X*","Epitope",6
"X1X5X*","Epitope",6
"X21X*","Epitope",6
"X24X*","Epitope",6
"X4XX*","Epitope",6
"X50X*","Epitope",6
"X53X*","Epitope",6
"X5XX*","Epitope",6
"X11X*","Epitope",5
"X15X*","Epitope",5
"X27X*","Epitope",5
"X2X2X*","Epitope",5
"X2XX1X*","Epitope",5
"X34X*","Epitope",5
"X36X*","Epitope",5
"X3X2X3X*","Epitope",5
"X3X4X*","Epitope",5
"X3X7X*","Epitope",5
"X5X2X*","Epitope",5
"X6X2X*","Epitope",5
"X6X3X*","Epitope",5
"XX1X3X*","Epitope",5
"XX2XX*","Epitope",5
"XX3XX*","Epitope",5
"XX5X*","Epitope",5
"X12X*","Epitope",4
"X13X*","Epitope",4
"X1X2XX*","Epitope",4
"X1XX2X*","Epitope",4
"X1XX3X*","Epitope",4
"X22X*","Epitope",4
"X23X*","Epitope",4
"X2XX2X*","Epitope",4
"X32X*","Epitope",4
"X35X*","Epitope",4
"X3X2X1X*","Epitope",4
"X3X6X*","Epitope",4
"X40X*","Epitope",4
"X42X*","Epitope",4
"X47X*","Epitope",4
"X4X1X*","Epitope",4
"X55X*","Epitope",4
"X56X*","Epitope",4
"X5X7X*","Epitope",4
"X68X*","Epitope",4
"X90X*","Epitope",4
"X9X*","Epitope",4
"XX1X2X*","Epitope",4
"XX6X*","Epitope",4
"X114X*","Epitope",3
"X169X*","Epitope",3
"X17X*","Epitope",3
"X182X*","Epitope",3
"X1X27X*","Epitope",3
"X1X6X*","Epitope",3
"X20X*","Epitope",3
"X26X*","Epitope",3
"X28X*","Epitope",3
"X29X*","Epitope",3
"X2X3X2X*","Epitope",3
"X2X4X*","Epitope",3
"X2X5X*","Epitope",3
"X2X6X*","Epitope",3
"X30X*","Epitope",3
"X32X2X*","Epitope",3
"X37X*","Epitope",3
"X3XX1X*","Epitope",3
"X41X*","Epitope",3
"X49X*","Epitope",3
"X4X5X*","Epitope",3
"X51X*","Epitope",3
"X5X1X*","Epitope",3
"X61X*","Epitope",3
"X65X*","Epitope",3
"X6XX*","Epitope",3
"X76X*","Epitope",3
"X78X*","Epitope",3
"XX21X*","Epitope",3
"XX23X*","Epitope",3
"XX4XX*","Epitope",3
"X102X*","Epitope",2
"X103X*","Epitope",2
"X104X*","Epitope",2
"X108X*","Epitope",2
"X109X*","Epitope",2
"X113X*","Epitope",2
"X11X12X*","Epitope",2
"X11X1X*","Epitope",2
"X126X2X*","Epitope",2
"X14X*","Epitope",2
"X16X*","Epitope",2
"X17X3X*","Epitope",2
"X180X*","Epitope",2
"X181X*","Epitope",2
"X182XX*","Epitope",2
"X1X12X*","Epitope",2
"X1X16X*","Epitope",2
"X1X1XX*","Epitope",2
"X1X20X*","Epitope",2
"X1X2X3X*","Epitope",2
"X1X7X*","Epitope",2
"X1X9X*","Epitope",2
"X1XX23X*","Epitope",2
"X1XX4X*","Epitope",2
"X21X3X*","Epitope",2
"X23X24X*","Epitope",2
"X29X28X*","Epitope",2
"X29XX*","Epitope",2
"X2X13X*","Epitope",2
"X2X19X*","Epitope",2
"X2X1X1X*","Epitope",2
"X2X1X81X*","Epitope",2
"X2X1XX*","Epitope",2
"X2X20X*","Epitope",2
"X2X37X*","Epitope",2
"X2X3XX*","Epitope",2
"X2X65X*","Epitope",2
"X2X79X*","Epitope",2
"X2X7X*","Epitope",2
"X2XX4X*","Epitope",2
"X31X29X*","Epitope",2
"X32X1XX*","Epitope",2
"X32X34X*","Epitope",2
"X32XX*","Epitope",2
"X38X*","Epitope",2
"X39X*","Epitope",2
"X3X23X*","Epitope",2
"X3X2XX*","Epitope",2
"X3XX1X3X*","Epitope",2
"X3XX3X*","Epitope",2
"X44X*","Epitope",2
"X46X*","Epitope",2
"X48X*","Epitope",2
"X4X2X*","Epitope",2
"X4X3X*","Epitope",2
"X4X6X*","Epitope",2
"X4XXX*","Epitope",2
"X59X*","Epitope",2
"X5X1XX*","Epitope",2
"X5X6X*","Epitope",2
"X61X62X*","Epitope",2
"X62X*","Epitope",2
"X63X*","Epitope",2
"X6X1X*","Epitope",2
"X6X4X*","Epitope",2
"X6X7X*","Epitope",2
"X73XX*","Epitope",2
"X75X*","Epitope",2
"X77X*","Epitope",2
"X79X25X24X*","Epitope",2
"X7X1X*","Epitope",2
"X7X3X*","Epitope",2
"X7X8X*","Epitope",2
"X7XX*","Epitope",2
"X80X*","Epitope",2
"X80X38X37X*","Epitope",2
"X84X*","Epitope",2
"X85X87X*","Epitope",2
"X86X*","Epitope",2
"X88X*","Epitope",2
"X91X*","Epitope",2
"X93X*","Epitope",2
"X9X7X*","Epitope",2
"XX11X*","Epitope",2
"XX17X*","Epitope",2
"XX1X10X*","Epitope",2
"XX1X1X*","Epitope",2
"XX1X4X*","Epitope",2
"XX25X26X80X*","Epitope",2
"XX26X*","Epitope",2
"XX28X*","Epitope",2
"XX30X*","Epitope",2
"XX39X*","Epitope",2
"XX40X*","Epitope",2
"XX47X*","Epitope",2
"XX6XX*","Epitope",2
"XX7X*","Epitope",2
"XX7XX*","Epitope",2
"XX87X*","Epitope",2
"XX8X*","Epitope",2
"XX8X1X*","Epitope",2
"XXX1X*","Epitope",2
"X100X98X3X*","Epitope",1
"X101X1X*","Epitope",1
"X101X99X*","Epitope",1
"X103X102X*","Epitope",1
"X104X41X31X8X9X38X117X*","Epitope",1
"X107X1X120X*","Epitope",1
"X109XXX106X*","Epitope",1
"X10X11XX14XX*","Epitope",1
"X10X13X38X*","Epitope",1
"X10X18X27X*","Epitope",1
"X10X1X*","Epitope",1
"X10X1X96X*","Epitope",1
"X10X206X*","Epitope",1
"X10X2X*","Epitope",1
"X10X2X33X27X*","Epitope",1
"X10X2X6X90X*","Epitope",1
"X10X300X1X81X*","Epitope",1
"X10X3X*","Epitope",1
"X10X3X62X63X3X2X*","Epitope",1
"X10X7X*","Epitope",1
"X10X8X231X1X*","Epitope",1
"X10XX10X*","Epitope",1
"X10XX2X60X*","Epitope",1
"X10XX42X34X*","Epitope",1
"X10XX4X40X4X17X*","Epitope",1
"X10XX65X63X2X3X2X*","Epitope",1
"X111X107X*","Epitope",1
"X113X111X75XX*","Epitope",1
"X114X107X106X104X*","Epitope",1
"X115X170X*","Epitope",1
"X115X2X*","Epitope",1
"X115X3X117X*","Epitope",1
"X115XX1X*","Epitope",1
"X115XXX*","Epitope",1
"X116X46X68X3X1X*","Epitope",1
"X117X114X*","Epitope",1
"X117X22X16X*","Epitope",1
"X11X10X*","Epitope",1
"X11X10X4X*","Epitope",1
"X11X12X3X*","Epitope",1
"X11X19X*","Epitope",1
"X11X1X2X*","Epitope",1
"X11X24X10X*","Epitope",1
"X11X2X15X13X14X*","Epitope",1
"X11X2X94X*","Epitope",1
"X11X55X47X2X43X*","Epitope",1
"X11X7X15X*","Epitope",1
"X11X7XX3X*","Epitope",1
"X11X9X*","Epitope",1
"X11XXX*","Epitope",1
"X121X*","Epitope",1
"X121X76X74X93XX46X*","Epitope",1
"X124X25X3X*","Epitope",1
"X127X*","Epitope",1
"X128X*","Epitope",1
"X128X2X2XX*","Epitope",1
"X12X1X*","Epitope",1
"X12X21X*","Epitope",1
"X12X24X*","Epitope",1
"X12X3X7X35X*","Epitope",1
"X12X7X1X*","Epitope",1
"X12XX*","Epitope",1
"X130X*","Epitope",1
"X130X1X134X1X2X58X54X*","Epitope",1
"X131X*","Epitope",1
"X132X*","Epitope",1
"X132X127X*","Epitope",1
"X133X2X127X3X*","Epitope",1
"X134X*","Epitope",1
"X134X42X56XX*","Epitope",1
"X134XXX*","Epitope",1
"X135XX3X1X*","Epitope",1
"X136X1X*","Epitope",1
"X136X1X40X47X*","Epitope",1
"X137X*","Epitope",1
"X137X4X*","Epitope",1
"X138X*","Epitope",1
"X13X11X*","Epitope",1
"X13X1X*","Epitope",1
"X13X2X35X1X46XX*","Epitope",1
"X13X2XX1X7X*","Epitope",1
"X13X3X36X83X38X*","Epitope",1
"X13X3XX17X*","Epitope",1
"X13X4X2X*","Epitope",1
"X13X6XX*","Epitope",1
"X13XX24X*","Epitope",1
"X13XX2X*","Epitope",1
"X140X*","Epitope",1
"X140X166X22X*","Epitope",1
"X141X*","Epitope",1
"X141X143X*","Epitope",1
"X142X*","Epitope",1
"X143X176X*","Epitope",1
"X143X88X*","Epitope",1
"X144X*","Epitope",1
"X145X*","Epitope",1
"X145X18X*","Epitope",1
"X146X60X1X91XX1X*","Epitope",1
"X147X*","Epitope",1
"X147X58X3XX1X92XX1X*","Epitope",1
"X148X145X144X*","Epitope",1
"X148X146X*","Epitope",1
"X148X156X1X*","Epitope",1
"X148X20X15X*","Epitope",1
"X148X3X*","Epitope",1
"X148X57X4XX90XX1X7X*","Epitope",1
"X148XX*","Epitope",1
"X149X148XX107X103X*","Epitope",1
"X149X62X1XX92X1X5X*","Epitope",1
"X14X12X*","Epitope",1
"X14X15X*","Epitope",1
"X14X16X17X*","Epitope",1
"X14X1X*","Epitope",1
"X14XX*","Epitope",1
"X150X*","Epitope",1
"X151X148X1X*","Epitope",1
"X151X24X*","Epitope",1
"X153X2X*","Epitope",1
"X154X37X29X31X28X*","Epitope",1
"X155X154X*","Epitope",1
"X155X5X*","Epitope",1
"X157X161XX1X1X*","Epitope",1
"X159XX*","Epitope",1
"X15X14X9X1X*","Epitope",1
"X15X17X2X*","Epitope",1
"X15X26X24X*","Epitope",1
"X15X42X3X*","Epitope",1
"X15XX16X2X*","Epitope",1
"X162X53X61X*","Epitope",1
"X162XX366X369X*","Epitope",1
"X163X*","Epitope",1
"X163X59X*","Epitope",1
"X166X163XX*","Epitope",1
"X166X22X141X183X*","Epitope",1
"X167X*","Epitope",1
"X167X21X*","Epitope",1
"X168X*","Epitope",1
"X169X73X*","Epitope",1
"X16X143X*","Epitope",1
"X16X1X*","Epitope",1
"X16X1X99X*","Epitope",1
"X16X1XX21X1X*","Epitope",1
"X16X2X*","Epitope",1
"X16X2X8X*","Epitope",1
"X16X2X9X*","Epitope",1
"X16X9X*","Epitope",1
"X16XX19X*","Epitope",1
"X170X*","Epitope",1
"X173X145XX58X90X92X93X1X*","Epitope",1
"X173X172X191XX1X217X108X4X5X*","Epitope",1
"X173X192X105X2X86X92X93X1X11X*","Epitope",1
"X173X86X2X4XX93X9X8X*","Epitope",1
"X174X25X61XX1X2X83X177XX*","Epitope",1
"X174X2XX*","Epitope",1
"X176X*","Epitope",1
"X176X177X*","Epitope",1
"X176X1X14X*","Epitope",1
"X176XX179X*","Epitope",1
"X177X*","Epitope",1
"X178X*","Epitope",1
"X178X176X2X1X*","Epitope",1
"X178X1X*","Epitope",1
"X178XX*","Epitope",1
"X179X*","Epitope",1
"X179X177X175X1X174X170X*","Epitope",1
"X179X1X*","Epitope",1
"X179X2X*","Epitope",1
"X179XX*","Epitope",1
"X17X104XX90X10X2X6X93X*","Epitope",1
"X17X18X*","Epitope",1
"X17X1X102X*","Epitope",1
"X17X23X22X*","Epitope",1
"X17X24XX*","Epitope",1
"X17X2X*","Epitope",1
"X17X43X57X3XX89X1XX1X*","Epitope",1
"X17XX101X*","Epitope",1
"X180X138X28X4X166X*","Epitope",1
"X180X42XXX*","Epitope",1
"X180XX*","Epitope",1
"X181X183X*","Epitope",1
"X181XX*","Epitope",1
"X183X186X185X184X2X1X11X1XX*","Epitope",1
"X184X178X4X*","Epitope",1
"X184X378X192X1X2X*","Epitope",1
"X184XX1X*","Epitope",1
"X184XXX*","Epitope",1
"X187X*","Epitope",1
"X187X181X*","Epitope",1
"X187X182X*","Epitope",1
"X189X190X109X1X231X4X*","Epitope",1
"X189X190X339X229X*","Epitope",1
"X18X10X29XX*","Epitope",1
"X18X19X*","Epitope",1
"X18X1X116X*","Epitope",1
"X18X1X3X97XXX110X1X7X*","Epitope",1
"X18X1XX*","Epitope",1
"X18X243X*","Epitope",1
"X18X2X2X*","Epitope",1
"X18X3X*","Epitope",1
"X18X49X*","Epitope",1
"X18XX*","Epitope",1
"X18XX1X*","Epitope",1
"X190X362X318X56X4X89X2XX10X*","Epitope",1
"X190X44X59XX90X91X92XX9X*","Epitope",1
"X191X190X1X2X*","Epitope",1
"X191X2XX*","Epitope",1
"X191XX102X2X103X105X88X1XX6X3X*","Epitope",1
"X192X102X3X108X110X90X93X103X*","Epitope",1
"X192X104X2X4XX91XX2X7X*","Epitope",1
"X192X105XX1X103X10X1X2X*","Epitope",1
"X192X43X57X4XX92XX3X5X*","Epitope",1
"X192XX106X3X5X91XX7X5X8X*","Epitope",1
"X192XX106XX1X88X1X1X1X2X*","Epitope",1
"X193X1X192X*","Epitope",1
"X193X44X42X100X5X91X90X96X3X*","Epitope",1
"X194X*","Epitope",1
"X194X3X104X2X4X84X176XX10X*","Epitope",1
"X195X*","Epitope",1
"X195X197X*","Epitope",1
"X196X*","Epitope",1
"X19X16X*","Epitope",1
"X19X1X*","Epitope",1
"X19X20X*","Epitope",1
"X19X21X*","Epitope",1
"X19X25X*","Epitope",1
"X19X43X66X45XX*","Epitope",1
"X19X46X51X76X*","Epitope",1
"X19XX*","Epitope",1
"X19XX15X3X*","Epitope",1
"X19XX1X2X*","Epitope",1
"X1X108X*","Epitope",1
"X1X108X2X*","Epitope",1
"X1X113X*","Epitope",1
"X1X11X*","Epitope",1
"X1X11X12X6XX*","Epitope",1
"X1X11X24X*","Epitope",1
"X1X12XX*","Epitope",1
"X1X132X134X6X3X62X56X*","Epitope",1
"X1X135X144X3X2X58X2X*","Epitope",1
"X1X136X131X*","Epitope",1
"X1X13X*","Epitope",1
"X1X14X*","Epitope",1
"X1X14X7X*","Epitope",1
"X1X16X22X23X*","Epitope",1
"X1X179X*","Epitope",1
"X1X179XX*","Epitope",1
"X1X181X*","Epitope",1
"X1X181X182X123X73X*","Epitope",1
"X1X183X184X*","Epitope",1
"X1X18X*","Epitope",1
"X1X18X27X*","Epitope",1
"X1X192X2X101X83X89X92XX1X*","Epitope",1
"X1X19X44X*","Epitope",1
"X1X1X14XX8X*","Epitope",1
"X1X1X1X*","Epitope",1
"X1X1X22X*","Epitope",1
"X1X1X23X26X*","Epitope",1
"X1X1X3XX60X*","Epitope",1
"X1X1X4X*","Epitope",1
"X1X1X6X3X59XX52X*","Epitope",1
"X1X1XX1X*","Epitope",1
"X1X209X*","Epitope",1
"X1X20X21X*","Epitope",1
"X1X20X62X60X19X*","Epitope",1
"X1X20X74X*","Epitope",1
"X1X21X*","Epitope",1
"X1X22X*","Epitope",1
"X1X23X*","Epitope",1
"X1X23X65X1X*","Epitope",1
"X1X23XX35X*","Epitope",1
"X1X24X*","Epitope",1
"X1X24X20X6X*","Epitope",1
"X1X257X*","Epitope",1
"X1X25X2X5X*","Epitope",1
"X1X26X21XX*","Epitope",1
"X1X2X16XX*","Epitope",1
"X1X2X19X21X*","Epitope",1
"X1X2X1X*","Epitope",1
"X1X2X1X18X*","Epitope",1
"X1X2X31X*","Epitope",1
"X1X2X5X*","Epitope",1
"X1X2X63X16X*","Epitope",1
"X1X2XX128X133X*","Epitope",1
"X1X2XX2X*","Epitope",1
"X1X2XX6X3X62X1X56X*","Epitope",1
"X1X2XXX*","Epitope",1
"X1X33X*","Epitope",1
"X1X340X1X26X*","Epitope",1
"X1X37X1X*","Epitope",1
"X1X38X39X1X*","Epitope",1
"X1X39X*","Epitope",1
"X1X3X179X*","Epitope",1
"X1X3X2X*","Epitope",1
"X1X3X4X1X*","Epitope",1
"X1X42X41X*","Epitope",1
"X1X44X*","Epitope",1
"X1X47X8X*","Epitope",1
"X1X4X1X*","Epitope",1
"X1X4X2XX*","Epitope",1
"X1X4X47XX41X*","Epitope",1
"X1X4X62X2XX*","Epitope",1
"X1X4X9X1X*","Epitope",1
"X1X4XX*","Epitope",1
"X1X50X*","Epitope",1
"X1X57X54XX*","Epitope",1
"X1X57X60X29X32X*","Epitope",1
"X1X58X4X*","Epitope",1
"X1X58XX40X93X*","Epitope",1
"X1X5X2X*","Epitope",1
"X1X63X27X*","Epitope",1
"X1X6X16X18X*","Epitope",1
"X1X6X1X7X50X*","Epitope",1
"X1X6X3X*","Epitope",1
"X1X6XX1X*","Epitope",1
"X1X6XXX*","Epitope",1
"X1X70X*","Epitope",1
"X1X71X72X*","Epitope",1
"X1X74X*","Epitope",1
"X1X76X*","Epitope",1
"X1X77X4X81X*","Epitope",1
"X1X77XX*","Epitope",1
"X1X7XX*","Epitope",1
"X1X80X*","Epitope",1
"X1X80X79X*","Epitope",1
"X1X82X57X27X*","Epitope",1
"X1X8X2X9X*","Epitope",1
"X1X96X1X111XXX9X*","Epitope",1
"X1X97X*","Epitope",1
"X1X9X10XX*","Epitope",1
"X1X9X12XX*","Epitope",1
"X1X9XX*","Epitope",1
"X1XX109X*","Epitope",1
"X1XX15X41X27X*","Epitope",1
"X1XX1X146XX178X1X7X*","Epitope",1
"X1XX1X15X*","Epitope",1
"X1XX1X1X*","Epitope",1
"X1XX1X78X*","Epitope",1
"X1XX22X25X1X*","Epitope",1
"X1XX26X*","Epitope",1
"X1XX29X86X174X89X91X*","Epitope",1
"X1XX2XX*","Epitope",1
"X1XX3X29X*","Epitope",1
"X1XX3XX*","Epitope",1
"X1XX40X*","Epitope",1
"X1XX47X1X*","Epitope",1
"X1XX4XX1X*","Epitope",1
"X1XX5X*","Epitope",1
"X1XX64X47X*","Epitope",1
"X1XX9X*","Epitope",1
"X1XXX*","Epitope",1
"X1XXX5X*","Epitope",1
"X1XXX7X*","Epitope",1
"X1XXX9X*","Epitope",1
"X204X143X33X1X*","Epitope",1
"X207X194X9XX1X*","Epitope",1
"X20X11X74X*","Epitope",1
"X20X18X59X*","Epitope",1
"X20X19XX*","Epitope",1
"X20X22X12X*","Epitope",1
"X20X23X*","Epitope",1
"X20X28X24X*","Epitope",1
"X20X35X34X18X*","Epitope",1
"X20X4XX*","Epitope",1
"X20XX5X*","Epitope",1
"X210X*","Epitope",1
"X211X1X217X20XX14X30X*","Epitope",1
"X213X*","Epitope",1
"X216X*","Epitope",1
"X219X301X1X*","Epitope",1
"X21X142X147XX*","Epitope",1
"X21X18X*","Epitope",1
"X21X1X*","Epitope",1
"X21X20X*","Epitope",1
"X21X28X2X3X*","Epitope",1
"X21X2XX*","Epitope",1
"X21X43X26X17X48X*","Epitope",1
"X21X7X11X1X*","Epitope",1
"X21XX*","Epitope",1
"X21XX3X*","Epitope",1
"X220X*","Epitope",1
"X220X49X*","Epitope",1
"X222X*","Epitope",1
"X22X13X47X8XX1X*","Epitope",1
"X22X18X*","Epitope",1
"X22X1X*","Epitope",1
"X22X1X27X*","Epitope",1
"X22X21X*","Epitope",1
"X22X23X*","Epitope",1
"X22X24X*","Epitope",1
"X22X24X23X1X*","Epitope",1
"X22X2X20X*","Epitope",1
"X22X34X*","Epitope",1
"X22X39X18X*","Epitope",1
"X22X3X*","Epitope",1
"X22X46X*","Epitope",1
"X22XX*","Epitope",1
"X22XX22X21X*","Epitope",1
"X230X2X117XX3X*","Epitope",1
"X231X*","Epitope",1
"X233X230X*","Epitope",1
"X234X1X*","Epitope",1
"X235X19X6X*","Epitope",1
"X236X*","Epitope",1
"X23X1X*","Epitope",1
"X23X24X27X*","Epitope",1
"X23X25X2X*","Epitope",1
"X23X2X*","Epitope",1
"X23X2X17XX*","Epitope",1
"X23X38X8X21X*","Epitope",1
"X23X3X15X*","Epitope",1
"X23X8X*","Epitope",1
"X23XX26X*","Epitope",1
"X23XX49X22X*","Epitope",1
"X242X*","Epitope",1
"X243X*","Epitope",1
"X244X1X208X*","Epitope",1
"X248X1X277X*","Epitope",1
"X24X141X27X138X*","Epitope",1
"X24X1X*","Epitope",1
"X24X25X*","Epitope",1
"X24X25X40X*","Epitope",1
"X24X26X*","Epitope",1
"X24X26X27X*","Epitope",1
"X24X43X*","Epitope",1
"X24X7X*","Epitope",1
"X24XX51X22X*","Epitope",1
"X25X1X*","Epitope",1
"X25X1X60X2X89X*","Epitope",1
"X25X20X1X*","Epitope",1
"X25X26X71X48X77X*","Epitope",1
"X25X26X99X95X*","Epitope",1
"X25X2X*","Epitope",1
"X263XX266X*","Epitope",1
"X264X257XX*","Epitope",1
"X26X1X*","Epitope",1
"X26X25X*","Epitope",1
"X26X27X*","Epitope",1
"X26X27XX*","Epitope",1
"X26X27XX2X*","Epitope",1
"X26X30XX*","Epitope",1
"X26X3X*","Epitope",1
"X26X44X1X*","Epitope",1
"X26X54X*","Epitope",1
"X26XX*","Epitope",1
"X27X119X118X1XX*","Epitope",1
"X27X23X24X27X*","Epitope",1
"X27X23X8X20X7X21X*","Epitope",1
"X27X23XX*","Epitope",1
"X27X26X2X*","Epitope",1
"X27X28X*","Epitope",1
"X27X3X*","Epitope",1
"X27X3X28X1X1X*","Epitope",1
"X27X58X2X86X1X4X5X1X*","Epitope",1
"X27X85X*","Epitope",1
"X27XX*","Epitope",1
"X27XX3X*","Epitope",1
"X282X284X*","Epitope",1
"X28X102X18X*","Epitope",1
"X28X21X3X*","Epitope",1
"X28X2X11XX*","Epitope",1
"X28X2X28X54X19X*","Epitope",1
"X28X32X*","Epitope",1
"X28X35X*","Epitope",1
"X299X*","Epitope",1
"X29X10X1X*","Epitope",1
"X29X16X*","Epitope",1
"X29X1X*","Epitope",1
"X29X26X3X*","Epitope",1
"X29X30X*","Epitope",1
"X29X33XX56X54X*","Epitope",1
"X29X53X*","Epitope",1
"X29XX26XX2X*","Epitope",1
"X29XX80X*","Epitope",1
"X2X100X105X90X1X*","Epitope",1
"X2X106X1X5X*","Epitope",1
"X2X10X2X10X*","Epitope",1
"X2X110XX229X1X230X232XX*","Epitope",1
"X2X111X4X*","Epitope",1
"X2X113X111X*","Epitope",1
"X2X11X*","Epitope",1
"X2X122X129X*","Epitope",1
"X2X13X12X*","Epitope",1
"X2X142X*","Epitope",1
"X2X143X1X56X2X4X89X1XX93X*","Epitope",1
"X2X14X*","Epitope",1
"X2X14X3X4X*","Epitope",1
"X2X15X6X2X*","Epitope",1
"X2X16X*","Epitope",1
"X2X170X171X*","Epitope",1
"X2X17X*","Epitope",1
"X2X181X177X*","Epitope",1
"X2X189X45X55X100X106X91X90X91X8X7X*","Epitope",1
"X2X190X102X2X1XX91X2XX*","Epitope",1
"X2X191X*","Epitope",1
"X2X192X108XX4X5X92XX1X3X*","Epitope",1
"X2X19X21X*","Epitope",1
"X2X1X26XX*","Epitope",1
"X2X1X27X*","Epitope",1
"X2X1X37X2X*","Epitope",1
"X2X1X3X*","Epitope",1
"X2X1X42X*","Epitope",1
"X2X1X53X*","Epitope",1
"X2X1X5X*","Epitope",1
"X2X1XX29X46X*","Epitope",1
"X2X21X14XX10X*","Epitope",1
"X2X21X18X*","Epitope",1
"X2X21X1XX2XX*","Epitope",1
"X2X22X*","Epitope",1
"X2X22X16XX*","Epitope",1
"X2X23X25X*","Epitope",1
"X2X24X*","Epitope",1
"X2X25X24X*","Epitope",1
"X2X25X29X2X44XX35X*","Epitope",1
"X2X27X25X*","Epitope",1
"X2X27XX*","Epitope",1
"X2X29X*","Epitope",1
"X2X29X2XXX*","Epitope",1
"X2X2X10X44X1X*","Epitope",1
"X2X2X1X*","Epitope",1
"X2X2X1X2X*","Epitope",1
"X2X2X1X6X*","Epitope",1
"X2X2X21X*","Epitope",1
"X2X2X6X*","Epitope",1
"X2X2X82X*","Epitope",1
"X2X2XX*","Epitope",1
"X2X31X2X*","Epitope",1
"X2X32XX*","Epitope",1
"X2X338X309XX*","Epitope",1
"X2X34X*","Epitope",1
"X2X39X*","Epitope",1
"X2X3X105X107X91X2XX*","Epitope",1
"X2X3X10XX*","Epitope",1
"X2X3X140X*","Epitope",1
"X2X3X184X176X2X*","Epitope",1
"X2X3X1X*","Epitope",1
"X2X3X25X*","Epitope",1
"X2X3X2X30X16X3X7X*","Epitope",1
"X2X3X2XX*","Epitope",1
"X2X3X4X*","Epitope",1
"X2X3X89X*","Epitope",1
"X2X3X8X*","Epitope",1
"X2X3X9X15X*","Epitope",1
"X2X40X23X21X*","Epitope",1
"X2X42X*","Epitope",1
"X2X48X59X*","Epitope",1
"X2X4X3X*","Epitope",1
"X2X4X5X*","Epitope",1
"X2X4X9X*","Epitope",1
"X2X51X*","Epitope",1
"X2X52XX44X*","Epitope",1
"X2X55X109X11X71X7X*","Epitope",1
"X2X57X1X1X*","Epitope",1
"X2X57X3X*","Epitope",1
"X2X5X6X12X16X*","Epitope",1
"X2X5X85X176X*","Epitope",1
"X2X5XX*","Epitope",1
"X2X64X37XX29X*","Epitope",1
"X2X66X*","Epitope",1
"X2X6X2X*","Epitope",1
"X2X6X2XX23X3X*","Epitope",1
"X2X6XX*","Epitope",1
"X2X7X3X*","Epitope",1
"X2X80XX*","Epitope",1
"X2X8X4X1X*","Epitope",1
"X2X99XX*","Epitope",1
"X2X9XX*","Epitope",1
"X2XX12X2X3X*","Epitope",1
"X2XX178X25X*","Epitope",1
"X2XX21X*","Epitope",1
"X2XX2X170X*","Epitope",1
"X2XX2X21X1X11X*","Epitope",1
"X2XX30XX3X*","Epitope",1
"X2XX44X*","Epitope",1
"X2XX63X2XX*","Epitope",1
"X2XX80X*","Epitope",1
"X309X5XX316X435X*","Epitope",1
"X30X16X98X*","Epitope",1
"X30X18X*","Epitope",1
"X30X1X*","Epitope",1
"X30X27X181X*","Epitope",1
"X30X28X178X*","Epitope",1
"X30X28X4X167X126X43X169X164X*","Epitope",1
"X30X29X1X*","Epitope",1
"X30X31X*","Epitope",1
"X30X34X*","Epitope",1
"X30X36X35X1X1X2X*","Epitope",1
"X30X39X*","Epitope",1
"X30X8X1X18X2X*","Epitope",1
"X30XX*","Epitope",1
"X312X310X229X*","Epitope",1
"X314X250X66XX*","Epitope",1
"X317X80X*","Epitope",1
"X31X*","Epitope",1
"X31X299X330XX18X*","Epitope",1
"X31X2XX*","Epitope",1
"X31X30X*","Epitope",1
"X31X3X88X51X*","Epitope",1
"X31X7X*","Epitope",1
"X31X88X*","Epitope",1
"X321X3X*","Epitope",1
"X32X25X*","Epitope",1
"X32X31X29XX2X2X*","Epitope",1
"X32X34X68X24X*","Epitope",1
"X32X3X*","Epitope",1
"X32X3XX3X*","Epitope",1
"X32X42X184X182X39X*","Epitope",1
"X32X43X1XX*","Epitope",1
"X32X5X*","Epitope",1
"X32XX36X3X*","Epitope",1
"X32XX38X*","Epitope",1
"X335X11X8X*","Epitope",1
"X33X*","Epitope",1
"X33X10X*","Epitope",1
"X33X10X2X15X22XX*","Epitope",1
"X33X3X30X31X64X*","Epitope",1
"X33XX1X28X63X*","Epitope",1
"X33XX36XX*","Epitope",1
"X342X*","Epitope",1
"X34X2X*","Epitope",1
"X34X30X121X*","Epitope",1
"X34X50X*","Epitope",1
"X34X64X8X26X23X*","Epitope",1
"X34X70X36X*","Epitope",1
"X34X86X*","Epitope",1
"X34XX14X1X*","Epitope",1
"X34XX33X*","Epitope",1
"X34XX35XX*","Epitope",1
"X35X12X*","Epitope",1
"X35X154X157X*","Epitope",1
"X35X1X*","Epitope",1
"X35X28X8XX*","Epitope",1
"X35X2XX*","Epitope",1
"X35X37X*","Epitope",1
"X35X3X*","Epitope",1
"X35X50XX*","Epitope",1
"X35XX*","Epitope",1
"X369X3X*","Epitope",1
"X36X128X*","Epitope",1
"X36X1X5X46X2X*","Epitope",1
"X36X2X38X*","Epitope",1
"X36X32X89X1X10X13XX*","Epitope",1
"X36X34X*","Epitope",1
"X36X34X73X2X*","Epitope",1
"X36X35X*","Epitope",1
"X36X35X1X12X*","Epitope",1
"X36X38X*","Epitope",1
"X36X3X*","Epitope",1
"X36X41XX3X*","Epitope",1
"X36X55X52X54X58X38X*","Epitope",1
"X36X5X10X*","Epitope",1
"X36X90X*","Epitope",1
"X36XX*","Epitope",1
"X373X179XX*","Epitope",1
"X373X179XX1X*","Epitope",1
"X373X2X175X1X*","Epitope",1
"X373X4X183X1X*","Epitope",1
"X376X181XX*","Epitope",1
"X376X183X1X2X*","Epitope",1
"X376X1X183XX*","Epitope",1
"X376X1X184X2X1X*","Epitope",1
"X378X184X2X1X*","Epitope",1
"X378X376X182X2X1XX*","Epitope",1
"X378X3X204X6X2X1X*","Epitope",1
"X378X3X383X185XXX*","Epitope",1
"X37X129X94X3X*","Epitope",1
"X37X1X72XX79X1X*","Epitope",1
"X37X30X29X*","Epitope",1
"X37X31X1X92XX18X23X*","Epitope",1
"X37X39X64X*","Epitope",1
"X37XX*","Epitope",1
"X38X18X*","Epitope",1
"X38X1X*","Epitope",1
"X38X1X34XX14X1X*","Epitope",1
"X38X39X*","Epitope",1
"X38X42XXX*","Epitope",1
"X38X4X*","Epitope",1
"X38XX68X28X*","Epitope",1
"X392X11X*","Epitope",1
"X3994X*","Epitope",1
"X3998X2X*","Epitope",1
"X39X35XX*","Epitope",1
"X39X36XX5X23X*","Epitope",1
"X39X38X58X*","Epitope",1
"X39X3X*","Epitope",1
"X39X40X*","Epitope",1
"X39X44X38X*","Epitope",1
"X39X46X49XX*","Epitope",1
"X39XX*","Epitope",1
"X39XX45X5XX*","Epitope",1
"X3X100X*","Epitope",1
"X3X10XX1X6X2X*","Epitope",1
"X3X114X*","Epitope",1
"X3X12X*","Epitope",1
"X3X13X*","Epitope",1
"X3X13X1X4X15XX9X*","Epitope",1
"X3X142X*","Epitope",1
"X3X15X2X16X*","Epitope",1
"X3X16XX*","Epitope",1
"X3X178X*","Epitope",1
"X3X178X247X255XX1X178X*","Epitope",1
"X3X17XXX*","Epitope",1
"X3X180X*","Epitope",1
"X3X180XX*","Epitope",1
"X3X189X*","Epitope",1
"X3X18X*","Epitope",1
"X3X19X*","Epitope",1
"X3X1X15X*","Epitope",1
"X3X1X15X14X11X*","Epitope",1
"X3X1X2X*","Epitope",1
"X3X1X32X*","Epitope",1
"X3X1X51X*","Epitope",1
"X3X1X64X45X*","Epitope",1
"X3X1X6X*","Epitope",1
"X3X1X8X*","Epitope",1
"X3X1XX*","Epitope",1
"X3X1XX14X2X*","Epitope",1
"X3X20X10X*","Epitope",1
"X3X20X1X3XX*","Epitope",1
"X3X214X*","Epitope",1
"X3X2X19X5XX1X*","Epitope",1
"X3X2X1X78X*","Epitope",1
"X3X2X20X16X6X*","Epitope",1
"X3X2X22X*","Epitope",1
"X3X2X34XX*","Epitope",1
"X3X2X39XX*","Epitope",1
"X3X2X51X14X17X*","Epitope",1
"X3X2X63X*","Epitope",1
"X3X2X7X*","Epitope",1
"X3X2X93X104X5X3X8X1X*","Epitope",1
"X3X30X*","Epitope",1
"X3X30X27X*","Epitope",1
"X3X30X2X4X*","Epitope",1
"X3X31X*","Epitope",1
"X3X32X*","Epitope",1
"X3X34X*","Epitope",1
"X3X37X15X*","Epitope",1
"X3X37X38X40X72X35X*","Epitope",1
"X3X382X184X2X1XX*","Epitope",1
"X3X3X*","Epitope",1
"X3X3X44X*","Epitope",1
"X3X3X4X*","Epitope",1
"X3X3X6X*","Epitope",1
"X3X43X2XX*","Epitope",1
"X3X46X83X*","Epitope",1
"X3X48X*","Epitope",1
"X3X49X*","Epitope",1
"X3X4X1X*","Epitope",1
"X3X4X3X*","Epitope",1
"X3X4X78X*","Epitope",1
"X3X50X1X41X*","Epitope",1
"X3X51X19X24X9X*","Epitope",1
"X3X52X54X*","Epitope",1
"X3X56X1X7X*","Epitope",1
"X3X56X54XX*","Epitope",1
"X3X58X*","Epitope",1
"X3X59X10X14X16X*","Epitope",1
"X3X59X277X*","Epitope",1
"X3X5X1XX5X*","Epitope",1
"X3X5X21X*","Epitope",1
"X3X5X3X*","Epitope",1
"X3X5X3XX*","Epitope",1
"X3X5X4X*","Epitope",1
"X3X63X*","Epitope",1
"X3X77X*","Epitope",1
"X3X77X80X3X*","Epitope",1
"X3X7XX*","Epitope",1
"X3X8X*","Epitope",1
"X3X8X16X17X2X*","Epitope",1
"X3X9X11X*","Epitope",1
"X3X9X67X64X2X6X*","Epitope",1
"X3X9XX*","Epitope",1
"X3XX101X*","Epitope",1
"X3XX141X1X139X3X*","Epitope",1
"X3XX14X*","Epitope",1
"X3XX1X196X46XX246X*","Epitope",1
"X3XX1X6X*","Epitope",1
"X3XX3X2XX*","Epitope",1
"X3XX3X2XX2X6X*","Epitope",1
"X3XX3X3XX1X*","Epitope",1
"X3XX6X2X2X*","Epitope",1
"X3XX6XX3XX6X*","Epitope",1
"X3XXX*","Epitope",1
"X40X19X*","Epitope",1
"X40X35X39X2X9X29X*","Epitope",1
"X40X38X26X2X*","Epitope",1
"X40X43X50X*","Epitope",1
"X40X61X*","Epitope",1
"X411X410X1X*","Epitope",1
"X41X117X*","Epitope",1
"X41X16X55X*","Epitope",1
"X41X290X254X2X7XX22X*","Epitope",1
"X41X29X*","Epitope",1
"X41X2XX*","Epitope",1
"X41X33X*","Epitope",1
"X41X37X*","Epitope",1
"X41X42X48X*","Epitope",1
"X41X43X3X40X45X*","Epitope",1
"X41X7X*","Epitope",1
"X41X80X*","Epitope",1
"X41XX*","Epitope",1
"X41XX49X*","Epitope",1
"X420X1X*","Epitope",1
"X424X*","Epitope",1
"X42X1X*","Epitope",1
"X42X1X13X*","Epitope",1
"X42X41X*","Epitope",1
"X42X45X44X*","Epitope",1
"X42X64X63X1X*","Epitope",1
"X42XX1X*","Epitope",1
"X43X*","Epitope",1
"X43X140X225X*","Epitope",1
"X43X1X42X*","Epitope",1
"X43X25X*","Epitope",1
"X43X45X48X*","Epitope",1
"X43XX4X3X*","Epitope",1
"X44X11XX11X*","Epitope",1
"X44X1X2X1X*","Epitope",1
"X44X1X47X96X3XX*","Epitope",1
"X44X42X*","Epitope",1
"X44X42X46X1X10X*","Epitope",1
"X44XX2X*","Epitope",1
"X45X19X24X*","Epitope",1
"X45X1X78X31X*","Epitope",1
"X45X77X79X*","Epitope",1
"X46X1X*","Epitope",1
"X46X1X11X3X5X7X*","Epitope",1
"X46X31X*","Epitope",1
"X46X31X89X5X2X*","Epitope",1
"X46X41X*","Epitope",1
"X46X76X*","Epitope",1
"X47X19X17X44X*","Epitope",1
"X47X20X71X*","Epitope",1
"X47X23X46X21X*","Epitope",1
"X47X48X*","Epitope",1
"X47XX*","Epitope",1
"X47XX27X19X*","Epitope",1
"X48X2XX47X*","Epitope",1
"X49X51X55X33X*","Epitope",1
"X49X5X1X55X45X43X*","Epitope",1
"X49X75X*","Epitope",1
"X4X174X173X*","Epitope",1
"X4X196X198X2X1X*","Epitope",1
"X4X1X10X13X12XX*","Epitope",1
"X4X1X1X*","Epitope",1
"X4X1X2X1X1X9XX*","Epitope",1
"X4X1X6XX*","Epitope",1
"X4X1X90X*","Epitope",1
"X4X1XX*","Epitope",1
"X4X21X23X*","Epitope",1
"X4X23X*","Epitope",1
"X4X2X1X5X*","Epitope",1
"X4X2X3X*","Epitope",1
"X4X2X6X*","Epitope",1
"X4X2X88X89X*","Epitope",1
"X4X2XX*","Epitope",1
"X4X3X3X*","Epitope",1
"X4X3X4X*","Epitope",1
"X4X41X6X48X20X*","Epitope",1
"X4X46X*","Epitope",1
"X4X4X*","Epitope",1
"X4X5X34X37X*","Epitope",1
"X4X61X*","Epitope",1
"X4X6X1X*","Epitope",1
"X4X83X*","Epitope",1
"X4X8X*","Epitope",1
"X4X8XX3X*","Epitope",1
"X4X9X*","Epitope",1
"X4XX1X*","Epitope",1
"X4XX1X2X29X*","Epitope",1
"X4XX4X*","Epitope",1
"X4XX5X2X*","Epitope",1
"X4XX6X*","Epitope",1
"X50X1X*","Epitope",1
"X50X48X*","Epitope",1
"X50X51X*","Epitope",1
"X50X53X*","Epitope",1
"X50X5X9X*","Epitope",1
"X50X67X34X34X23X1X*","Epitope",1
"X50X6X*","Epitope",1
"X50X78X132X1X*","Epitope",1
"X51X36X10X4X1X*","Epitope",1
"X51XX47XX3X*","Epitope",1
"X52X*","Epitope",1
"X52X1X2X*","Epitope",1
"X52X1X57X*","Epitope",1
"X52X51X*","Epitope",1
"X52X57X58X21X*","Epitope",1
"X52X59X*","Epitope",1
"X52XX40X*","Epitope",1
"X53X18X*","Epitope",1
"X53X1X*","Epitope",1
"X53X4X*","Epitope",1
"X53X56X60X*","Epitope",1
"X53XX2X*","Epitope",1
"X53XX2X5X51X*","Epitope",1
"X53XX53X*","Epitope",1
"X54X*","Epitope",1
"X54X2X*","Epitope",1
"X54X45X*","Epitope",1
"X54X52X*","Epitope",1
"X55X36X*","Epitope",1
"X55X46X106XX13X*","Epitope",1
"X55X4X59X*","Epitope",1
"X55X51X*","Epitope",1
"X55X52X*","Epitope",1
"X55X53XXX12X13X*","Epitope",1
"X55X62X66X*","Epitope",1
"X55X6X1X*","Epitope",1
"X55X6X3X*","Epitope",1
"X55X82X*","Epitope",1
"X55XX31X27X*","Epitope",1
"X56X17X39X*","Epitope",1
"X56X1XX*","Epitope",1
"X56X58X*","Epitope",1
"X57X1X*","Epitope",1
"X57X23X34X61X59X*","Epitope",1
"X57X82X1X*","Epitope",1
"X58X*","Epitope",1
"X58X15X155X2X*","Epitope",1
"X58X1X22XX24X1XX16X*","Epitope",1
"X58X2X*","Epitope",1
"X58X48X1X*","Epitope",1
"X59X16X*","Epitope",1
"X59X61X*","Epitope",1
"X59X70X8X*","Epitope",1
"X59XX*","Epitope",1
"X59XX1XX*","Epitope",1
"X5X10X12X*","Epitope",1
"X5X11X2X*","Epitope",1
"X5X131XX*","Epitope",1
"X5X13X*","Epitope",1
"X5X13X22X*","Epitope",1
"X5X1X4X*","Epitope",1
"X5X1X80X*","Epitope",1
"X5X1XX3X*","Epitope",1
"X5X20X33X36XX*","Epitope",1
"X5X27X139X*","Epitope",1
"X5X2X130X*","Epitope",1
"X5X2X6X*","Epitope",1
"X5X2X80X*","Epitope",1
"X5X306X*","Epitope",1
"X5X3X*","Epitope",1
"X5X3X4X*","Epitope",1
"X5X3X6X19X*","Epitope",1
"X5X48XXX4X2X*","Epitope",1
"X5X4X*","Epitope",1
"X5X4X2X*","Epitope",1
"X5X4X5X1X*","Epitope",1
"X5X55XX60X*","Epitope",1
"X5X6X1X*","Epitope",1
"X5X7X118X111X*","Epitope",1
"X5X8X*","Epitope",1
"X5XX54X*","Epitope",1
"X5XX5X*","Epitope",1
"X5XX81X*","Epitope",1
"X5XXX*","Epitope",1
"X60X*","Epitope",1
"X60X58X61XX5X*","Epitope",1
"X60X81X*","Epitope",1
"X60XX*","Epitope",1
"X61X1X*","Epitope",1
"X61X231X*","Epitope",1
"X61X305X*","Epitope",1
"X61X306X*","Epitope",1
"X61X307X*","Epitope",1
"X61X55X*","Epitope",1
"X61X57X2X2X*","Epitope",1
"X61X60X*","Epitope",1
"X62X100X101X*","Epitope",1
"X62X1X*","Epitope",1
"X62X305X*","Epitope",1
"X63X1X*","Epitope",1
"X63X232X*","Epitope",1
"X63X25X1XX*","Epitope",1
"X63X2X19X*","Epitope",1
"X63X38X*","Epitope",1
"X63XX*","Epitope",1
"X64X35X*","Epitope",1
"X65X3X2X*","Epitope",1
"X65X67X*","Epitope",1
"X65X6X73X2X*","Epitope",1
"X65X70X2X17X*","Epitope",1
"X66X*","Epitope",1
"X66X18X3X*","Epitope",1
"X66X20X1X*","Epitope",1
"X66X2X1X66X*","Epitope",1
"X66X59X41X102X32XX*","Epitope",1
"X67X*","Epitope",1
"X67X142X*","Epitope",1
"X67X37X7X45XX*","Epitope",1
"X67X66X*","Epitope",1
"X67X70XX*","Epitope",1
"X68X4XX70X*","Epitope",1
"X69X21X2X3X3X*","Epitope",1
"X69X27X*","Epitope",1
"X69X66X*","Epitope",1
"X6X1061X*","Epitope",1
"X6X1074X1068X3XX*","Epitope",1
"X6X177X181X*","Epitope",1
"X6X17X*","Epitope",1
"X6X1X2X*","Epitope",1
"X6X1X65X*","Epitope",1
"X6X1X7X*","Epitope",1
"X6X27X28X1X256X*","Epitope",1
"X6X2X184X2X2X176X*","Epitope",1
"X6X2X3X*","Epitope",1
"X6X2X3X167X3X181XX*","Epitope",1
"X6X2X6X3X*","Epitope",1
"X6X2XX*","Epitope",1
"X6X34X*","Epitope",1
"X6X36X*","Epitope",1
"X6X3X1X*","Epitope",1
"X6X3X41X*","Epitope",1
"X6X3X5X2X3X*","Epitope",1
"X6X3XX*","Epitope",1
"X6X3XX1X*","Epitope",1
"X6X46XX47XX*","Epitope",1
"X6X49X*","Epitope",1
"X6X4X5X*","Epitope",1
"X6X5X*","Epitope",1
"X6X5X11X2X101X*","Epitope",1
"X6X5X1X108X*","Epitope",1
"X6X86X*","Epitope",1
"X6X9XX*","Epitope",1
"X6X9XX14X*","Epitope",1
"X6XX3X38X*","Epitope",1
"X6XX6X*","Epitope",1
"X6XX7X*","Epitope",1
"X6XX9X*","Epitope",1
"X70X2X69X171X57X2XXX75X*","Epitope",1
"X71X28XX47X90X*","Epitope",1
"X72X*","Epitope",1
"X72X89X114X*","Epitope",1
"X72XX*","Epitope",1
"X72XX2XX9X*","Epitope",1
"X73X*","Epitope",1
"X73X42XX*","Epitope",1
"X73X47X46X*","Epitope",1
"X73X74X*","Epitope",1
"X73XX57X4X*","Epitope",1
"X73XX75X*","Epitope",1
"X74X*","Epitope",1
"X74X10X1X2X*","Epitope",1
"X75X1X*","Epitope",1
"X75X74X78X*","Epitope",1
"X75X88X6X2XX*","Epitope",1
"X75X92X97X*","Epitope",1
"X75X93X98X*","Epitope",1
"X76X2X*","Epitope",1
"X76X4XX63XX*","Epitope",1
"X76X74X71X46X3X27X*","Epitope",1
"X76X78XX*","Epitope",1
"X76XX76X*","Epitope",1
"X77X39X49X4X112X*","Epitope",1
"X77X79X*","Epitope",1
"X77XX75X*","Epitope",1
"X78X13X11X*","Epitope",1
"X78X24X25XX*","Epitope",1
"X78X74X*","Epitope",1
"X78X96X97X*","Epitope",1
"X79X*","Epitope",1
"X79X25X1X*","Epitope",1
"X79X25X26X*","Epitope",1
"X79X38X40X2X*","Epitope",1
"X79X75X*","Epitope",1
"X79X76X*","Epitope",1
"X79X97X101X*","Epitope",1
"X79XX1X*","Epitope",1
"X7X11X*","Epitope",1
"X7X17X1X2X*","Epitope",1
"X7X1X3X1X*","Epitope",1
"X7X1X4XX*","Epitope",1
"X7X1XX*","Epitope",1
"X7X1XX5XX2X*","Epitope",1
"X7X20X9X*","Epitope",1
"X7X2X3X*","Epitope",1
"X7X2XX5X2X*","Epitope",1
"X7X30X42X*","Epitope",1
"X7X3X4X3X35X*","Epitope",1
"X7X5X*","Epitope",1
"X7X6X*","Epitope",1
"X7X6X1X*","Epitope",1
"X7X6X2X*","Epitope",1
"X7X8XX21X10X*","Epitope",1
"X80X2X76X118X*","Epitope",1
"X80X38X37X1X*","Epitope",1
"X80X38XX*","Epitope",1
"X80X39X38X*","Epitope",1
"X80X39X38XX*","Epitope",1
"X80X3X4X1X*","Epitope",1
"X80X4X3X*","Epitope",1
"X80XX*","Epitope",1
"X81X59X*","Epitope",1
"X82X*","Epitope",1
"X82X95X*","Epitope",1
"X82XX*","Epitope",1
"X83X192X102X90X177X1X*","Epitope",1
"X83X30X8X6X1X*","Epitope",1
"X83X81X78X84X*","Epitope",1
"X83X84X*","Epitope",1
"X83XX43X*","Epitope",1
"X83XX79X*","Epitope",1
"X83XX80X*","Epitope",1
"X84X143XX*","Epitope",1
"X84X85X*","Epitope",1
"X84XX2X*","Epitope",1
"X85X*","Epitope",1
"X85X3X4X2X*","Epitope",1
"X85X57X*","Epitope",1
"X85X89X86X42XX2X*","Epitope",1
"X85XX*","Epitope",1
"X86X108X109X3X85X91X92XX1X*","Epitope",1
"X86X142X*","Epitope",1
"X86XX3X86X1XX93X*","Epitope",1
"X87X2X*","Epitope",1
"X87X86X49X107X*","Epitope",1
"X87XX1X91X1XXX8X*","Epitope",1
"X88X89X*","Epitope",1
"X88X92X1XX22X1X33X3X*","Epitope",1
"X89X*","Epitope",1
"X89X2X*","Epitope",1
"X8X2X*","Epitope",1
"X8X320X328X*","Epitope",1
"X8X369X1X191X197X198X1X*","Epitope",1
"X8X3X3X*","Epitope",1
"X8X5X2X*","Epitope",1
"X8X9X*","Epitope",1
"X8XX*","Epitope",1
"X8XX1X3X*","Epitope",1
"X8XX1XXX*","Epitope",1
"X8XXX*","Epitope",1
"X90X92XX*","Epitope",1
"X92X*","Epitope",1
"X92X95X*","Epitope",1
"X94X*","Epitope",1
"X94X2X98X*","Epitope",1
"X94X98X*","Epitope",1
"X95X1X12X231X*","Epitope",1
"X95X91X49X168X*","Epitope",1
"X96X2X119X*","Epitope",1
"X96X97X*","Epitope",1
"X96X98XX*","Epitope",1
"X97XX*","Epitope",1
"X97XX97XX*","Epitope",1
"X99X*","Epitope",1
"X9X127X133X130X*","Epitope",1
"X9X12X13X*","Epitope",1
"X9X13X6X55X37X*","Epitope",1
"X9X17X13X*","Epitope",1
"X9X1X*","Epitope",1
"X9X1X1XX*","Epitope",1
"X9X215XX*","Epitope",1
"X9X30X33X*","Epitope",1
"X9X6X*","Epitope",1
"X9X6X1X*","Epitope",1
"X9X6X42X40X*","Epitope",1
"X9X8X3X*","Epitope",1
"X9X8X40X94X34X37X*","Epitope",1
"X9X8XX*","Epitope",1
"X9XX1X*","Epitope",1
"X9XX9X94X106X2X*","Epitope",1
"XX100X102X*","Epitope",1
"XX101X2X*","Epitope",1
"XX103X48X*","Epitope",1
"XX108X106X*","Epitope",1
"XX109X1X*","Epitope",1
"XX10X*","Epitope",1
"XX10X7X*","Epitope",1
"XX114X115X*","Epitope",1
"XX117X105X*","Epitope",1
"XX11X1X*","Epitope",1
"XX129XX*","Epitope",1
"XX131X128X4X*","Epitope",1
"XX132X*","Epitope",1
"XX133X*","Epitope",1
"XX133XX134X1X*","Epitope",1
"XX134X4X*","Epitope",1
"XX13X*","Epitope",1
"XX13X15X*","Epitope",1
"XX13XXX*","Epitope",1
"XX143X234XX*","Epitope",1
"XX144X*","Epitope",1
"XX145X*","Epitope",1
"XX145X55X2X1XX91X1X6X*","Epitope",1
"XX145X56X2XX89XX1X5X3X*","Epitope",1
"XX147X57X3X89X1X6X*","Epitope",1
"XX14X*","Epitope",1
"XX15X12X*","Epitope",1
"XX166X20X*","Epitope",1
"XX169X165XX6X*","Epitope",1
"XX16X*","Epitope",1
"XX179X1X*","Epitope",1
"XX188X*","Epitope",1
"XX191X101X2X1X91X92X95X3X*","Epitope",1
"XX191X45X58X1X91XX1X9X*","Epitope",1
"XX196X197X187X1X181X*","Epitope",1
"XX19X54X3X76X*","Epitope",1
"XX19XX34X*","Epitope",1
"XX1X103XX*","Epitope",1
"XX1X106X*","Epitope",1
"XX1X127X*","Epitope",1
"XX1X18X*","Epitope",1
"XX1X3X1X*","Epitope",1
"XX1X46X51X53X2X47X*","Epitope",1
"XX1X47X*","Epitope",1
"XX1X60X304X*","Epitope",1
"XX1X6X*","Epitope",1
"XX1X6X8X67X82X2X13X*","Epitope",1
"XX1X70X*","Epitope",1
"XX1X78X*","Epitope",1
"XX1X80X*","Epitope",1
"XX1XX3X1XX*","Epitope",1
"XX1XX5X*","Epitope",1
"XX1XXX*","Epitope",1
"XX20X*","Epitope",1
"XX20X2X19X*","Epitope",1
"XX222X*","Epitope",1
"XX22X19X*","Epitope",1
"XX231X*","Epitope",1
"XX236X*","Epitope",1
"XX23X19X1X*","Epitope",1
"XX24X12X*","Epitope",1
"XX24X37X4X*","Epitope",1
"XX25X*","Epitope",1
"XX25X23X*","Epitope",1
"XX26X152X3X5X*","Epitope",1
"XX26X28X*","Epitope",1
"XX26X2X*","Epitope",1
"XX26XX1X151XX*","Epitope",1
"XX26XX1X2X*","Epitope",1
"XX27X*","Epitope",1
"XX27X3X2X31X50X*","Epitope",1
"XX27X59X62X*","Epitope",1
"XX28X2X26X*","Epitope",1
"XX28X59X61X*","Epitope",1
"XX29X*","Epitope",1
"XX2X13X*","Epitope",1
"XX2X19X1X2X*","Epitope",1
"XX2X1X*","Epitope",1
"XX2X22X*","Epitope",1
"XX2X2X2XX2X*","Epitope",1
"XX2X3X26X23XX*","Epitope",1
"XX2X3X2X*","Epitope",1
"XX2X3X4X1X*","Epitope",1
"XX2X3X6X*","Epitope",1
"XX2X51X*","Epitope",1
"XX2X52XX*","Epitope",1
"XX2X5X*","Epitope",1
"XX2X7X40X44XX48X*","Epitope",1
"XX2X84X276X*","Epitope",1
"XX2X8X7X*","Epitope",1
"XX2XX1X*","Epitope",1
"XX2XX26XX4X*","Epitope",1
"XX2XX2X*","Epitope",1
"XX2XX2X6X*","Epitope",1
"XX2XX6X*","Epitope",1
"XX2XX9X10X*","Epitope",1
"XX30X24X*","Epitope",1
"XX30X61X62X*","Epitope",1
"XX31X21X*","Epitope",1
"XX33X*","Epitope",1
"XX35X*","Epitope",1
"XX35X2X*","Epitope",1
"XX35X33XX*","Epitope",1
"XX35X6X188X*","Epitope",1
"XX37X*","Epitope",1
"XX37X1X*","Epitope",1
"XX38X*","Epitope",1
"XX38X1X*","Epitope",1
"XX38X24X*","Epitope",1
"XX38X36X*","Epitope",1
"XX38X39X*","Epitope",1
"XX3X1X*","Epitope",1
"XX3X2X*","Epitope",1
"XX3X38XX90X58XX*","Epitope",1
"XX3X3X2X*","Epitope",1
"XX3X4X*","Epitope",1
"XX3X5X*","Epitope",1
"XX3X8X8X19X*","Epitope",1
"XX3XX2X299X*","Epitope",1
"XX3XX4X2X*","Epitope",1
"XX3XX5XX*","Epitope",1
"XX40X2X*","Epitope",1
"XX41X*","Epitope",1
"XX43X36X*","Epitope",1
"XX43X41X*","Epitope",1
"XX43XX*","Epitope",1
"XX47X20X*","Epitope",1
"XX47XX*","Epitope",1
"XX48XX*","Epitope",1
"XX48XX5X86X28X1X*","Epitope",1
"XX49X1X*","Epitope",1
"XX4X1X*","Epitope",1
"XX4X1XX31X*","Epitope",1
"XX4X3X95X*","Epitope",1
"XX4X40X38X*","Epitope",1
"XX4X9X*","Epitope",1
"XX50X*","Epitope",1
"XX52X*","Epitope",1
"XX53X54X55X34X*","Epitope",1
"XX53XX*","Epitope",1
"XX54X*","Epitope",1
"XX56X*","Epitope",1
"XX57X7X48X*","Epitope",1
"XX59X60X93XX26X100X*","Epitope",1
"XX59XX*","Epitope",1
"XX5X2X*","Epitope",1
"XX5X2X30X*","Epitope",1
"XX5X2X56X*","Epitope",1
"XX5X3X*","Epitope",1
"XX5X46X1X51X*","Epitope",1
"XX5X6X*","Epitope",1
"XX5X6X1XX*","Epitope",1
"XX60X*","Epitope",1
"XX62X*","Epitope",1
"XX63X*","Epitope",1
"XX65X1X*","Epitope",1
"XX68X35X3X54X*","Epitope",1
"XX69X*","Epitope",1
"XX69XX2X6X71X*","Epitope",1
"XX6X109X112X113X170X*","Epitope",1
"XX6X7X*","Epitope",1
"XX6XX33X*","Epitope",1
"XX74X2X*","Epitope",1
"XX78X*","Epitope",1
"XX78X1X73X*","Epitope",1
"XX78X67X2X*","Epitope",1
"XX7X1X*","Epitope",1
"XX7X5X*","Epitope",1
"XX80X*","Epitope",1
"XX81X*","Epitope",1
"XX83X*","Epitope",1
"XX85X87X*","Epitope",1
"XX86X*","Epitope",1
"XX8X20X3X1X3X*","Epitope",1
"XX90X83X2X*","Epitope",1
"XX91X*","Epitope",1
"XX91X3X92X*","Epitope",1
"XX94X99X*","Epitope",1
"XX9X11X*","Epitope",1
"XX9X8X*","Epitope",1
"XXX105X191XX1X192X106X*","Epitope",1
"XXX10X*","Epitope",1
"XXX11X*","Epitope",1
"XXX179X*","Epitope",1
"XXX179XX1X*","Epitope",1
"XXX192X103X6XX93X2X4X*","Epitope",1
"XXX19X2XX*","Epitope",1
"XXX1X45X*","Epitope",1
"XXX20XX*","Epitope",1
"XXX27X*","Epitope",1
"XXX27X13X28X3X*","Epitope",1
"XXX29X*","Epitope",1
"XXX33X113X78X*","Epitope",1
"XXX35X39X79X3X*","Epitope",1
"XXX39X3XX17X*","Epitope",1
"XXX3X*","Epitope",1
"XXX42X*","Epitope",1
"XXX46X*","Epitope",1
"XXX46XX1X*","Epitope",1
"XXX5X*","Epitope",1
"XXX81X*","Epitope",1
"XXX82X*","Epitope",1
"XXXX1X*","Epitope",1
"XXXX32X61X*","Epitope",1
"XXXX50X2X41X*","Epitope",1
"XXXX7X2X*","Epitope",1
