"adj_resnum","abchain","n"
1,"Light",49
1,"Heavy",33
2,"Light",40
2,"Heavy",38
3,"Light",15
3,"Heavy",3
4,"Heavy",2
17,"Heavy",1
18,"Light",2
23,"Heavy",1
24,"Heavy",3
24,"Light",1
25,"Heavy",8
26,"Heavy",45
26,"Light",8
27,"Light",122
27,"Heavy",81
28,"Heavy",162
28,"Light",126
29,"Light",84
29,"Heavy",35
30,"Heavy",343
30,"Light",267
31,"Heavy",465
31,"Light",393
32,"Light",491
32,"Heavy",383
33,"Heavy",557
33,"Light",218
34,"Light",157
34,"Heavy",80
35,"Heavy",194
35,"Light",75
36,"Light",88
36,"Heavy",33
37,"Light",85
37,"Heavy",40
38,"Light",44
38,"Heavy",18
39,"Light",32
39,"Heavy",1
40,"Light",2
41,"Light",10
42,"Light",2
43,"Light",1
44,"Heavy",1
45,"Heavy",1
45,"Light",1
46,"Light",29
46,"Heavy",2
47,"Heavy",148
47,"Light",6
48,"Heavy",9
48,"Light",7
49,"Light",177
49,"Heavy",13
50,"Heavy",401
50,"Light",266
51,"Heavy",134
51,"Light",66
52,"Heavy",535
52,"Light",77
53,"Heavy",326
53,"Light",207
54,"Heavy",520
54,"Light",105
55,"Heavy",471
55,"Light",116
56,"Heavy",375
56,"Light",91
57,"Heavy",404
57,"Light",44
58,"Heavy",317
58,"Light",33
59,"Heavy",417
59,"Light",29
60,"Heavy",144
60,"Light",26
61,"Heavy",90
61,"Light",19
62,"Heavy",58
62,"Light",10
63,"Heavy",32
63,"Light",9
64,"Heavy",12
64,"Light",6
65,"Heavy",78
65,"Light",10
66,"Light",48
66,"Heavy",4
67,"Light",48
67,"Heavy",2
68,"Light",44
68,"Heavy",2
69,"Light",15
69,"Heavy",3
70,"Light",12
70,"Heavy",4
71,"Light",11
71,"Heavy",2
72,"Heavy",42
72,"Light",4
73,"Heavy",9
73,"Light",1
74,"Heavy",60
74,"Light",4
75,"Heavy",39
76,"Heavy",12
76,"Light",1
77,"Heavy",15
77,"Light",1
79,"Heavy",1
79,"Light",1
80,"Heavy",2
81,"Heavy",1
81,"Light",1
82,"Light",1
83,"Heavy",1
84,"Heavy",1
86,"Light",1
87,"Heavy",1
89,"Light",12
90,"Light",17
91,"Light",370
92,"Light",367
93,"Light",352
94,"Light",374
95,"Light",194
95,"Heavy",8
96,"Light",448
96,"Heavy",27
97,"Light",261
97,"Heavy",48
98,"Light",179
98,"Heavy",177
99,"Heavy",422
99,"Light",125
100,"Heavy",416
100,"Light",103
101,"Heavy",515
101,"Light",76
102,"Heavy",514
102,"Light",29
103,"Heavy",422
103,"Light",6
104,"Heavy",400
105,"Heavy",394
105,"Light",1
106,"Heavy",314
107,"Heavy",249
108,"Heavy",187
109,"Heavy",129
110,"Heavy",132
111,"Heavy",78
112,"Heavy",67
113,"Heavy",51
114,"Heavy",46
115,"Heavy",28
116,"Heavy",20
117,"Heavy",12
118,"Heavy",4
119,"Heavy",1
120,"Heavy",1
