"adj_resnum","abchain","n","adj_resnumstr"
1,"Light",49,"1"
1,"Heavy",33,"1"
100,"Heavy",416,"100"
100,"Light",103,"100"
101,"Heavy",515,"101"
101,"Light",76,"101"
102,"Heavy",514,"102"
102,"Light",29,"102"
103,"Heavy",422,"103"
103,"Light",6,"103"
104,"Heavy",400,"104"
105,"Heavy",394,"105"
105,"Light",1,"105"
106,"Heavy",314,"106"
107,"Heavy",249,"107"
108,"Heavy",187,"108"
109,"Heavy",129,"109"
110,"Heavy",132,"110"
111,"Heavy",78,"111"
112,"Heavy",67,"112"
113,"Heavy",51,"113"
114,"Heavy",46,"114"
115,"Heavy",28,"115"
116,"Heavy",20,"116"
117,"Heavy",12,"117"
118,"Heavy",4,"118"
119,"Heavy",1,"119"
120,"Heavy",1,"120"
17,"Heavy",1,"17"
18,"Light",2,"18"
2,"Light",40,"2"
2,"Heavy",38,"2"
23,"Heavy",1,"23"
24,"Heavy",3,"24"
24,"Light",1,"24"
25,"Heavy",8,"25"
26,"Heavy",45,"26"
26,"Light",8,"26"
27,"Light",122,"27"
27,"Heavy",81,"27"
28,"Heavy",162,"28"
28,"Light",126,"28"
29,"Light",84,"29"
29,"Heavy",35,"29"
3,"Light",15,"3"
3,"Heavy",3,"3"
30,"Heavy",343,"30"
30,"Light",267,"30"
31,"Heavy",465,"31"
31,"Light",393,"31"
32,"Light",491,"32"
32,"Heavy",383,"32"
33,"Heavy",557,"33"
33,"Light",218,"33"
34,"Light",157,"34"
34,"Heavy",80,"34"
35,"Heavy",194,"35"
35,"Light",75,"35"
36,"Light",88,"36"
36,"Heavy",33,"36"
37,"Light",85,"37"
37,"Heavy",40,"37"
38,"Light",44,"38"
38,"Heavy",18,"38"
39,"Light",32,"39"
39,"Heavy",1,"39"
4,"Heavy",2,"4"
40,"Light",2,"40"
41,"Light",10,"41"
42,"Light",2,"42"
43,"Light",1,"43"
44,"Heavy",1,"44"
45,"Heavy",1,"45"
45,"Light",1,"45"
46,"Light",29,"46"
46,"Heavy",2,"46"
47,"Heavy",148,"47"
47,"Light",6,"47"
48,"Heavy",9,"48"
48,"Light",7,"48"
49,"Light",177,"49"
49,"Heavy",13,"49"
50,"Heavy",401,"50"
50,"Light",266,"50"
51,"Heavy",134,"51"
51,"Light",66,"51"
52,"Heavy",535,"52"
52,"Light",77,"52"
53,"Heavy",326,"53"
53,"Light",207,"53"
54,"Heavy",520,"54"
54,"Light",105,"54"
55,"Heavy",471,"55"
55,"Light",116,"55"
56,"Heavy",375,"56"
56,"Light",91,"56"
57,"Heavy",404,"57"
57,"Light",44,"57"
58,"Heavy",317,"58"
58,"Light",33,"58"
59,"Heavy",417,"59"
59,"Light",29,"59"
60,"Heavy",144,"60"
60,"Light",26,"60"
61,"Heavy",90,"61"
61,"Light",19,"61"
62,"Heavy",58,"62"
62,"Light",10,"62"
63,"Heavy",32,"63"
63,"Light",9,"63"
64,"Heavy",12,"64"
64,"Light",6,"64"
65,"Heavy",78,"65"
65,"Light",10,"65"
66,"Light",48,"66"
66,"Heavy",4,"66"
67,"Light",48,"67"
67,"Heavy",2,"67"
68,"Light",44,"68"
68,"Heavy",2,"68"
69,"Light",15,"69"
69,"Heavy",3,"69"
70,"Light",12,"70"
70,"Heavy",4,"70"
71,"Light",11,"71"
71,"Heavy",2,"71"
72,"Heavy",42,"72"
72,"Light",4,"72"
73,"Heavy",9,"73"
73,"Light",1,"73"
74,"Heavy",60,"74"
74,"Light",4,"74"
75,"Heavy",39,"75"
76,"Heavy",12,"76"
76,"Light",1,"76"
77,"Heavy",15,"77"
77,"Light",1,"77"
79,"Heavy",1,"79"
79,"Light",1,"79"
80,"Heavy",2,"80"
81,"Heavy",1,"81"
81,"Light",1,"81"
82,"Light",1,"82"
83,"Heavy",1,"83"
84,"Heavy",1,"84"
86,"Light",1,"86"
87,"Heavy",1,"87"
89,"Light",12,"89"
90,"Light",17,"90"
91,"Light",370,"91"
92,"Light",367,"92"
93,"Light",352,"93"
94,"Light",374,"94"
95,"Light",194,"95"
95,"Heavy",8,"95"
96,"Light",448,"96"
96,"Heavy",27,"96"
97,"Light",261,"97"
97,"Heavy",48,"97"
98,"Light",179,"98"
98,"Heavy",177,"98"
99,"Heavy",422,"99"
99,"Light",125,"99"
