C-N	CR
C-P	R-P-P
PCN	NC-R-R
NC	P-P
N-C	NR
N-P-C-C	P-NNP-R
R-C-R-N-R-CN	C-RNCRNNC
C-P	PCR
P-C-P-C	NCNR-C
P-C-N	NRN
PN-PP-C-N-C	PNPPNNPR-R
N-P-R-C-P	PNNNP
N-N-C-N	PNR-R
R-C	N-P-CP
N-N-R	NRP-P
C-N	NR
P-C-N-R-R	CRRCPP-R
C-NPN	C-C-R-P
N-P	N-R
N-N	N-P-C
PNC	P-PPCC-R
R-C-N	CCR-C
PN-P	RNN-N
C-C-CC	CPP-R
C-R-NC-C	NPCNNN
R-C-C-C	C-RRC-C-C-N
C-N-CP	C-C-RC-P
P-C-N	R-P-N
P-N	P-C
NP-PC-C	NNR-P-CPP
P-P-P	P-R-R
P-C	RRP
NC	NR
C-N	RNC
R-P-P	CCRC
PN-N	PN-PR-R
N-C-N-C	RCPR
C-R	PRR
P-NN-PN	R-R-P-PPC
C-N	PCC
N-N-R	R-C-R-C
R-N	R-N-R
R-NC	P-PP-N-R
C-N-R	CRPNP
R-CC	P-PP-P
RR	NP
R-NC	N-CR
CN	R-C-R
PN-N	P-N-C
R-N	NNPR-CCR
NP-C-N	PNNNNC
C-C	R-C-R
C-C	RP-P
C-C-C	PRPNP
C-C-C-NN	PNPPPPPR-R
C-R-P	P-NN-R
N-P-R	PPPCN-N
P-N-P	NPR-C
PC-R-C-R-C	RNNNNNPRR-C
N-NR-P	RRNRN
P-N-C	R-PP-N
C-N-C	CRPN-R
N-N-P	PRN
P-C	R-PPP-C
N-PP-R-C-N	CCPRPN
R-P-P	P-PC
PC	N-R
C-P-CC	RPPR
C-CC	R-RNP
PCP-C	RCNP
N-P-C	NPPR
N-P	P-P
P-C	PPR
P-C-P	C-CP-C
CP-P	RN-R
R-C-C	N-PC
C-PC	RPNPNR
R-P	C-P
P-R-P-C	P-PNN-C-RR
P-PP	NCN
N-C-C	CPPR
NN	PR
P-C-R-C-P	NNR-C-C
C-NN-P-C	PNPNR
C-P-C	NPRN
PC-P	N-PPNNC
N-R	R-N
P-N-C-NC-P	NCNRRNRCR
CP-R-N	P-RNRP
C-R-C	CN-RP-N
C-R	CP
C-NC-C	CNNNNC-R-R
CP	PC
C-NP	PC-PP
C-RN-N-CN-C-C-R	C-RRCPP-RRNCP
PC-C	NRPR
PC	R-CNC
N-N	P-N-R
N-C-N	CRP-P-R
C-NR-P-N	CNCP-CP
RNNP	CRPPNR
C-N	PRN
N-R-RC-C	PNPPNNPRPPR-C
N-R	PCR
P-P-N	R-CR
PN-N-N-N-C-N-C	R-CCRNNNPRNCP-P
C-C-C-P-N	NCCRRPR
CC-NN	PNNPPR
P-NC-P	RCPN
C-P	P-R
NP-P	R-P-NNP
P-N-N-N-C-P	NPRRRRR
C-C	R-R
N-P-P	CNP
P-N-N	R-CC
P-N-C-N-NP-CN-P-C	R-PCCNNNPRNCC-P
CN-P	CCR
P-NC	P-NCP
R-P	R-P
RP-C-P	PPPR-R
P-N-C	PCR
CNP-C	R-PRPNP-R
P-C	RC
P-NN-N	PPCRNR
R-R-C	P-R-C
N-R-C-N	C-NPR-C-P-C
C-RN-P	CCNCN
P-NC	PNN-C
CN-P-P	R-PRR
CN-N	CRR-RP
P-N-P	CNCN
PN-P-C	CN-NRP
N-P-P	PNR
P-N-CC-P	CRRPNPCR
CC	CN
C-C	P-R
RCC-C	PNPNPR
R-CN-N	PNNRR
C-N-C-P	R-R-P-P-R
N-C-PC	NCNRP
P-PP	RPPR-R
N-CN-N-N-NN-P	R-NPNCNCRNN-C
C-P	CC
C-P-P-N-P	NPNNPNN
C-P	C-R
NP	R-P
P-N-N-N	CCRC
CN-N-N	RCNP-NC
NN	NNP
N-C	NNN-P-P-R
NNN	NNRP-RP
C-C	C-PP
P-C-C	NPC
C-P	PP-C-R
N-N-C	PRR
P-N-N-N	N-C-C-C
C-N-N	N-NNNP
P-NN	R-CR
PN-N-N-C-N-N-P-P-C	R-CCNNNNPRNCN-P
C-N-P	CNR
C-CNP	CRPR
NN	P-R
N-R	RCCN-N
C-N	R-P-RPP
R-R	RR-N
N-PN	PR-R
R-P	PCCN-N
R-PNN-N	P-PPNN-P-R
N-C	N-R-R
PC-C	P-R-R
P-P	P-P
P-N-N	CRP
N-C-P-R-P	PNPPN-PNR-P
C-N-C-P-N	NCPC-C
CP-C-N	NNNPRC
N-C	NPP
C-P	R-P
R-N-C-P	PPPR-R
R-N-C	PNR
C-N-R-C	R-PRPNP-R
CC	RC
N-P-C	CCR-R
RR	P-NNPRR
CC	PRR
R-CC	R-R-C-C-C
NC	N-NPCNNN
N-N	R-P-C-R
P-C	R-P
CP	PPP-PR
C-C-N-N	NCNP-RP
C-P	P-R
N-NN	RPCN-R
N-C	N-P
C-N-N	CRC
C-N	PN-R
N-N-N	NNNRR
C-N-R	PNRN
N-R-N	RNPR
R-N-N-R	PCCPPC-R
R-NN	NNCRR
N-P	CR
P-C-C	RNRRNNR
P-N-P	PRC
P-PR-P-PC	RNNP-CPP
N-NC	CNNNPN
RN	C-C-R-C
R-N	R-NP-N-N
NP	P-N
R-CP-N	PNPPNNPRPR
R-PN-N	CNNPNNCNN
P-N	C-C
CN-P	CN-NP-C
C-R	CPR
P-N	RP-NP
NN-P-PN-C	PNRRRPP-P-RCC
N-PC	NNRCNC
C-P-P	PPRCCPPN
P-NR-P	R-NNP-R
C-C-N	CNCNC
P-N	P-R
N-PP	RNPP-N
P-C-N	NC-R
PN-N-P-C-C	R-RRP-PPC
P-N-C-N	NRNNN
NNP	R-N-C
N-R	R-NP
C-NN	RR-P
N-C	N-C
N-N-P-N	CR-CR
N-N	R-R-P
N-N-N	NPNPCRNN
N-N	NRR
N-N-N-N	NRPN
N-N-P-CC-N	PNPPPR
C-C-P-P-P	NNPPC-P
C-C	NPN
C-NN	RNPP-C
P-P	PRP
C-N-P-R	CNNNN-R
N-C-P-C-C-C	P-RRPN-CPN
C-C	NN-R
C-C-P-C	R-RPP-NPC
C-C-N	CCRNPR
C-N-P	C-NNN-C
NC	NCR
N-N-C-CN-RN	C-C-PNPRCN-C
N-N-R-N	PRNRN
C-C	C-P
C-P	C-C
P-P-C	PR-CP
P-P-N-N-N-P-C-N-P-N	R-PPPNNNPRNRR
N-N	CCP
C-C	CPCR
NC	PNC-R
N-N-N-N-N	C-NNRP
NN	R-C
P-P	CP
C-N-R	PPRN
N-R-C	R-PR
R-NN-N	NRCRR
CN-N	CNNPR
P-R	R-C
NNC	NNPP-R
P-C	P-N
C-P-C-N	RNC-P
C-NN	PRRN
C-C	C-C-R-P
CN-C	RPNPCR-C
RC	NNP
CR	PNC-R
RC-C	R-NPP
CC	P-P
C-C	PRP
C-C-C	R-RPPR-C
C-C-C	RRCR
N-N	R-R
N-N	RPPPP
N-C	PRR
N-C-P-C	R-PRP-P
N-NC	CNCN
R-P-P	P-PC
PC	N-R
CR	PN
C-CC	RPPR
C-C	RCR
C-C-C	R-RNP
N-P-P	RCNP
RN	R-C
NR	R-N-R
P-R-N	PRN-P
R-N	CN-C
N-P	N-R
P-NC	PNCP
N-C	P-P
N-P	NRR
N-N	NP
C-P-P	CP-C
N-R-C-N	RPP-NC
N-C-PC-P-N	RPPPP-R
NN-P-P	RRPR-C
PP-P	PRN-C
P-P-N-PN-N-P	R-PRP-NPC-C
P-PP-P-N	C-PRNP-N
P-N-C	P-PN-R
P-N	R-P
N-N-PP	N-P-PNNPP
R-N-P-C	CRNC
N-N	PN-R
N-N-N	R-NRN
C-N	R-P
C-N	P-R
N-CC-NCN	C-RC-NCRRRCRR-N
C-CC-N	P-NPRR
C-C	CC
P-CP	RCC-R
P-P-C	P-CPC-R
P-C-C-P	RNRR
P-CN	NR-R
P-N	R-NC
N-R-N	NN-R
NP	C-P-P-R
RN-C-P-C-C	CNCP-CP
C-R	NP-R-R
C-R	CRCNP
R-C-C-P	NNNNN-CC-R
P-N-N	C-PNNRP
N-N-C-PN	PPPR-R
C-R	R-PP
C-P-P-C	PRNN-C
CC-C-C-R	PCR-NPP-C
CC-C-C	RNPCR-C
P-N-RN	C-NNP
P-N-PN	CPPN-R
N-P-PC-P	CP-PRP-R
PPR	CPRRN
N-P	PRN
C-C-P	PC-NNP-R
N-N	CPR-R
N-C	PPCC-N
C-R	C-NRC-P
C-N-R-N	C-CNRP
R-C-P-N	PN-NRP-P
N-N	PR
N-C	N-P-P
C-N	P-C
N-N-R	P-C-RR-R
CC-C	NPCR
CC	CC
N-NR	R-P-R
C-R	P-R
R-C-C-N	N-RNC-C-C
RR-C-C-N	N-RRCCPPNRR
P-NP-N-P-N-C	PP-NRCP-C-R
C-P-P	RRPN-C
NP-PN	NCCRC
P-N-P	PNP-C-R
PP	RRP
N-R	C-P
R-P	P-R
PPP	C-R-P-P-P
C-R-N-N-P-P-P	C-RRPRN-RR
C-P	N-R
CC-N	R-NCRP
R-N-N-P-N-C-P	CNPN-PNRC-C
RR-C	CPP-C
C-N-R	PPP-N
RR-N	P-CR
NNC	NNP
C-N	PCPN
NC-C	RNN-R-C
P-NN	R-CR
P-P-R-P-C-N-N-C-NN-P	R-CCNNNNPRNCP-P
C-P-C-C-P-N	NCCRRPR
PN-N-N	PP-R-R
N-NN-N	PCCN-R
N-P-C	R-P-R
C-P-N-N	CCNP
C-C	PPP-R
CP-C	PRCNN
P-R-N-N-C-N-N	RRPNPCRR-C
P-CP	R-NNR
C-PC	NCPP-R
C-CN-R	NPCN-N
RC	C-RRC-C-P
CC	C-CP-C
NN	PR
N-N-N	CPRPPN-N
NC	PRN
N-C	PNPNN-CC-R
N-N-C-NN	PPCNRR
C-NP	CPNNC
C-RC	NNPRR
C-C	CC
R-NC	RPCPP-N
R-N-C	R-N-RR-C-C
R-C	RRNN
PR	R-P
NP-C	RP-NP
P-C	P-C
C-CC	RCCR-N
C-R	P-P
C-C	C-P-C
N-R-R-N	R-RRP-N
C-N-R-C-C	C-RCRC-R
NC-N	RNN-PR-C
CR-C	PNPPR
C-P-N	CPPR-R
RC	NNP-R
C-C-C-C	C-PCN
P-C-R	RNPR-R
R-C-P-R-N-C	R-PPCPNN
NN-C	NPP
R-P-N	N-RNPP-N
CNP-C	P-CP-R-P
CP	R-N-R
CN-N-P	P-PRPR-N
N-P-C	C-R-C
C-P-N-C	C-CN-P-RPC
C-NC	R-PR-CC
RR	C-C
C-R	P-R
R-N-R	C-P-NC-P-C
R-R-CN-P-R	CRRCRRPNRNNN-C
C-C	NCPP-R
R-N	NPNN-N
R-C-C-C	C-RRC-C-C
C-P	C-C-RC-P
PN	N-P
NN	CRPR-N
C-R	CC
N-CP	RNNNP-R
PP-R-C	CNCCP
P-P-P-C-C-C-C	CP-CPRNCPR
PC-P-N	NPCN-R
P-N-P	C-R-R
C-CN-C-P	PCNNPRPR
PC	R-RC
C-C	CPC-R-P
NC-P-N-P-N-N-P	CNCRRNPN-R
N-P	P-C
NN	N-N
N-P-N	R-N-N
N-NP	CRR
P-N-N-NR-N	CCNRRCC-RR-NC
C-P-CC	PNP-C-R
CC	CRPR-N
R-C-P	PRR
P-N-PC	NNNP-P
C-C-NR	PNRRNP
NN-C-C	C-P-C-R-C
C-C	R-R
CN-N	R-NP-N-R
NN	R-P-P-R
N-CP	PRRNR
CN	NNNR
CN-N	PCNP
CP-C	NP-P
CN	PPN
N-N	NRR
NC-C-N	PC-CR
P-N	P-P
N-N-C	PRN-P
C-C-P	CNN-P
N-R-R-N	RCRP-C
C-P-N-C	PRN-C
N-C-C-CC-C	NNPCP-NCNC
C-N	NNRNP
C-NN-N	NPPNNC
NNR	R-R-C-C
CR	NPR
C-P	NNCCR
P-C	PC
R-N	R-P
R-N	NRN-R-PNN
N-PRR	NNPCN-R
NC-RC	RNPR
C-C-CC	NCPP-R
RC	PPCN-N
RC	C-RRC-C-R
CC-C	C-P-C
C-P	C-P-R
C-N	N-R
P-C-PC	R-CNCP
P-R	NPPN-C
R-C-R	PRP
RC-N	P-PPNNPR-R
R-R-N-C	CNPC-C
C-P	P-R
R-P-N	PNNN-N
P-C-C	PRP
N-C-P-P	R-PCPPCP-R
C-P-N-C	NCR-C
RC-C	PPR
C-R	PRN
CR-P-NC	NNR-P-P
C-R-CN-C	NN-N-PPNPC
PR-C	PPP-C
N-C	N-R
N-P	R-C
C-R	P-P
N-N-N	NPR-P
C-R	C-P
RN-R-N-R-C	NNNNNNNCR
C-N	C-P-R
CN	CNCR-R
NC-C	PRR
P-PCC	C-CP-N-R
C-N-N-NP-P-N	RNCRCNPPRC
R-N	P-R
C-NN	RR-PCN
N-N-C-N	RCP-R
N-C-N-C	RPRCC
CNN-R	NNPP-R
N-C-R	N-R-C-P-R
CN-R	CRNPC
R-C-N-N-P	PRNRPR
N-NC-R	NNRNC
R-NN	PRPP-N
N-R	CRN-P
N-N	R-R
NC-R	NNPNR
N-C-P	C-C-P-R
PR	PPCN-N
N-N-R	PRR-C
R-N	C-CN-C
NC-P	NNNNNN
P-C	NCPP-R
P-CN-C-P	R-PCNNRP-R
C-P-P	RNN
P-P	P-NPCC
P-P	N-C
P-R-C-N-N-P-C-N-C	R-CNNNNPRNCP-P
N-N-N	CNR
C-C-C-N-P	CCCNP-NCNRPR
CC	PCPP-N
CN	C-N
RR	C-C
P-R	P-R
R-P-P	C-P-NNC-P-C
P-R-CN-R-R-P	CRRRRPNRNNNCC
C-C-RC	NNRP
CP	CP
NC	R-P-P
C-N-C-P	PNP-R
RP-C	CNP-C
R-N-NCC	NNPPN
R-CC	C-P-P-R
C-R	NPCN-N
RC	C-RRC-C-P
CC-C	C-CP-C
PC	CRN
P-P-N-C	RNPPRP-P
CNNC-C-R-P	RNRRRNPPCR
CC-R-R	NRPNNN
NC-R	PRNNP
R-N-NRC	NNPN-CPRRNC-C
C-CR	NCNRNR
C-P-P	PR-R
P-P	P-P
N-N	C-R-C
P-N	CNR
N-PP-N	C-CP-NP
P-P-N	RP-N
C-P	PCR
P-NC-P-C-N	NPNPRCN-R
N-P	P-R
N-P	N-C
N-CP	R-PNPN
P-C-P-P	RC-N-C
P-C-P	CRP
P-P	RNPPC
R-C-P	P-CP-C-R
N-P	PR
P-N-C-P	RPNNP
P-NN	NNNRRCNN
PPP-N	RPPR-R
C-N-N-N-P-C-NN	PNNCPCRNN
N-N	CC
C-N-P-C-P-P	NPNNPNN
P-N-N	R-CR
P-NP-N-N-P-CN-C-N-C	R-PPRNPNPRNCP-P
C-P	CNR
C-P	C-CR
P-P-N	C-P-R
C-N	PRPR-N
C-C	C-P
C-CN-C-N-N-N-P	N-R-C-PP-P-PN
CC	C-CP
CN-N	C-CN-R
NC	NNP
P-N	PCCNP
NC-C-P-N	RNN-NRCC
P-C-P	PPR
C-N	CNPC
C-N-N-N	RNPR
NC	PRP
NC-N-N-N-P	R-CCR-NNC
CP	NPRR
N-PC	PRNNP
CPP	RNPPR
C-N	C-RNPPRN-R
PN-R	RPPR-R
P-C-N	PRR
C-N-N-P-NP-R-P	C-NCNNNPP
PP-N	CRP
P-N-C-C	P-NPP
P-P	N-P
C-N-P	PPPR-R
C-N	PCR
CN-R-P	R-PRPNP-R
N-R-N	R-P-C-R
P-N-NC	RRCPN
N-PC	NPCNPN
P-N	P-P
N-N	NR
C-C	PRRR
P-P-P	P-R-R
P-R	PRCN-R
C-P-R	C-R-R
R-P-P-P	P-CN-PR-R
R-C-NP-C-P	C-PNCCNNC
N-C-R	N-PP
R-C	P-P
C-P	P-P
C-P-N	PRP
C-N	R-P
N-C-N-R-R	C-NNNNC
P-NN	R-CR
PN-R-N-C-NP-C-N-C	R-CCRNNNPRNCP-P
C-C-CN	NCCRRPR
N-P	C-R
P-C	RRP
NC	NR
PN	RNC
N-NP-P	CCRC
R-R	C-R
NR-N	RCRP-C
C-N-N	PRN-C
NN-C-C-R-P-C	NNPCP-NCNC
C-N	NNNNP
CN	PCNR
R-C	C-CCNP
NP	R-R
PC-C-C	PN-NPNNP
C-P	N-NC-NPC
C-C	CP-C
P-N-C-C-P-C	CRRPR-CN
C-RP	CP-CPR-P-R
NC	PPCC-N
C-C	P-P
C-N	P-PP-R-R
N-N-PP	CNRCPC
C-PN	RNP
CR	N-R
N-C-C-C	C-PNCP
C-C	NR-C
P-N-C	CPR
CC	CNP
C-C-N-P	CRCN-NR
N-N-CN	PRPNC
CCN	NNCP-PRR
C-N	PRN-C
C-C	RPN
NRC	RRCR
CC-C	CPC-R-P
CN-CC-C	RPNPCRNC
N-RC-C	R-C-NPP
NP-P-N-N	PNPRCR-C
R-P	N-R
P-R-R	N-PPNNP
C-N	RP
PP	CRN
P-R-NR	C-PR-C
C-NR	C-C-R-R
R-NR	PNCN-C
R-C	PRR
R-R	C-CN
R-C	NN-C
C-C	CP
C-P	NRP
C-R	R-N
P-R-N	N-NRP-P
C-P	NR
N-N-C-C	RRP-R-R
C-C-C-C	RNRC-R
C-P	CPP
P-N	N-PP
N-PC-C	R-PNN
P-C-P-P	PRNNNP-R-C
R-C-RP-P-N	CCNNNNNC
P-NN	R-P-N
NP-C-C	NNR-CPPR
P-C	N-R-R
NCR-C	PCR-P
R-R	NRC
R-C	RNCN
R-P-N	RRRN
P-NC	RRP
CN	NNN
PN	RNC
P-P-P-N	CCRC
RN	PRN
R-R-R	R-PPR-P
C-N	R-R
RPN	PPNC-R
P-N	R-R-PR-C
R-N	N-P-R
N-C-P-P	P-PPR
P-NP-N	CRPN
PP-P-C-N	RNP-CPP
N-P	RRC
N-P	R-R
CN-C	R-P-RPC
CN-C-C-N	C-R-PC-RR
CN-C	NPRR
C-C	CC
N-N-N	C-R-CPC-R-C
NN	NR-R
C-P	NNCCRN
R-C	RCPPN
NR	NN
R-N-N-N	NRN-R-PNN
NN-R-P	NPCN-R
C-NP-N	NRPN
P-R-C	PRR
C-R-CC-NP	C-CPC-R-PR
C-C-N-C	R-RNPPR
N-C	R-R
C-C	RP
C-R	PPP
R-NC	RNC-C
RN-C	NNNPRR
N-P	CN
P-P	P-P
P-N	R-PR
P-P-N-R-N-N-P-C-N-N-P-N	N-CNRNNNPRNCP-P
C-N	CNR
C-P	CCNCR
PR-C-P-N	RNCR-R
R-C-P-P	PN-C-R-C
N-N-C-R-C	R-NPNCR
N-P-C	P-P-R
P-PN	CRPN
PP-P-C-P	RNP-CPP
N-N-P	RRC
R-P-C	CPR
P-C	P-C
C-P-N-N-C	RRPP-C
C-P	N-NRP-P
CC-P-N	PRR-C
P-P-N	C-P-P
C-C-C-P-C	CCNRC-R
C-C	C-C
C-N-NN	R-PPPC
P-C	CRC
N-NN-C-C	R-CPP-C-P
N-P-P-R-C-P-N	CPNCRRRR
C-N-P	P-C-R
P-N-C	R-N-C
R-P	N-P
RP	CRPN
N-CR	NR-N
C-N-N	P-PPN
N-PC-N	PNPP
C-N	RR
CN-NC	PRPRN
N-P-R	PPPCNNN
P-N-P	NPR-C
PC-RC-N-CC	RNNNNNPR-C
R-RP	RNRN
C-C	PRN-R
N-NC	PRR
CN-CC-C	NNRCNR
P-P-P	R-CR
N-NP-N-C-N-N-P-CN-P-P	R-PCNNPNPRPCP
C-C-P-N	CCN-C-R
N-C	C-P-R-R
N-P-NP	NNCC-N
NP	R-P
PC-P	P-PRN
N-C	PNN-P
C-P-N-C	PPPN-R
N-C-P	NRN
N-N-C-N	RRC-CP-R
P-N-N-C	CNCPN
C-C	N-NR-C
P-N	NN
P-P-C	RRC-C
CC-P	NRPRR
P-R	PR
C-N	N-R
P-P-CP	N-P-CP
N-C	RC
N-CP-C-N-N-C	CPNNNNPPPR-CRC
P-P	PR
NC	C-P
N-C-P	RCPR
N-N	RN
NP-N	P-PPN-C-C
C-C-N-N	PCNR
N-P	PR
P-C	PNNP
P-N	RCNN
N-N	RR
NP	CN-NRP
P-P	PP
C-P	RR
P-N-N-P-NN-N	R-R-RR-R-PCR
PP	N-C
C-C-P	NPPPC
C-N-R-PN-N-N	PRCNNNCR-N-R
R-R	P-RPPR-N
P-NN	C-P-C
N-P-R	NNC-P-NPP
N-R	C-RNN
P-N	PPR
RC-RN-C-N-N-C	RCPNRCRNNNNNNN
NP-P	RPPR-R
C-P	PRR
C-P-P-C-N-N-R	C-NCNNNPP
C-C-P	CRP
C-PCC	C-C-C-R-P
P-C-C-C	N-C-CP
C-C	P-P
P-P-C	PRR
CC	NN-PR
C-R	CNPCN
P-P-N-C-R-N	PCRCNR
NN-N	CRPR-N
N-N	C-C
N-N-C-P	C-NRPRR
NN	R-R
N-N-N	RRPN-R
PN	CRN-C
N-NC-N	NNPR-P-R
P-P	NNNNNNN
NN	PRPR-N
N-R	CRN-P
RN-N	R-PR
R-P	NNPNR
N-C-C	RCNN-R
N-CN	PCCC-N
N-C	R-C
C-C-C	C-R-PNRRR
C-P-CC	RNRPP
C-C-P-C	N-PPNNC
P-N	RRN
N-C-N-P	C-CP-P
N-P	NRP
PN	PNRR
C-P-N-C-NP-P-N	PRRCNNP-CR-R
R-C	NPPN-R
NR	PRC
C-NP-P-R	R-PRP-P-P
N-N-R-C-C-R	NPN-RRCNPR
CC	C-P-C-R
C-P	P-R
PP	N-P-P-NPC
PC	CRRCRC
R-C-CC	CPPNCNP
CC-PC	NN-NNP-P
C-P-C	C-C-RC
C-C	C-C-R-P
C-C-NC	R-NPCR-C
CR-C	PNC-C-R
C-C	R-NPP
P-P-C	PRP-C
C-P	CP
P-R	NNCP-R
NN	PRN
N-NCN-R	PNPPNNPR-R
N-N-C	PPPNPR
C-N	R-P-R
RPNP-P	PPNC-R
N-N-P	R-R-PR
R-N	N-P-R
N-C-C-C	PPNP-C-R
C-C-C	CRPR-R
N-N-PP-C-P	R-R-PNPNPR-P
C-R-C-C	C-RRP
C-C	NPPR
N-C	CC
N-N	R-P-R
R-NC-N	N-R-C-C-C
R-C-C-PC	N-RRRCP-NRR
NC	C-R
PR-C	NCR-C
C-PR-C-N-N	C-PNN-RPC
C-NP	CPCNPRCN
PN-N	PCP
P-N-N-C	NNPPC
C-PP-P	PNPNP-C-PP
P-N-C	PPRN
R-P-C-NC-N	NRNNRNNR
N-C-C	NNRCNC
C-P	PPR-P-P
P-NR	R-NNP-R
CNP-P	CNNNC
NR-C-C	PP-NPPR
PC-CC	C-CCNP
R-NR-R-C	RCPCNN
C-C	P-P
N-C-C	CPR
C-NP-R-C	RNC-C-C
C-C-C-C-C	CRPRPNCR
PP-R	CPN-P
PN-C-C	CCCR
PC	PRR
C-P-N	P-R-P-C-P
P-N-P	RNR-PC
NR	NPCN
N-N	R-C
R-N-PP-N	R-RNP-P
N-N	CCR
N-N-PR	RCPPNN
P-N	P-R
N-C-P-PR	N-RCC-C-PR
N-C-C-R	N-RCNCRPNP
NC-R	NPP
P-P	R-P
R-CP-C-P	PPPR-R
C-N-N	PNR
C-C-R-P-P	R-PRPNP-R
R-C	RN
C-C	CR
C-C-R	CRC
N-R	RNPPNN
PCR	PRP-P
NC-PC-CN	NNPR-PCR
NN	PNPP
C-P	PRP
C-N-C-N	R-RRP-P
C-P-N-R-CC-C	CPPRRRRC-C
C-P	NPCR-N
N-NP	CRP-C
P-N-N	R-C-P
NC-P	NPPNPC
C-R	P-P-P-R
C-P-RC	CRPR-N
P-C	R-C
C-C-N-C-C	C-C-C-RNPR-C
C-P-C	P-NNNN
P-P	P-P
P-P	PR
PN-C-P-C	PPPRNPR
C-C-N	PN-C
N-P-N-C-R-NP	R-RRPNRRCNC
N-P	N-R
PN-C	CRN
CC	NPC
NN-N-C-CP	CPCRRRR-PRRR-NC
P-P-N	P-C-R
P-N-C-NN	PRPC-R
NCN	PP-R-R
C-C-N-P	PNNPNR
P-N-C-C	P-NNPP
C-P	R-P
RC-P-P	NPPR-R
PN-C	PCR
P-C-CN	R-PRPNP-R
R-P	RC
N-C	CN
C-C	PPN-R
C-N	R-CR
P-C-C-N-NNP-C-N-N	R-PPPNNPPRNP-P
C-C-N	PCRPR
N-NC	RRPP-R
PPC	NRP
PP-NC-N-P	C-NNPRNP
N-P	CNP
P-P-P	C-N-C
P-P-NP	PR-CP
C-N-N	N-R-C
P-N-N-N-NN-C-NN-P	R-PPPNNNPRNRR
C-P	CC-N
CNP	C-CR
N-P-C-C	C-PNP-R
NN	NP-N-R
C-PN	PRN-P
PP	RNPPR
C-P	CPR
P-P	P-R
N-R	PCNN
C-C-C	CN-NRP-P
C-C-N	PRR
N-C	CP
N-NN-N-R	RRRNPRR
C-P-C	CNN
P-P	P-C
P-NC	R-CP
C-C	CNCR
N-N-C-N-N-P-P-NN-C	R-CCCNNNPRNNP-P
C-N-N	CNR
C-C-PP	CCPR
N-N	P-CP-R
NR-NNN	NRNN-N
N-P-N	CRPNC
P-N	RNPPCP
N-N-N	R-N-P
CC	P-R-C
C-N	R-N-N-R
C-P	CRR-C
N-C-P	R-CC-C-N
CN-N	CNNNNR
C-R-P	R-P-R
C-C	C-P
PN-C-N-N	P-NRP-P
N-C-N	PCC
C-N	R-NR-R
NN-C	CPP
P-C-N	PRNN
N-C	PRR
C-C	RRP-P
C-N-NP-R-N	P-RPNC-N-C
P-N-N	R-CR
N-N-N-P-N-N-C-NN-C	R-CCNNNNPRNC-P
C-P	CR
C-N	P-R
N-C	NCC-C
CC-N	CRR-R
N-C-C	R-CC-C
N-CC-N	NNNPN
NN	C-P-R
NN	N-NPP
N-C	PRN
N-N-C	C-CPP
C-N-C	RNPC-R
N-N	RP
C-N	N-C
R-C-C-C	PN-NRP-P
C-C	PR
CN	CRC
N-N-P-N-RN-C-R	NPNPPNNCR
C-N	RRNRR
N-C	C-C
C-N	P-P
PC-N	NRC
RR	RR
N-N-N-P-NC	CRNCRCR-RCN
RP	CPPR-N
N-C-P-N	N-RRC-P-R
C-N-R	N-RN
C-N	RN-R
P-C-C-N	RR-CR
CR-C	NCPP-R
C-RC	NPCN-N
RC-C	C-RRC-C-C
R-C	C-NN-C
N-P-C	P-NP-R
NP-C-C	RPRNR
N-N-N	CRR
C-P-N	C-N-RR-P
NP-C-C	PCNNCNP
CC	NPRP
C-R-N-PR-C	NNNCPNPR-P
C-C-R	C-C-CRCNP
N-P	PPC
N-P-N	NNPR-R
N-C	C-R
N-C	N-R-C-C-C
R-P-C-P	NCRNC
P-P	R-PP-CN
N-C-C	CRPN-R
NPP	PRN
P-N-C-C	R-PPP-C-C
P-N-P-P-C-N	NCCPRPN
P-N-C	CRNP-R
PNN	PPCC-R
C-C	PRR
N-CC	C-NPC
P-N-N	RRRNR
C-C-C	PNPPR
C-P	CNNC
P-R	P-P
R-P	PRC
PN-C-C	PNNNNP-R
P-C	CNNR
N-R-C-P-C	RPP-R-P
PP-C	PNPCRNR
C-CP	RR-R
P-N-R-C	R-PP-RC-R
PC	N-C
C-P	N-P
P-P	RC
C-P-P-NN-C-P-P-P	CPNRPNNC-PR-CR
C-P-N-P-N-P-PP	N-NNPNNRCCNC
N-P-C	CPC
N-CP	CCNN
P-N	CNN
P-C-P	NNRCN-P
R-C-P-N-CP	NPRPPPPNR
P-C	NR-R
CP	R-P
NN-R-N	PNNRR
R-C-N	RRN-P-R
P-N-N	CNCN-P
P-R	RNPPNP
C-P-RR	PRNNP
R-N-N-R	NNNNN-NPP
R-R	C-NCN-N-R
P-N	R-CR
N-P-CN-P-C-N-C-N	R-CNRNNNPRNCP
C-N	CN
C-C-P	C-CR
NC	R-C
N-PN	NPPN-R
C-PP	CRN
P-P-PC-PN	NNPPRPNCNPR-P
P-N	PPPRR
P-P-PN	C-C-P-R-P
PN	P-P-C
N-P-N-R	N-PPCN-N
RC-P	P-P-NCRR
NN	N-C
C-C	C-N
C-C	N-R
C-CC-N	R-NCRP
CC	N-C
PCN-P-NP-P	CNPN-PNRC-C
P-R-C	CPP-C
C-N	PP-N
R-C-N	P-CR
R-N	R-P-R
R-NP-P	PPNC-R
N-N-P	R-R-PR
R-P	N-P-R
N-C-C	C-CR-R
NC	N-C
N-N	PCCN-R
N-P-C-P	R-CC-P
N-R-N	CCNP
P-C-C	CN-NR-C
P-P	NPNR-R
C-P	NN
P-C	RRC-C-C
C-P-C-P	NRPRR
R-N	RR
C-C-C-C-C-C-N-N	CNNRRR-RPCR-R-R
RR	C-C
C-R	P-R
R-NP	C-P-NC-P-C
R-CN-N-R-P-R-P	CRRCRRPNRNNN-C
P-C	PCR
C-P	CC
C-N	RRC-N-C
CR	CRC
C-C	CP
C-N	PR
N-N	PP
N-C	CNNCN
PN-C-C-P-C	PRNNRCNRN
P-C-N	PN-R
C-N	PR
C-PN	RP-C-R
P-P-CN	NNNRRPPRPC
R-C-C	RRNP
C-P-C-R	PPNNRP
P-R-C-P	RCRNN-R
N-P-N	RPC
P-C	RR
P-RP	NPPNRN
C-P	RCC-PR
NN	PRN
N-NN-N	RNPN-P-PNC
R-CC	C-NRCN-N-R
C-N	NC-C
C-C-N	CRR-R
C-C	R-CNC-C
NC	NNNPN
R-C	R-R
C-N	C-CRP
N-C	CR
P-C	NNRCNNC
C-C	PP-R
C-C-N	RCC-R
CP-N	RNPPC-P
C-C-N-C	PRRC-C
CP	N-R
C-CC	C-CNP
CP	NN-NN-C
N-CC-CP-P	C-NRPCRRCNRR
C-N-N	PRP-R
C-C	P-N
R-C-C-C-C-N	NNPPP-NNPC
C-C-N-N-NN	NCRNNC
P-P-C	P-R-P-C
C-P-P	RRNR-R
P-C-N-C-P-P	C-C-PPPR
PC	NPCNNN
RR-R	PPR
PN	PRR
N-C-N	C-P-PP-C-R
N-N-R	CRNP
R-N-C-C	PP-NPPR
CC	C-C
CR	R-PP
R-R	P-P
R-R	NR
PN-R-P-R-CN-C	PCNRCNPNPNP-R
CC	PCC
C-C	C-R
C-CC-R-C	C-RNN-P-R
C-C-CP	C-N-NR
P-N-C	P-NPP
C-P	R-P
R-NC	PPPR-R
N-C-C	PCR
PC	R-PRPNP-R
CN	PCPP-N
NP-N	C-PR-R
R-P-N	PRR
N-CC-N	RNC-C-C
NR-N-C-C	RNPNC
P-N	PRNNP
NN	RNP
NP-PC-N-N	PNRRNN-RRR
CC	RC-R
C-C	PPC-R
C-C-C	RP-P
N-C-N	PRR
NN	NNNP-P-R
R-C-C-P-C	CRNRP-C
P-C-N	PPC
P-C-C-C	NNPPN
P-N	RC
C-P	PNPNPC
C-N-C	CCNNN-R
CP	N-R
C-CC	C-NP
CP-P	NNN-N-NNCR
N-P-N-C	NNRCNC
C-P	PPRCPPP
RN-N	R-NNP-R
NC-P	CNCNC
CN	P-P
C-P-C	CRR
C-N-N-N-C-C	R-PPPNR-C
N-PC-P	PPPR
C-N	P-R
N-C-N	NCC-C
C-NN	CRR-R
N-C-C	R-CC-C
CN-R	NNPN
C-P-P	CNP
P-P	C-C
P-P-P-P	PR-CP
P-N	CR
N-C-P-N-N-C-P-NN-P	R-PPNNNPRNRR
C-P-P	CC-N
C-C	C-CR
N-P	N-P
PN	NNNN
C-R-N-P-P	RRCRCR-R-R
P-C-P-N-C	PP-NPRNR
PP	C-P
C-N-P	R-PRP
C-C	CR
C-P-C-C-C	CRCNCPR
C-C-N-N	CNNPNR
R-N	RPPR-N
PCN	PRC-C
N-P-C-C	NNNPN-C-R
C-N-C-NN	C-P-CPRR-R
PN	CR
N-N	N-NR
C-C-C	CNPC
CR	PR
C-N-CP	CC-C-RRRNNCN
P-N	C-R
N-PP-R	RNNPRR
RN-PN	PNNPNNNPN
N-N	C-NR
R-C	N-PCNP
C-P-N	P-P-C
R-R-P	NNR-C
N-N	CPN-C
CR-C-N-C-R-N	NPPNPPRPRC
CC-C-N	NPPPR-R
N-C	CC
CC	P-N
CN	NCPPNR
NC	P-R
NN-C	R-R-P-N-P
C-CN-N	CRNC-C-NP
CR-C	PR-C
C-C	RCPP-R
P-R-C-C	CRP-C
C-C-P-P-C	P-RPP-N-N
C-R	RRR
P-P	NPC
N-C-N-C	RCPPCR
PP-R	PRP
R-R-C	NNPNN-NNP
N-C-N	CPNNN
N-C	P-R
C-NN	CRPN-N
NN-R	N-RNC-C
C-N-P-N	CRRNPN
P-C-P-N	PNNNPR
C-C	CC-C
PP	RCNN
R-C	PR
CR-C-C-C	NNNRCRC-P
PP-C	N-RR
NN-NC	NCRPC
C-NP-C	P-CPR
P-C	N-P
P-P-N-C	CRPCNNR
CP-N	P-NC-C
R-NC-C	R-PPN
C-C-R-C	CPC-R
C-C-C	NPCR
C-C-R-C-C	PCPNPRPRRNC-P
P-C	RCC
C-NC-P	R-PPR
P-P-C-R	RRCN
NN-C-P	P-NPP
P-N-P	RPPR-N
C-P	C-C
C-C-N	RP-R
NP-C-P-C-C-P	C-RNPN-C-R-R
N-CR-R	PRNC-R
N-C-C	N-PP
C-C-P	NCNP
PNP-R	PPCC-R
PCN-R	RNNNP-PR
R-N	CPN
NN-C	C-PP
N-N	N-R
N-P	R-RP
N-C	RR
C-P-C	PRR
N-C-C	C-PNP-P
N-N-P-R	PNRCN
N-N	C-P-R
PN	PPCR-N
P-N-N	CRR-R
N-C-N	P-C-R
P-P-C	CNNCRRN
PN	PPR
CR	RRC
R-C	RRC-R
P-P	R-CR
N-N	CR
P-N-N-NN-NN-P-C	R-CNNNNPRNCC-P
C-C-C-P-C-C-N-P	C-RNP-NCNRPR
NP	C-P
PPP	RPPR-R
C-N-N-N-C-N	PRNCPPRNP
C-C-C-P-N-P	NPCNPNN
PP	RCP
C-R	PR
N-C	PPP
C-C-C	R-R-R
NC	CRN
CN-C	R-PRP-P-C
NC	NNC
N-P-C	P-P-R
P-N-N-N	CRPN
PP-P-C-N	RNP-CPP
P-N-P	RRC
P-N	P-P
N-PP-N	PPPRNP
N-P-N-P-C	RPNNPPCR
C-CP-P-P	PRRCRC
C-PC	CPNNC
C-R	PPR
RR-R	PRCN-R
N-C	P-R
C-N-C-N	P-R-P-PPR
R-P	CCNNC
C-C	RPC
C-P	N-C
C-C	RR
P-C	CN-NC
C-P	CPR
C-N-N-C-P	NNR-R-CR
C-R	CP
NC-C-C	CN-NRP-C
P-C	CPR
C-N-C	PCR-CP
P-NC	RRP
CN	NRN
CP	RNC
P-RP-N	CCRC
C-N-C	NCPP-P-R
N-C	PPCN
C-N	RRC-C-R
C-N-C-N	CNRR
NN-P	RPR
P-N-P	CRNPNR
NR	PRN
R-RN-PP	NNPCP-CPP
NN-N-R	NP-RR
R-C-C	PPP-R
CC-N-P	PRCN
P-N	PRR
N-N-P-NN	C-PPPNC-P
PP-C-C	CNCP
PC	P-R
C-P	NPPR-R
P-CP	C-CNP-P-C
C-C-CC-P	RCNRRNR
R-C	P-RPR
PC	P-CP-C
C-C	C-P
C-C	PR
P-N-P	CRR
C-C	C-R
CR-N	NCNR-N
C-P	P-P
C-C-P-N	PRPNP
NP-CN	PNPPPPPR-R
N-PC	NPC
N-C-R-N	CNNPC-R
C-C	C-R
N-C-N-NN	N-RNPP-R
C-C-N	CRR-R
C-C-C-C-N	C-CNRP-CPP
CN-C	NN-CR
C-C-R-C-C-C-N-N	CNNRRR-PCR-R-R
C-CN	CPC
N-C	N-P
N-C-C	CP-R
N-P-N	R-C-PPP
C-N-C	CCNN
NR	RCP-R
R-C-N	RRC-PP-R
P-R-N-N-R-R	NCPRRRP
C-C	RC-N-R
C-CP	N-RNC-PPC
C-N-C-CP	CRNPR-R
PCP	PPR
N-C	N-P
P-C	RP
N-PN-N-C-CP-N	NPRPNP-NNNR
N-N-C-PN	NRNR-R
NC	C-C
P-P	PRR
P-C-C-C	R-PPP-R-C
P-P-N-C	PNCN-C
N-N	RPR-R
C-PN	PRP
NP-C-N	R-PNPP-R-P
C-P-N-N-P	N-NCNNR
PP-CR	R-P-C-RNP
R-PP	NPNPCRNP
NC	R-P
C-R	CRC
C-N	CPNC
N-C	NNNPPNP-R
N-N	NNRP-RP
C-P	P-R
R-P	PNNN
C-C	PRP
N-C-P-C-N	R-PCPPCP-R
C-P	NCR
P-C	N-C
P-NC-P	R-PNCN
CP	RCPN-C
C-C	CPR
C-C-C	C-CN
PP	NNCN
N-C-N-C-C	NNNPCN-C
CC	CC-C
C-PP	PPN
RCC	RNCRR
P-N	R-PR-N
NP	RRPR-N
NC	NNN-P-PPP
C-R-N	C-CCCN
P-N	PC-NR
R-P-N	R-NPRR
R-N	N-PPN
NR	C-NR
N-C	NPP
R-P	R-P
C-PR	PPPR-R
C-N	P-C
R-N-P	PCR
P-N-N-P-C	R-PRPNP-R
CC	RC
NP	NPPN
R-N-PN	P-RCRP
N-C	CR-C
C-C	PRR
C-C-R-P	CCNNR
N-C	CN
P-N	P-R
C-P-P	NPPNP
C-P-P-P-N	C-C-R-PRNN-P
P-C-C-C-C	RPNRNC
CR-C	NCPP-R
C-CN-R	NPCN-N
RC	C-RRC-C-P
CC-C	C-CP-C
C-C-NC-C-C-C-C-N	NNRRR-PCR-R-R
NC-N	PRPP-R
RC	PCR
N-RC-C	N-R-C-C-C
RNPN-N-C	C-PRRRCPNR-R
C-C-CPC-P-N	R-CCNCRCRPCN-R
P-R	RNPPNP
P-R-RR	PRNNP
R-P-N	NNNNN-NPP
R-R-P	C-NCN-N-R
PN	NPNN
N-P-P-C	CRNN-N
NN	NR
N-R-C	N-RNC-CPC
C-N-R-N	CPNCNN
N-P-N	R-PP-C-R
N-C	R-PCCP
PP-C	PRC
CP	PPPPPR
N-P-NC-NN	NCNPNRPN
CN	C-RNN
NC	RPNP-C
NC-N	CRR
CN-C-N	RNCC-PPC
CPP	CNC
N-C	RPPC
C-C-NN	CRR-R
N-C-C	P-CNP-R-R
N-CC-C-N	C-P-PNRN
N-R	P-P
RP-P	N-CC-R-N
C-CP-P	CPR-C
P-C-C	C-CC
RPC	NNRRN-C
C-N	RP
N-C	PR
P-P-CC-C	NR-PNP
N-P-P-N	CRNPNCR
R-PR	RNPP-P
P-RR	PRNNP
R-N-C-N-CP	NNNNRNPNP
R-R-PP	C-NCN-N-R
CP-C	P-CPR
C-C	RRP-R
CC	CPR
P-C-N	CRN
N-N	PR-R
N-C-N	R-NPP-R
N-N-P-P-N-N	PPP-CP-R
C-N-P-N	CNCNN
N-NN-NN	RRPP-C
PN	RP
N-NP-C-P-N-N	NNPPNNPRPR
NC-N	CCNPNPRNC
C-C	CN
C-NN	R-CR
N-C-N-NC-N-NN-P	R-PPNNPPRNPC
C-C-C	CCRRPR
N-N	P-P
C-N-P	PRR
N-P-N-N	N-CCP-PPP
C-N	NRC
N-C-R	PPP
C-P	R-P
R-C-C	PPPR-R
C-N-N	PCR
C-N-N-P-C	R-PRPNP-R
P-C	RC
P-N-N	CPR
N-C	P-C
PC	RR-P-R
P-C-C	PRR
NP-C-C-P	C-PPP-C-P
N-N-P	NNNP
NN	CN
N-RC	P-CPP
N-CNC	CNPCNNR
C-N-C-C-N-NN-N	R-RNNN-N-R-N
R-C	NN
C-R-R-C	NPPPR
R-N	N-PP
CP	PR
C-P	P-P
PC	PRR
N-P-C-CN	N-RNCPR-C
P-P-R	NNPR
R-CN	R-PPCR
NN-NN	C-NNPNR-C
P-CPN	C-PRNP
NP	N-P
RN-P	PRPR-N
R-C-N	R-C-P
R-P	NNPNR
P-N-P	R-CR
P-N-CN-N-C-C-N-P	R-PPPNNPPRNPC-P
C-P-N	RRPR
N-C-R	PP-NRNR
P-P	C-C
R-C-C-R	RPPNPR
C-NR	PRR
N-C-P	CN-C-R
RN-C-PP-C	NPCNN-P
C-C	NCPP-R
R-C-N	NPCN-N
RC	C-RRC-C-C
R-C	C-NP-C
N-N	CRPR-N
N-C	C-CNP
N-C-C-P	C-NRPRR
R-N	PR-N-R
R-NP-P	PCCN-R
P-N	R-C-R-P
R-N	PNRRR
N-R	RR-C-R
CN	PCCN-R
NN	R-P-R
N-R-CN-C	P-CRCNPRR
C-R	N-C
CC-CC-P-C	PNNRRCNPN
N-P	RNN
N-N-C-N-P	NNN-N-C
C-N-CP-N-N	CN-CNCRCP
C-N-P-N	CC-P-R
C-C-C-N-PN	RNPRNN-R
N-C	P-RN
N-C-N	NPPN
C-N	P-P
N-C	RR
N-R-CR-P-N	CNPNPR-R-R
C-NC	PP-R-R
C-N	N-R
NN-C	N-R-C
PC	PCCN-N
C-N	R-R
N-C-N-C	NNPPP-NPP
P-P-N-C-P-C	C-RCRCNC
PN-C-P	PPNPPR
P-RP-P	PCPPRNNR
C	P-P
C-R	P-N
RC-P	N-PNPNNP-R
N-R-R-R-N-C	NNCCRN
C-N	RR
C-C-C-C-NN	CNNRRR-PCR-R-R
P-C-N	CCPNNP
N-C	PNN
P-C-C-N-C-N-P-N-N	R-RRPNPPRR-C
C-N-N	NPPPPN
N-PC	RNP-R
P-N	PR
P-N-C	RNC
P-C	RCRN
C-NP	CRPR-N
P-R-C	C-CNNP
C-C-R	PCR-C
P-CC-C	P-NPP
P-C	R-PP
C-C	PPPR-R
P-P-N	PCR
P-N-C	R-PRPNP-R
P-C	RC
PN-C	RPP
P-NN	R-CR
N-P-N-P-CN-N	R-CCRNNNPRNCP-P
C-N	CR
C-C-C-C-P-NP	NCCRRPR
C-C-C-C-C	CPPNP-R-R
C-N	C-PP
PC	P-R
R-C-C	R-C-C-C
NN	RP
P-N	RN
NC	N-CPP
R-P-NC-N	PNN-NNPRRNNC
N-N-N	N-PR-R
R-CC-P	RPPC
N-P-N	C-C-PP
N-N-R-C	C-RRRN
C-N-NN-P-N	PRNPPR
P-R	PN
N-N	NNNP-N
N-R-N	RRNR
C-N-PP	C-RNN
PN-C	PCRP
C-P	RC-C
P-N-N-N-P-N-P	RCCPNNNCRRP
N-C	NCRN
C-NC	R-C-CR
N-PRN	PPRR
C-R-N-N-P	PNNRCNPP-PNPPR
R-P-C-N	CPN-C-PNRPRN
P-NN	R-CR
P-N-N-N-NP-NN-P-C	R-CCNNNNPRNC-P
C-P	CNR
C-C-P-C-P-NP	R-NCCRRPR
PN-N	CNPC-C
NC	R-CC-C
PPP	CNCPNNN
CC-N-C	PR-P-R-C
P-C-C	C-PNCP
C-C	PPC
P-C-N	CRN
N-PC-CC-N	R-RCP-NNC
CC-NC	CCNPP-C
CR	R-P
C-C	C-CNNN
R-N	R-R
N-N-N-N	CRCNC
NC	NNC-P-NPN
R-C	C-CR
P-PCP	P-NPPP
PP-P	PPN-P
N-N-C-R	C-CC-P-R
P-P-P-R-C-P-N	P-CNPNCRN
CNR-P-C-C-C	R-PPPCR-C
C-R-C-C-C	C-CNNR
C-NN	R-CR
P-P-C-NN-N-P-NN-C-C	R-CCNNNNPRNCN-P
C-N-C	CNR
C-CN-C	CRPR
N-N	C-P-R
RN	PPCN-N
N-C-R	P-R-PPR
C-P-C	NNPRR
C-C	CC
C-PC-P	RCC-R
P-PC	P-CP-R
P-NC-P	RNRR
RR	C-C
C-R	P-R
R-N	C-P-NC-P-C
R-P-N-N-C-R-R	CRRRRPNRNNNC
P-N-C	P-NPP
C-CP-P	PPPR-R
C-C-P	PCR
C-C-N-N	R-PRP-P-N
P-C-P	RC-C
N-P-R	PRNNP
R-N	NNNNN-NPP
P-R	C-NNCN
N-N	C-NN
N-C-N	NNPPNNPR-R
N-N-C-C	R-PCNR
NR-P-C	PC-PPR
PN-N	CRPN
PPCR-P-C	RNPNCPP
P-PN-P	PRCRC
N-P	PPR
P-C-C	RPNR-R
C-P	N-NRP-P
N-P-R	PRR
R-C-C	C-C-C
C-C-N-NP-C	CCNNP-CR
P-N-C	P-NPP
C-P	R-P
C-PR	PPPR-R
P-N	PCR
CN-C	R-PRPNP-R
C-P	RC
C-R	PR-R
NN-C-N	PPN-P
N-N-C	NNNN
CN	PP-R
C-C	C-NC
C-N	CPR
N-C	C-CNN
N-C-C-R-N-R-N-N-P	CPN-NCNRRR-N
P-NC-R	P-NPP
P-P	R-P
R-N-C	PPNR-R
P-N-C	PCR
P-N-R-P-C	R-PRPNP-R
P-N	RC
C-N-C-N	PPP-C
N-NC	R-NPN-R
N-N-N-N-N-RC	C-NRPC-NNNN
P-P	C-N
N-P-P-P-N	RPN-P-C
P-R-C-P-C-N	CNRNR-RN
P-N-C	P-NPP
P-P	R-P
RC-P	PP-R
P-N-N	PCR
P-C-CN-N	R-PRPNP-R
P-C-P	RC-R
C-N	RR
C-C-C-C-C-NN-R	NNRRR-RPCR-R-R
C-P	PPNPPR
C-C	P-C
P-N	R-N
C-NP	C-R-CP-R
N-N-N-RNC	NRNNP-C
C-N	PR-R
C-P	RNC-N
P-P-C	C-R-C
C-N-PNP	C-N-PNPPP
CN	NPRC
C-C	R-R
C-P	C-PC
C-C	RP
C-C-C-R-P-C	NRCRNCC
P-C	C-R
N-P-C	RCP
C-N	NNRNP
P-P-P-C-N	NPNPNR
PP-N-N	NNCP
P-P	PN
N-N-N	RN-R-R
PC-PN	PNRR-P
NP	R-R
N-N-N-C	NPCPCNR
NC	NPP
R-P	R-P
RP-C-P	PCPR-R
P-N-C	PCR
CNP-C	R-PRPNP-R
P-C	RC
C-R	CR
R-C-N-CP	R-PNPN
P-N-N-C-P-N-C	P-NNRNRNNR-P
P-CP-C-R	RRCPRP-R
N-C-N-R	PC-P-R
P-P	R-C-P
P-R	NPPN
R-C-R	PRN
R-C-C-CN	P-PPNNPR-R
R-N-C	CNPP-C
N-C-P-N-N-N	RPPPPC-R
NP-C	RRPR-R
P-C	PPR-C
C-C	N-P
PP-C	RRRCR
C-CNN	NCRR-C
CC	R-C-C
C-RC	CCNN-C-NP
C-C	NRP
C-PN	PNRP
NP-P-C	NPCRRR
C-P-R	CPR
RR	N-P
R-NNN	NPPR
C-P-PP-N-R	NNPNNC-N
CC-PR	RPPCR
C-C	P-NP
NR	NRC
R-R	RNC
R-P-P	RRRN
R-PR-C	P-RNPPNP
P-R-RR	PRNNP
R-P-N-P-N-C	NNNNN-NPPR-N
R-R-P	C-NNCN-N-R
C-PN	PP-P-R
CC-P-PP	RPRRC
NR-C-N-C	PPNR-R
N-P-N	N-RN-P
PC	PCCN-N
P-N	RNR
N-C-N	NNPPP-NPP
P-C-C-N-P	C-RCRCN
CC	P-C
N-C-P-CC	PPNR-R
N-P	P-P
P-N-C	CRPNC
N-PN-N-P-P	NNPPNP-NPP-C
CC-C	CNR-NR
P-C	RCNC
N-NC-C	NNNNPRNP
N-N-PP-R-P	N-CR-NPNRRNNR
P-C	PP-R
N-C	R-P
N-N-RC-P	R-R-PPR
C-NN-N	RNPR
NN	PPR
NN-R-R	RRPP-R
C-C	P-P
C-P-C	NCR
C-C-N-C	CPC-C
C-N-N-C	RRRNP-R
N-CP	C-R-C
NP	R-N-R
P-P-N	R-N-R-R
N-N	PRN-P
N-CN-P	P-PPNNP-R
CPN	NNRNP-P
C-C	C-C-C-R
NC	C-R
CR	NPCR-R
N-N-C	NPRN-NR
P-C	PPR
CC	R-P-R
P-C-P	PRR
C-P-C-NN	N-RNNCPP-C
N-C-P-C	CCPR-P
R-CNP	PRPNNN
NP-C-N	NPPNC-P-R
NP-R	N-PPPPRN
P-C	C-PNCP
C-C	NN
P-R-N-R-N-N-C	NNNNCCCC
PN-N	PC-R
N-N-N	NPPR
C-C	CRR
N-C-C-N-N	N-CCC-CPN-C-C
C-N	C-P
N-N-N	C-C-C-R-P
RN-N	RPNP-R
C-R	PPN-P
NN-C-C	C-CP-NP
N-R	PPR
RP-CR	C-CC-N
R-PN-N-NC-R-R	CCNNNNN-RRCRNRR-R
N-N-C	PNNPN
NN-N	RPPR
CPC-RC-C	RNC-CPCR-P-C
N-C-P-PR-C	C-NRRNPP-R
CN	NRN
NPC	RNC
N-R-N-N	CCRC
N-NC	NCRN
R-N-C	R-C-CR
RN	PPRR
C-N-R-P	PNNRCN-P-PNPPR
R-PN-C-CN	CPN-PNRPRN
P-N-N-P	NNRC
N-N	NNR
P-C	NRP
N-N	RPRP
N-P	PR
N-N-P	RNP
C-N-P-N	CNRR
P-P-P-C-C	CP-CPRNCPR
C-PPN-P	NPCN-R
NP-P	R-R-R
CP-C-C	PCNNPRPR
C-N	R-RC
C-P-P	C-NR-N
N-C-P	C-P-P-R-C
P-NN	R-NP-N-N
C-P-N	PCRN-P
N-P-P-N	P-PR-NPNR
P-P-C	NNRC
CR	R-CN
N-R	PRN-P
RPN	NNPNP-R
RC	N-N-C-R
P-C-R	RRR-C-C
C-C	RC-N-R
C-CP	N-RNCNPPC
C-C-N-N-P-P	C-CRN-R-R
N-P-C	PNPR-C
C-P-C	PRR-C
C-R-N-P	C-N-PCPPR
CNC	NCN
C-C	PP
C-C	P-R
CC-C	RP-R
C-C	C-R
C-C-C-P-R	CPCNP-P
C-C-P-C	RNPP
R-N	R-R
P-P	NNCC-R
NC-P	RRC-C-C
C-C-P	RNRPR
C-C	CNPP
PP	R-R
R-R-C-N-C	CNPNNCP
C-P	CP
CP	N-R
R-PC	P-R-PP
N-N	R-R
CR	P-N
C-N	PR
N-P-RN	RPN-P
N-C	RRRN-C
P-C	C-R
NC	RC
P-C	P-N
C-N-N-NP	NNRNP-P
C-P-P-N	NPNPNR
N-N	P-R
C-N	NCP
NP	NRN
P-P-P	N-RNC-C-C
P-R-P-P-P-C	PCRCRR
C-R-P	PPR
PN-N-C	NNPPN
CN-R	NNP-RPNPNP-R
C-C	R-R
C-N-C-N-P	C-CNCPN-C
C-N	C-CNP
N-R-N	P-NCPP-R
PR-NP-N	PPCN-R
NN	P-R
NR	PNP-CPR
N-NN	C-P-NN
P-N	P-PPP
P-P	R-P
C-N-PR	PPPR-R
N-C	PCN
C-N-C-C	R-PRP-P-R
C-P	R-C
R-N	R-R-R
P-NP-P	R-R-P-R-C
R-PN	N-P-R
N-C-N-C	C-P-RP
R-C-P-P	N-PNRNRP
N-R	NR
PR	PNC
NR-C-P-R	PNCP-C
N-R-P-C	NN-RRR-R
P-N	P-R
NN-C-C	RCCN-N
P-P-N	NC-R
C-N-N-P-N-C-N	C-RRP-PPP
C-N-N	CCNPNN
C-N-CN	NCPRRN
C-C-P	PPPN-PN
C-N	P-N
C-NC	PR-NP
P-N-P-C-N-N	NN-NNCNRR
C-P-N	NPPN
C-NP-N	RCPN
CN	PR
CN	PNPNNP
NP-N-P-P-R-C	CNNNCNPRR
P-N	PNNP-N
RPN	PRPP-R
P-P-N	PRN
NPP-P-P-N-P	R-PRPNNPP-C
P-N-N-P-C	NPNNNR
C-C-C	RPPR
C-C	C-R
C-N-P-C-N-N	R-C-CNP-R
C-C-C-C-N	PNPNPP-CC
C-C-R	PNPPN
N-C	PPRN
N-R	P-R-C
C-N-C	R-PRP-R
R-C-C-N	PNRRRRP
CN	R-P
CP-NP-N-N	PNRRNRR
N-C	RC-R
NN-N-C	PPC-R
C-C-P	PRNNC
C-P-N-C	PRCRP-CPP
C-RNC	CR-PNR-N
N-P-P	PR-R
NP	N-P
C-N	N-R
C-C-N	RP-R
RP	RN
N-R	P-P
CN-N	NCRRNC
C-C	R-C-C-C
CR-NR	CCNN-CN-NP
C-NP	RNC
P-R-P-P	CCRC
RP	PPR
RC-C-P	CCNCC
R-N-C-P-R-P	CCNPNNP-RNCRNRR-R
C-N	PR
NP-P	RPPP
C-C	C-P
C-C-NN-P	R-PPC-R-P
NC	R-C-R
N-P	CN
P-P	P-N-P
P-N	N-CR
P-NP-NC-N-P-C-N-P-N	R-PCNNNNPRPCP-P
C-P-N	C-PR
N-P	CR
C-N-N-C	PPR-R
N-C-R-N	R-C-NNN
CC-P	CRR
N-C-R	N-R-C-CPC
N-C-C-P	N-C-CCPNNC
C-P-C	N-RN-P
N-N	RR
P-C	C-C
PN	NR
C-N	R-P-R
P-NP-R	PPNC-R
P-NP	R-R-PPR
R-N	N-P-R
N-C	C-NP-R
CP	CP
C-C-P-P-N	N-PNRPRN
C-P-P-N-N-C-C	RRNPRRCR
C-C-C	C-PNCP
C-N-N-P	CN-NRPRP
C-P-R-N-NC-C	CNNNNCCCCC
P-P	N-N
P-P	PP
P-P-N	RNNNP-P
N-P-P-N-N-C	RCRC-R-R
C-N-C-P-P	CPNPNR
N-N	R-R
P-C	CRPP
P-N-P-N	R-CNRRN
C-P-P	P-NCR
C-C	PC
C-C	RP-P
P-CN-P-NP	CPNCNNNN-C
P-N-C-P	PNRPN
P-C	RR
C-PP	P-C-R
CNPC	CNCPNR
C-P	CRR
P-P-C-R-CC-N	N-CCP-PPN-P
C-N-C	CPPR
P-C-P-C	P-CPC
C-NP	R-PP
C-C	NRP
P-C	C-R
C-C	P-C
C-PC	RNPRNR
NC	P-C
N-P-NC	PNN-C
CN-C-P	R-PRR
C-CP-NN	CRR-RP
C-P	PPR
P-N-C	RPPR
N-R	PRR
C-P-NRN	C-R-PNP
N-R-N-C	C-CNPR-NN
NP-P	C-P-R-R
PN	PNCN-R
P-PC	C-R-C-C-C
C-P-P	PNRCNRR
P-N-P	NNRC
N-N-P	NNR
P-C-C	NRP
C-P	P-C-R
C-N-C	R-N-C
R-P	N-P
RN-P	CRP
N-R	NR-N
P-N-C-R	PP-NPP
C-P	R-P
C-P-P	PPPR-R
N-C	PC
CP-N-R	R-PNP-P-R
C-P	RC
N-N	N-PCNN
NC	R-C-N
N-N-C	NN-CR
N-C-C-N-P	C-PCCR
C-C	NRP-P
R-C-P	CRP
C-P-P	P-PPC
C-P	PR
C-C	RC
PC-N-CP-N-NP	NNNCRRCCN
C-N	PPP
P-P	R-P
RC	PPPR-R
N-P	PCR
C-C-N-P	R-PRPNP-R
C-P	RN-C
N-R	PRN-P
R-NP	NNPN-R
CN-N-C	RRRRN
C-C	NRP-R
PNN	RPR
R-P-P-C	PPPNR-P
NP-C	RRPP
C-N	RR
C-C-C-NC-C	NNRRR-PCR-R-R
P-N	PC-R
C-P-C-N	RNPN
NN	NNR
C-N-P-C-C	CNNRC
PN-RC	N-PPNNP
C-N-P	NNNR-P
C-N-N-R	PPPPR-R
P-C-C	RCN-R
N-N-R-C-C	R-PRP-P-P
C-N-P	P-C-R
CN-C	CNCPNR
PCC	CRR
C-P-C-C	CNNP-CPNR
C-N-N-P	CPNR
NR	RNN
NP	PP
PPP-NN-P	CPCNPNCN
C-N	C-N
P-N-C-N-P-C-N-P-C	N-RCNCNRPNCC-P
PN-C-N-N	NPN-CPPN
C-C-C-P	NNPC-C-N
C-R	PPC
P-P-NC	R-PCRP
RC-C	CRN
C-C	CC
C-C	CR
C-C-P-C-NC	CRCCNC
PN	PPPPNN
N-C	RPP-C
N-N-N-N-P	P-RRR-R-R
C-N-C-P	NRRNN
N-N	C-R
C-N	PP-R
C-N	P-RRP
N-N	CCR
CN-N	CPPP-N
C-C	N-R-PP
C-C-N-P-C-P	C-RNNPNRP-R
C-N-P	PR-N
PN	PPP
N-C-C-N	R-R-R-R
P-CN	RRNPN
N-P-C-NR	PPCP-C-R
P-NRN	PRPN-R
N-R	RCPR
NP-P	NP-R
P-N-NC	RNPR-R
R-C	P-R-C
N-NC-N	C-NNNPNP-P
C-P-R	PPRRRN
P-NC-N	NPPCR-R
N-C	C-C
N-C-N	PP-NPR
P-N-N	RR-NC
P-P-NN	NNCRCR
R-NP	PRPNNN
PN	CRNN
NP-NR	NNPN-P-R
NP-R	N-PPPPRN
RP-C	PRR
CRRP	C-NRN-PPC
R-NP	NNNR-R
RR	C-C
C-R	P-R
R-N	C-P-NC-P-C
R-C-N-N-R	CRRCRRPNRNNNC
N-NP	RCCN
NP	R-N-CNN
N-N	PNCN
R-PN	RNPPNP
NR-RR	PRNNP
R-N	NNNN-NPP
R-R	C-NNCN-N-R
C-N-N-N	C-PPN
N-C-N	CRPP
N-CN-C	C-R-RPC
R-N-C-C	R-NRR
P-CC	CPP-P-R
C-N	RN
N-C-R-C	RRPCPCR
PN	CCC
R-C	PPR
C-N	N-C
R-P	NNR
R-NC	RP-R-R
N-C-R	PPN
C-PC	RRC-C
C-N-R-C	NPPNPCP
PC-R-N	C-RPR
P-C	RNP
C-PN-N-N	P-RRNNNP-P
R-C	PC-R
C-R	P-P-C
C-R	PP
N-N	N-N
C-C-R	PPN
C-CN	PPPP
C-P-N-N-R	C-PNPN-N
C-P	P-C
PRR	RNPPNP
P-RR	PRNNP
R-N-N-R	NNNNN-NPP
R-R-P	C-NNCN-N-R
P-N-C-C	P-PPP
P-P	R-P
RP-C-P	PPPR-R
C-N-P	CCR
C-N-R-CP	R-PRP-P-R
P-N	RC
P-CC-R	P-PPP
CR	PPPR-R
N-C	PCN
PC-N-N-C	R-PRP-P-R
CN-P-P	NRP-R-CN
P-P-R-N	P-NCCR
N-C-P	CCNC
C-R-R-C	R-RRNN
C-N-C-N	PP-NR-R
C-C	PNP
C-N	CCR
CNNC	CPCR-N
C-C-N	NNCN
CN-P-NN	PPCNP-R
NN-NC	NPPN-R
C-CR-N	PNRRRNPR
C-N-N-C	P-PPR-R
C-C-R-N	R-C-NNN
C-N	CCR
N-C-R	N-R-C-C-C
N-C-C-C	N-R-PC
N-C-N-N	PC-C-R
N-C-C-P	RCCR
CC-N	CRP
N-PR	NNCCR-PNP
C-C-P-P	CRRNPPR
C-C-P	CRPR-R
C-P	R-P
P-N-C-N-P-N	P-PNPR-C-C
PCN	NNP-NN
NR	PRPN-R
R-P-N-N-N	C-C-NRP-N-R
PP	CN
PN-R-C-NN-CC-N-P-P	R-CCCNNNPRNCP-P
C-P-C-NC	NCCRRPR
C-C-N	R-RR
R-R	RR
R-P	RP
N-CN	RRCC
P-R	RNPP-P
P-R-RR	PRNNP
R-P-N-C-R-P	NNNNRNPNP
P-R-R	C-NCN-N-R
CR-N-N	NNPCR
C-C	CPPC
C-C	R-N-PNP
PC-N	PN-NRP-P
N-C-NC	PRP-P
CN	R-PP-N
P-C-P-N-N-P-C	CCRCNC-R
C-P-C	PC-P-R
C-P-P-C	NCNN
N-P	PN
P-C-NC	RRC-CCP
P-N-C	RCN
N-P-C-C	PPPR-C
PC-C	PRR-C
C-N-P-C	C-N-PNPPR
CN	NCN
CP-C-C	NNCPR-R
C-C	CC
N-P-NR	RPPCPPNC
RR	CNN-C
RN	NNP-NNN
R-CNC	CPNCNNN
N-P	C-R
CP	R-P
C-N	RNC
P-P-N-N	CCRC
P-N-N	R-CR
N-N-R-NN-C-P-NN-C	R-CCNNNNPRNCP-P
C-C-C-N-P	NCCRRPR
N-C	N-P
RN-R	NNR-P
R-N-R-P-N-R	PNPNCRNNNN-N
PP-N-P	CPCNPN-N
C-P	C-N
PNC-N-N-NP-N-P-P	N-CRCNCNRPNC-P
NN-N	N-CP
C-P-C-C	NNPC-C-N
C-N	CNN
N-C-R-N-C-N	P-CR-PRR
C-C	N-C
NNC-P-CN-P-N-P	CCNCCR-N-PCCPNC-C
PC-N	RPRP
N-R	PPR
P-N-C	C-CC
R-PN-N-CN-R	CNNCNNN-RRCRNPR-R
NC-N	PRR
NN-N-N	PPC-R-C
C-P	RPPC
P-C	C-P
N-C-CPN-C-P	N-NCRNPPP-P-P
C-P	R-C
C-PP	PRP
P-R	PR
C-C	PC-P
C-CC	CRNR
N-P	R-R
CP	NP-R
RN	P-P
R-C	P-R
N-R	RNP
C-C-R	CRNNCR
N-CC-NP	PPCP-C-R
NP-P	PRPN-R
N-N-P	R-PRR-C
PC-CP	P-NPPNP-R
P-N-P-C-C	CRNPN
C-C-C-N	R-CNCC-C-C
CRPC	PPRNR
RNP	CRPC-N
C-CNN	P-PPNNNR-R
NR-N	CCC-CCN
N-P-P	P-PR
P-P-C	RPPR
NP	CRP
PNC-C	RNPPCP-C
C-C-C	CCC
R-NC-P	P-PPR
C-R-N-CP	RRPPCR
N-N-C	R-PN-C
N-PN	RNPN-R
C-P	CPR
P-C	R-C
C-P-C-N-N	NNRCRR
P-R	PRPPNN
C-C-P	RP-P
R-PPR	NPN-C
N-P-R-C	N-PPN-R
C-P-C	PPP-C
R-CN-P	PNCR
N-N-P	C-R-C
N-N-P	P-N-N
N-P	PN
N-NN	RP-P
NN-N	NNC-NPP
P-P-N	NN-C
P-C-C-R	P-PPP
C-P	R-P
R-C-C	PPPR-R
C-C	PCN
C-N-R-C	R-PRP-P-R
P-P	R-C
RNP	CRPP-N
C-NC-N	P-PPNNNR-R
CR-N	CCC-CPN
C-C	R-R
N-C-P-N-C	N-PPNCP
N-N-C	PN-P
RC-C	PRR
C-C	CPC-C
R-C-C-NN	RNR-CR
C-P	P-C
PRR	RNPPNP
P-R	PRNNP
R-P-N	NNNNN-NPP
P-R-P-R	C-NNCN-N-R
N-N	N-R
N-C-CN	C-CCNP
C-P	RP-P
N-P	PR
P-N-P-C-N-CN-N	NNNRNPPPNNRC
NN-C	CRPR
C-P-P-P	PC-CPN-C
N-C-P	PRRRR
C-CP-PC-C	RCCPNNP
N-C	C-C
R-N-C	PRR
C-C-P-C	CPC-RPP
C-C-R-C-C-R	CNNRP-R
NN-C	PRC
RN	CNPR
P-C	CC
R-N	RCPP
RN-N	NRN-R-PNN
NRR	NPCN-R
CP	C-P
CP	PPN
PC-N	PPPP-N
RN	R-C
NR	N-R-R-P
R-R-C-P-N	R-CPPPNR
C-C	CPR
P-C-C-C-N-CN-C	NC-PPPNNPNNRR
N-C-P	P-R-RP
P-NC	PPR
N-P-N-N-C	PNPPNP
N-P-N	PRNNC
C-C	C-R
CC	RCP
PC-R-N-P	RNC-P-C
C-CP	PCCPR
R-P	P-RNPPNP
N-P-R	PRNNP
R-N-N-N-R	NNNNN-NPP
P-R-R	C-NNCN-N-R
N-N-C	CRR
C-C-N-C-C	R-PPPNRPC
PC	NCNR
C-NN	PPP
N-N-C-R	RPCR
N-R-N-C	C-RNP-PPP
P-C-C-N	NCNRRC
R-P-P	CNNPP
C-CP	RNPP-R
C-C-P-C-P-C	CRPNCCPP-RR
R-C-C	P-PC
C-P-C-C	RPNPNR
R-P	C-P
P-R-P-N-C	N-PNN-C-RR
N-C-PP	RNCN
N-PC	PCPRP
P-CC	NNCP-R
PC-C	R-PCNNNR-R
C-P-CCP	CNRR-PCRR
N-RR-R-C	CPPNP-R-C
C-C	R-NPCN-N
NNC	NRR-R
C-N-C-P	P-C-R-R
N-NR-C-C	N-RPRCNR
C-P-P	C-C-N
PN-CP	CN-N-P-C
R-P-N-C-P-N	CPRNN-N-R-R
NC	C-CC
C-N-N-NC	C-PCCRRRR
C-C-P	N-NRP-P
CC-P	PPP
PP	RRP-R
CR-N-N-PC-C-C	PNNRNPNNR-NCR
N-C	R-C-C-R
CNRC	R-NPCR-C
R-C-PN	P-PPN-R-R
C-NC	CRCRN
P-P	PR
P-N-N	R-CR
P-N-P-C-N-N-P-N-C-C	R-CCNNNNPRNP-P
C-P	CN
C-C-C-R-CNP	R-NPCRRPR
C-C-N	PP-N
NN	R-NR
R-P-C-N	P-PN-R
N-C	P-R-R-N
N-N	NRR-NN
C-N	NPPCR
NP-N	N-NNP-P
C-C	RRP
NP-N	PN-C
C-C-R	NNNRRNC-C
NC	PRN
C-P	CR-CP
NN-N-C-C-N	NNN-RCNN-R
RP	PRPN-N
PN	CRN
NP-N-N	NNPN-CC-R
NP-R	PPPPRN
P-R	RNPP-P
P-R-R	PRNNP
R-P-N-C-R-C	NNNNRNPNP
P-R-P-R	C-NCN-N-R
R-P-C	PNPPN
R-N-C	CNNRRR
CNNC	PR-P-R
C-R-C	C-CNRR-R
C-P-C-C	P-PRNRP
CPN-N-N-C	C-P-NPNRP-P
N-P	PP
R-CN	PPCP
PN-P-N-C-R-C-C-C	PRNNRCNRNCR
P-R	RNPPNP
N-P-RR	PRN-P
R-N-N	NNNNN-NPP
P-R-R	C-NNCN-N-R
NN-N-C	PNNPCN
C-C	CC-C
C-N	P-P
N-C-C	NPPC
N-P-N-N-R-P-C	CPNRNCP
NC	N-R
NC-P-C	PN-NRP-P
NC	PR
CP	CPC
C-C	C-C
N-C-CR-N-C	NCRRNP-RNNCR
NP	P-P-P-P
C-R-P-C	NPNRNPNR-R
C-C	C-PPC
N-C-P	CR-C
PR	PPR
RR-P	C-CC-N
R-PN-NC-NR-R	CCNNNNN-RRCRNRR-R
CC	P-P
C-P	P-R
R-N-C-N-C	PRRNR
N-C-P	C-RR
C-P-N	RRCP-R
N-NC	C-NRP-N-R
C-C-C	PPPPPN
NP	PPN
P-NP-P	CRPP
P-P	CRR
P-R-C	N-C-C
CNR-PN	PNPRNC
R-R-C	NNPR
P-N-NP	P-R-P-CPP
P-R	NNRR
C-C	CR
C-P-P	RCPN
C-C	P-P
C-C	PR
C-CC-C-C-P	R-PPNNPN-R
C-N-P-N	CNNPPRR
N-P	R-N-N
NP	CRR
N-NN-R-P-N	NCNNPR-NNPRNC
NC-R-N-R	RCPNN
N-N	NNPP-PPR
N-C	C-R-NPP
P-C	RPR
R-C-N	P-CP
N-N	CRNP
NN	R-C
N-P	N-C
P-N	C-R
RC	PPN
N-C	P-R
P-C-N	C-CNN-C
N-C-N-P	PP-NNR-R
P-C	C-C
C-P-C	RNNPP-R
C-P	RR
C-N	N-C-R
RPP	NPCNN
C-R-P	RPCN
R-P-C-C	NNPP-C
P-N	RR
C-CC-P-N	CCRRN
N-P-R	PRPPNN
P-R-N	PP-C
R-RP	RRRC
CP-P	RCC-R
C-C	RP-P
C-C-N	PRN
N-P-P	NPPP-NP
PN-NN-N	NNNCNR
C-C	P-PR
N-P-C	RPPR
N-C	RPRP
C-C	RRR
CP-CN-P-C	N-CPC-CPC
P-N	CP
C-C-P-P-R	PRCRC
P-P-N-C	CNP-P-R
N-P	NP-N-R
P-R	PRN
R-P-CC-P	NNPPRP-R
C-N-N	NNNCPR
P-N-N-N	P-R-PP-R
NP-P-C	RRNR-R
N-C-C-RC	N-CPP-C-C
C-P	R-PRNPN
N-C-NP	CCP-R-C
NN	P-N-N
NP-N	NRP-P
NN-N	NNCRR-NPP
NN	NN-C
P-C-C-C	P-PPP
P-P	R-P
RC	PPPR-R
N-C	PCR
CP-C-N	R-PRPNP-R
P-N	C-RN
R-N	PPC-PC-C
RN-P-R-P-P	NCNNNNCNRPNNC
N-C	P-R
C-C-PN	RRPC
C-C-P-R	CRRNNC
C-C	NCR
RR	C-C
R-PR	C-P-NC-P-C
R-R-NC-PP-R	CRRRRPNRNNNCC
C-C	R-C
N-P-C	RCPR-N
P-C	P-P
PC-N	PRR
CC-C-NP	P-PPP-PC-R
NN-N-R-C	CNRNNRPCC
NC	RNCP
RCR	PPN
R-R-N-N	NNN-N-P
C-NR	NNNNN
PP-PP-PP-P	PP-RPPP-C-R
PR	RNPP
C-R-R-R-P-P	N-RNNNP-CR
C-N-NP	C-R-NRC
C-C-N-C	P-PRNRP
RCC	RRPP
CN-C	PR-C
R-N-NN-R-C	R-PCN-RPC
NC-N-C-C	NNPNR
PC	PP
C-CN	P-PR
C-C	RP-R
C-C	C-R
C-CC-C-C	N-CPCNP-P-C
PN-C-P	CRNPP
P-N-N-P	NNRC
N-P-P	NNR
PP-C	NRP
C-CC	NCPP-P-R
R-N	NPCN-N
RC	C-RRC-C-P
CC-C	CNCP-C
PC-CN	PPCR-R
C-C-P-N	RCN-R
PP	CRPN
P-PP	CNPPCP-C-C
NP-NNP	RCNRPRC
P-R	R-P
P-N	C-C
PC	RCC-R
C-P	CRR
C-N-C	C-R-P-P
N-N	P-C
CR	NR-N
PN	CNN
NP-N	R-C-R
PN	P-C
NPN	N-R-N
P-N-N	PPN-P
CN	R-NNP-P-R
NN	P-P
P-N-C-P-P-R	PPPNPPPR
N-PC	CPPC
P-C-C	PNPN
NR	CNN
C-C	P-R
C-C-R	R-RP
N-C-C-N-PNN-C	R-PPPNNPPRNP-P
C-R-C	R-NC
P-C-R-N	NRP-P
R-N	PR
N-NR-C	RRP-R-R
C-NC-C	RNRC-CR
NC-R	NPP
C-P	R-P
CR	PPPR-R
P-C-C	PCR
C-N-R-C	R-PRPNP-R
R-N	RC
C-CC-P-P	PP-NPR
N-C-C-N	NRCP-R
P-N	P-N-C
N-N	N-N-C-NPC
C-P	CCRPPR
N-N	P-P
N-C	NN
N-CN	R-CCPC
P-N-C	RRPNRP
P-P-R-N	PN-R-R
N-P-CP	RCPNNR
N-C	R-C
PN	C-PR
C-C	P-R
PP-P	CPPR-C
C-C-N	C-P-P-R-P
P-PN-C-P-C	NNNNRPC-CN
CR	R-CN
N-R	PRN-P
R-NP-P	NPPP-C-R
R-PP-P	NNNRPC-N-R-C-R
N-P-P-N	C-C-P-R-P
NP	N-R
R-N	PPCN-N
C-P-N	P-P-NCRR
RN-PR	RNPRNN
R-C-C-P-C-C	R-PR-RPP-N-C
C-R-R	C-C-R
PC-C	NRPR
N-R	PNN
N-C-N	CRP-P-R
C-P	CNCP-CP
R-N-P-C-P	PPPR-R
P-N	C-P
N-N	PCR
PC-N-N-C	R-PRPNP-R
C-N	RC
R-N	RR
C-C-C-C-C-C-C-R	CNNRRR-PCR-R-R
RC	R-P
PN	N-R
P-N	R-P
CP-R	PPNNNN-R
PN-C	PNP-C
N-P-CP-P	CNPNR-R
C-P	RP-P
R-P-C-P-P	PNPNCPNR-NN
C-N-N	PR-P
NN	N-P
N-N	PR
N-C	C-N
C-C	RNP
N-P-N-N	RCRRP-N
C-P	NPPR
N-C	RP-N
C-P-N-P	CNPNCNCNN
C-CN	NCRR-C
CC-C	R-C-C-C
C-R	CCNN-NP
C-C-C	C-CCR
C-N	P-R
N-P-C	RPNNP-R
C-C-R-PN	PCNPNN
C-P-C-N	P-NPPR
C-N-N-C	RCNP-R
N-NC-C	C-R-CP-R
N-N-P-CN	NRNNNN
N-C	NN
P-C-C-CP	PNPNPR-C-C
N-C-N-N-R-NP	RPPPCC-R
NP-N-P	RRPR-R
R-P-NC	PRR-C
N-R-C	N-C-P-C
PP	NNP-N-C
C-N	PR-C
C-N-N	CPPR-N
C-C	PRC-C
C-C-N-NP	R-P-R-CR-P-C
C-C-N	NNNN-R
N-N-N	N-PNC-P
C-N	P-P-P
R-C-N	NPNRNPNR-R
NC-P-N	CPNCPCC
N-N	NPP
C-C-C	R-PCC
NC-C	NPP
P-C-P	R-PP
R-N-C	PPPR-R
N-P-C	PCR
C-P-N-CN	R-PRPNP-R
R-C	RC
C-C-R	PRNR
R-P-C-CC-C-PN-N	RRP-C-NPP-CNNNR
RN-N-R-N	C-PNNP
N-P-P-C-R-N-P	NNNNC-C-CC
C-CP-C	RPPRNN
CP-N	PNPNRP-P
P-P-N-N-P-P-C-C-RP	PRPNPPCRP-P-CP
C-C-N-N	NPN-CPP
C-P-PC-C-C	RRNRRRCN
CC	RNP
P-NR-N	PPCC-R
NP-P	CRN-P
R-P	RNPPC-N
C-C	CR
C-P-NP	RCPN
C-C	P-PP
C-CC-C-P	R-PPNNPN-R
N-C-R-C-P	CNNPPRR
R-R-N	RPPP
R-C-P	NPNPN
C-PN	C-P-R
P-P	PPCN-C
C-P-C-P	PRR-C
C-P	R-C
PPP	NRRC
PRP	NPN
CC	N-R
R-PN-C	P-PP-RP
P-P	RP-R-R
P-P	PR
N-N-C	RCP-P-R
N-C-R	CPRNP-N
P-P-P	RNRP
C-P-N-N	N-NRP-N
N-C	NR
C-N-P	R-PNN-C
N-R-P-R-C-P	NRPNRC
CR	R-PN
NP-R	PRN-P
RC-P-P	NNPPPC-R
R-P-N-P-N-P-NC	NNNPPCN-R-RRPC-R
P-C-C	PPR-R
CC	CCRPNC
C-P-P	RCR
R-C-C	RPPR
P-N-N-P-P-N-CN	NNNNRNPNP
R-C-C-C	CPNP-N
NN-N	C-P-R-P
CP	C-R
NN-C	R-NP-R-N
P-C	CCR-C
N-C	C-CNN
C-N-P	NNN-N
PN	PRNR
P-NN	PRPR-R
C-C-N	PRR
N-C-C-C	RPC-R-P
N-NC-N	NNCCPR
C-C-P	CPP-P-R
C-P-C	C-PPNNP
C-NP	CNCR-R
P-C	P-P
N-C-P	PRR-C
N-CPC	C-N-R-C
P-C-C-P-C	NNNNR
N-N-C	PPP
CCN	R-PRP-P-C
N-C-C	NNC
P-C	CN
C-PR-P-C	P-NRP-P
P-P-N	PRR
C-NC	PCP
P-C-C	RNNC-CR
CCC	C-P-R-C
CCC	R-NPCN-R
C-C	R-P
R-P	R-P
CR	PPPR-R
N-P-N	PCR
PC-PN	R-PRPNP-R
P-C	RC
C-C-CN	NNCPR-R
N-C-C	NC-C
C-N	C-P
NP-C-C	NNCRCCR
N-P	RNN
N-N-N-N-P	NNN-N-C
C-NP-N	CN-CNCRCP
C-P	R-C-R
C-PP	PCR-C
P-R-C-C-N	C-PPP-C-P
P-C-N-C	CCRCRN-R
C-R	PN-R
P-N	NNN-C
N-P-C-C-RN	C-C-NPNPRCNPNCP
P-N-N	C-PRNN
N-P	P-R-C
PP	N-R
N-N	N-N-C
NN-N	CRN
N-N-C	C-RNP-PPR
N-P	NR-C
P-P-P	P-CP-R
P-NP	PRPN-C
P-NP	R-CP-NP-C
NP-P	NP-R-R
C-C-N	PR-P-R
P-P	R-P
P-PN	NRP
P-NN	RNC-C
PN-C	CNRRNR
NC	NPP-R
PP-NP	RNPPRP
PP-R-P	N-RRRN-R
P-N-C-C	P-NPP
C-P	R-P
C-PR	PPPR-R
P-N	PCR
PC	R-PNPNP-R
N-P-PP-N	PPNR-R
N-NP	PCCR-R
P-C-NN	C-R-C-CNN
P-P-N	CPNCN
C-C	PP
N-NN-C	CPRC
P-CP	PCPN
C-C-N	R-R-P-C-P
C-P-N-C-P	CNPNNP
R-PC-C-P	CPP-P-R
P-P-N-C	PP-NNR
C-P	R-R
N-N-R	R-P-P-R
C-C-P	P-NNN
N-PP	RPR-R
P-P-P	R-R-CPPC
C-CC-C-C	C-PPNNCR-R
C-R-C-N	NCNCP
C-C	P-R
P-PP	PNR
CN	R-PRP-P
C-N-P-C-P	CNRN-NPRR
P-C	RP-R
P-N	RC
PN-P-N-N-PP	NCPN-RR-RNP
N-R	PP-R
RN	R-P-R
P-R	PNNNP
NP	RNPPC
N-N-R	CNNN
C-PC	CPP-P-R-C
R-C	NP-R
N-R	PRN-P
RN-P-N-C	PNPNN-PNR
C-C-R	CPRNPPR
C-N-N	PRRPPNR
C-C-P	RPRPNR-R
NPN	RRR-NC
N-N	C-P-R
NN-C	C-NP-C-R
PP	P-R
PC-C	CPPR-C
PC-N	C-P-P-R-P
P-N-N-P	NNNNRPCNCN
C-P-C	CPP-P-R
C-PC	NP-N-R
P-C-N-C	N-CPC-C-C
C-C-C	C-RRNN
P-C-P-N	PN-R-R
N-P	RCPNNR
N-N	R-C
P-P-N	C-PR
R-N	N-R
NN-R	R-C-C
PC	CR
CRC-N-NR	PPRNRNC
CNP	CNCP-R
C-P-P	CRR
R-P-C-C-P-CN	N-CNCP-PPNR-P
C-N	CPNN
NP	R-P
P-N	N-R
NN	R-P
CP-RP	PPNNNN-R
CP	P-R-C
C-P	PNP-C
RP	PPR
RC-P	CC-CC
RR-P-N-NC-R	CCNPNNP-RNCRNRR-R
C-C-C	PNNCCR
C-P	P-N
NC	P-R
CNP	C-R-P-P
C-P	C-R
CP	R-P
P-C	RRP
N-C	RNC
RP-C-P	CCRC
C-C	RPP
C-P	CRN
PP-N	RNPPPP
C-C-N-N	RRPC
P-N	PPNN-R
N-P-P-N-R-N-P-N	NRPNN-RRPPR
R-P	NPPN
R-N-CP	CRPPNR
C-C-N	PRN
N-R-C-C	PNPPNNPRPPR-C
N-N	PCR
NP	NCPR-R
P-P-C	PPN-C
P-N-C-C-N	R-PRP-PC
P-C-P	PRCN
P-R-P-C	RNC-R
C-R-C	PPCC-R
C-N	CRR-C
CNC	P-P-NPN
C-C	NCNNCNN
N-P-C	PPNP-R
P-C	C-R
P-P	P-P
P-PC	PRR
C-C-P-R	C-N-C-C-P
P-C-C-C	NPPNNP
N-N	PP-R
R-NP	R-P-R
N-NC	CNC-P-NPN
PR-NC	R-R-NN
C-CN-C	PPNNPP
CCP-N	PPPN-R
N-CP	NRN
P-N-C-NN	RRC-CP-R
P-C	CNCPN
NN-C-N	PP-P-R
N-C	RCC
CC	R-P
C-NC-NC	PNRP-C
NC-N	R-CR
C-C-C-N	RCRCNR
PP-P	PPCPPRP
PP-PP-P	NNCPNR
PP-P	CRR-R
NCC	RPCR
C-R	PPN
C-R-P	RRC-C-C
P-N-R-N	NPPNPCP
C-C	C-C-C-R
NC	C-R
CR	NPCR-R
N-N-R	NPRN-NR
C-P	C-P
P-PNP-C	N-NRP-C
P-P	PRN
PP	RR
N-C-P-C-P	NPRCCCN
P-NC	PRN
C-P-N-C-C	RNPPRP-P
P-C-P-C-C	RNCRRNPPCR
RR	C-C
C-R	P-R
R-N	C-P-NC-P-C
R-C-N-N-R-P-R	CRRCRRPNRNNNCC
NPP	CCPP-R
P-P-N-N	NNR-N-C
N-C-NN-C-N-N-PN	PCNNCCNN-R
NC	NPPN
P-N-N-PP-N	NR-P-R-P-C
N-NC-P-C-N-N	NCRC-NCPRC
R-C-P	PRPN-N
PN	C-N
PN-C-N	PPNNRP-R
NP-C-R	PPPPRN
P-C-N	RCNC-R
N-C-P	PP-C-R
P-C	N-C
C-RC-P-P	N-P-PNNPP
N-C-P	R-NCNRRN
C-RN-C	PCNPPN
R-N	PP-R
C-RC-C	RPNR-C
C-N-N-N-C	PRRP-R-R-R
NC	PPN
P-N-N-N	P-R-RN
C-P	RP-R
C-C-P-P	P-NRP-P
P-C-C	CRR
C-P	RNC-C
P-C-N-P-C	CRRNPP-R
N-P-C-N-N	RCCPC-NN
N-P-CN	PRP-C
N-C	R-P-R-R
C-NP-N	PRRR-R
P-NN	R-CR
PN-N-R-C-N-NC-N-C	R-CCRNNNPRNC-P
C-P-N	CNR
C-C-C-C-C-P-N	R-NCCRRPR
C-C	P-PP
C-PR	RPPC
P-C	CRP-P
N-C-CPN-C-P	N-NCRNPPP-P-P
N-P	R-C
P-C	RNP
NP	RNC
P-P-N-N	CCRC
C-C-N-R-P-C	CP-PPRNN-R
R-C-P	CCNNR
N-P-N-PP	P-C-RR-C-C
C-C-C	RPN
C-N-N-N	CCP-P-R
C-N	N-R
N-C	N-C
C-N	NPCN
C-RR	NN-NNPR
PNC	PNN
CC-NR	CN-PC
P-C-C	P-PR-C
R-C-PC-R	RPCCNN
C-P-R	NRP-P
N-R-N-NN-R-C	NNPRP-NPPR
CC-R	RCNCNR
N-C	RC
NC	PC-N
C-NNN	N-PCPNNRNC-N
N-P-N	PP-R-R
R-N-PP	NCCN-C
R-N	CNCNR
C-C-N-P	C-NPR
N-P	PP
N-P	P-C
P-C-N	PRPP
C-N-C-PN-P	PNCNNP-R
N-NP-P	PCCCR
N-P-C-PN-N-P-N-N-P	RCCNPNRRRCNN
C-P	NPPR
N-N-P-C	R-NNPRC
NR-N-C-C	RNP-PCR-C
P-N-N	PCP
C-C	C-R
C-N	NPPN-R
C-N-C	N-PRC-N-P
C-R-P-R-N-C	NRRNC-CR
P-N	R-P
P-P-C-N-C	RRNP-R
NN	PN
C-N-C-P-C-N	RRC-NCC-N
N-N-C-P-C	PNNPPN-R
NN-C	NPP
C-P	R-P
RC	PPPR-R
C-N-R	PCR
C-N-RR	R-PPR-P-R
C-P	RC
P-P	N-CR
R-C-R-P	R-PNN
P-N-N-P-N-C	PNNNRNPPPR
R-CP-P-C	RRCPRP-R
PP-NR	CPP-P-R
N-CC	P-N-C
C-C-C-C-C	C-PPNPCP
C-CC	CNPP
CC	R-R
CNN-C	PNNPPR
N-R-C-C-N	P-RPPR-P
N-PN	PRN-P
NP-CN-P-C	NNPPP-P-R
C-N-C-N	R-CC-R
N-PC	NNRCNC
C-P	PPRCP-CN
P-NC-N	R-NNP-R
C-P-C	CNNNC
PC-C	PCR-R
C-P	PRR
C-P-C	P-R-C-R
C-R	C-PRN
N-N	C-R
P-N	RRP
CN	NRN
N-C	RNC
N-N-N-P	CCRC
R-CP-R	CC-R-C
P-C-C	RRPP-R
C-N	RN
P-NC-C	RRC-C-RR-N
N-R	C-RNPC
C-R-N	C-CNC-R-P
NC	C-R
N-C-P	N-C-CP
CP	NPC-P
NP-PP	PRNNP
P-P-N-N	R-PPRP
P-C	NP-C
R-P-PC-N	RPPP-C-R
P-C	N-P
PN	NR
N-C-P-R	RNC-P
C-NN	CNRNP
PRR	RNPPNP
NR-R	PRNNP
R-N-N-R	NNNNRNP-P
R-R-P	C-NNCN-N-R
C-P	PPR
P-N	RP-R
C-N-R	C-R-PNP
NC-N-R	CCCNPR-N
N-P	RN
N-C-C-P	NNNCN-C
C-N-C-N-P-N	NCCNCRCP
N-N	RCCPC-NN
PN-N	PRP-C
N-C-P	R-P-R-R
N-N-N	PRRR-R
C-NC-PC-P	PRPNNN
P-CC-R	R-PPP-RPP
PP-PC	NNNPPR
N-CN	R-NPP
CP	PCPR-R
CN	RN
NC-P	PCR
R-P-NC	CP-PN-C-C
N-R-N-C	RRNP-C
PC	R-R
C-C	NP
C-P-N-P-N	R-PRPNCNP
P-N	NCP
C-C-P-R-C	C-PNRNPR-PR
NC	NNCCR
N-R	RNNPP
N-N	R-R
N-NC-R	N-CNP-C-R
N-RN-N	PRNR
R-C	C-C
CC-C	CNP
R-N-N-N-C-C	CNNRRPNC
P-R	R-N
R-P	P-RRN-R
NC	NRN
NC	C-CP-PP
N-PR	PNN-C
C-C	CN
C-N-C	R-CR
P-N-C-NP-C-N-P	R-PPNNPPRNP-P
C-C-P	C-C-R
NC-P-N	CPPPCNP
N-N-C	N-C-C
N-C	N-P-P
C-N-P	NRR
R-C-C	PRR
P-C	NPP-P
P-C-P	N-PR
N-P-C-N-NP-N-C-C	R-CPRNNNPRNNN-CC
C-N-N	CNR
C-C-N-P-C	NCPPR
C-P	P-P
C-C-C	RCPR-R
C-P	P-P
P-C-C	PRR-C
C-NP-CN-C	N-CNPC-C-C
C-R-P-C	NCC-R
NP	PPPR
P-C	PC-P
P-RN	RNPPNN
NN-C	PN-NR-P
C-N-RN	CNN-C
NR-C	PRCNC-CPN
NN-C-P	NCNCN-N
N-N	R-N-R
N-N	P-P-C-N
N-CC	C-RRC-C-C
NC-N	CNR-N
C-P	N-RP-P
N-C	NC
N-R	CC
R-N-N	CRCR
C-NC	P-P-R
RN-C-C	CPPR-N
CC-C	R-PPN-P
C-N-NC	PNRCC
CP	PPR
C-P-P	C-PPC
P-C	N-C
P-N	R-P-R
C-N-N	PRR
N-CP	NNP-R
P-N-C	P-NPP
C-P	R-P
R-N-C-P	PPPR-R
P-C	PCR
C-N-R-C-P	R-PRPNP-R
CC	RC
R-R	P-C
RNP-C-N	PPPCPRNP
R-C-P	C-C-P
P-P-N-R	CRCNRRNN
PP	CNN
P-P	N-CR
CN	CN-C
P-P-N-NN-C-P-N-NN	R-C-NPNNNPRNPN-C
N-N-N	CCC
C-C-P-N	RPNN-NR
C-N	C-PR
NP	C-C
R-PN	CPP-R
C-N-N-N	CRR-C
N-N-C-C-PC	N-R-P-CPPR-P-C
R-N-C	CRNR
N-C	NR
N-P-N-C	NNNRR-C
N-R	CRR
N-C-N	R-NP
PN-N-N	NRNPRN
C-C	CR
C-C	RRC-N-C
CR	CRC
NN	C-P-R-R
C-N-N	PNRR
N-C	RC
N-P-N	RCC-NN
P-N	PRP-C
NC-N	R-P-R-R
C-NP-N-N	PRRR-R
PP	PPP
CN	PPP
R-P	N-R
P-P	C-P
R-PN	CN-RN
R-N	PR-C-C
RN-PP-R-NP	NNPCCPPNRPNNC
P-P-P-N	NNNRNCN
P-C-P	PCR
C-N	RP-P
N-N-R	CNN
N-C-N	R-P-N
C-N	RC-N-C
N-P	PR
CN-N-N	R-PPP
C-P-N	CPNRR
C-N-P	PR-P
PC	NN
CN-P-N	R-N-RNR
C-PC	RPR
C-C	C-C-C
NNN	PNP-CRN
NR	PPCR-R
C-C-R	P-R-P
R-C-C-CN	N-RCC-C-C
R-R-N-C	N-NRR
N-NN-R-P	PPNR-R
PP	NCCN-C
NP	N-C
R-P	CNCNR
C-N-R	CPCNP-R
C-NN	PNPN-R
N-P	PRN
N-P-N-P-C	R-PRP-P
P-PC-R-C	CNPPPPNCRRR
CN	P-R
NCP	NPPNNR
CR	RNNNP-R
C-R	NPRP
P-N-C	RPC
N-C-P-N-C	NNNCR-R
NN-N	NPPR-N
RN-N	NPN
N-N-NR	RNPCP-CPP
NN-N	R-PCN
CP-RC	PPPR-R
C-C-R	CPC-R
N-C-C-C	RNRR
N-CR	P-RC
R-N-C	RRN
P-P-R-P	PCRNNCN
P-C	PRR
PN-R-C-C	RPNPRPNPPR
N-C	P-P
C-N-C-C-N	PP-RNC
C-P	PRN-C
C-R	R-C
PN-N	CNNR
NP	P-R
P-R	NP-R
C	RPRP
C-R	P-N
RC-RP	NNPNPNNP-R
C-R-C-N-N-R-CRP-P	PRNPCCNNPPN
C-C-P-PP	CP-PPRNN-R
C-C-C-P	CCNNR
N-PP-N-P	P-CPRR-C
C-N-C	NRP
P-C	N-C
P-N-RN-N-N-P-N-C	R-CCRNNNPRNC-P
C-PN	CNR
C-C-PP	CNP-R
P-NN	R-CR
P-P-P-N-C-NP-C-NN	R-CCRNNNPRNCP-P
C-N	CR
C-C-CN-P	NCCRRPR
N-C-C-P-C	CNNPR
C-C-P	NPCPN
P-R-C-R-C	RRRPC-C
N-P	N-PRN
PN-NR	PRNNNNN
P-R	NNP
RN	NNPN-P-R
PP	RPNCC
PC-PN	CPPR-C
CN	C-P-P-R-P
P-P-P-P-C	NNNNRPC-CN
C-C	RPNPCN
CN	P-R
C-N-P	R-NNC-N-R
N-N-N-C	R-NN-N-NPRPP-R
N-C	PP
C-NP-R	R-CPP
R-N	PN
N-C-R	P-R-P-R
CP-R	RNPPR
C-C-P	PPNNPR-R
N-C-N-P-R	NRPNPP
P-P-N	R-CR
N-CN-P-C-NNC-C	R-PPNNPPRNPC-P
CP	C-C-R
P-P	PP
R-N	R-R
N-P-N-P	RP-R-N
CP-P	CRN-P
PC-N-C	R-PR-P-N-C
CP	NN-C
NPPC	R-CPNP
N-C	RR-C
C-C-P-C-C	PRNN-R
CC	PCCN-N
C-C	R-C
CN	C-P
C-C-P-C	R-NPNR
C-C-C	CCC
C-C	P-PN
N-C	NRR
C-NP	C-PNCP
C-C	CNPRN
C-N-P	PN-C-C
P-N-C-C	CPPR-C
N-C	P-R
C-P-N-CC	C-RCP-PPP-C
C-P	C-CCN
C-C	CN
C-NN	R-CR
N-C-N-C-N-N-P-CN-C	R-NPPPNPRNP-P
C-P-P	CPR
N-C	C-C
P-N-C	P-PPP
C-P	R-P
P-C	PCN
C-C-N-P	R-PRP-P-R
NN	RCPN
P-C	P-P
C-C-N	C-PR-P
C-N	CCNRR
N-NC	CCR
N-N-RR	RCN-NP-N
CC-R	CPR
N-C-R	N-R-C-C-C
N-C-N-C-P	N-N-PPPP
CC-N	R-P-C-R
NNC	NP-R
N-N	CRN-P
C-N-P	R-PR
N-N	RCCR
C-C-C-R	RPR-P
R-CR	CRN-C
C-R	NN
RN	R-NPN-C
C-P	R-N
CC	RCP-R
C-C-C	PN-N-PNC
C-C	CPR
C-P-CP	C-CNNP
C-R-R-P-P-R-C-C	C-RRNPRNNR-R