RL	DY
RN	YQS
NKG	GHFY
PK	TS
PK	AY
GTKD	SGGSY
P	T
YKYLFKG	DYGDYVGR
KT	SDY
L	K
Y	FQ
TETE	GHGFR
N	S
NEL	GYG
T	W
TLQNEME	TITSGGTYY
LTYET	SLAGN
GMKA	SGYY
R	Y
FR	LNES
LGF	GYST
RL	GY
F	NYN
SRGWF	DYYDSTY
RMSI	HDYN
AS	LY
MA	ANE
SIR	QTNEDY
Y	F
YRI	DDFH
I	R
NAS	YGVA
REHD	HSNY
HFAED	GSRVPL
D	R
F	W
FDRD	HYWDDRP
HGDS	RRYEN
NEA	WNP
SA	NH
A	W
PSNKE	AIYNDTS
NSS	SYW
S	Y
G	Y
N	YT
QR	FWS
K	T
GK	GY
DG	WGD
YTN	RDYR
SVI	SVSYY
W	R
S	GY
IKPE	YHSY
HF	SYY
TAGNV	WYSNTE
HA	SED
VAF	YDYH
FL	FLY
L	KF
FAE	SSTVW
K	VF
DLF	RYSMS
FED	QNSS
FF	AS
FLK	GDY
K	NN
KL	WDF
Q	S
QVL	TAH
FL	IISYKKY
VQRL	SIAAAR
K	SN
RK	WDW
ER	FTS
HER	SYSMN
RDELV	SISSSSSYY
E	R
RFQ	QGAW
P	S
F	Y
F	SF
LNW	QSNRAA
S	N
SPT	GTYH
T	W
SRYRWR	YPAGGATYYK
LVFS	WWAWP
D	Y
NGD	WSTI
KID	HYSPW
T	T
LIT	NYG
TK	WNTNE
INTWKI	EDNFSL
YTS	SSH
R	Y
SR	IY
W	SG
KSKK	WSTF
R	Y
D	DW
DKK	YYIN
SRSK	YDGS
K	W
ANK	GQSF
GN	TT
SD	SSW
TDS	EHNH
DST	YGY
YHE	VNH
E	L
Y	SGY
HQR	WSGNPW
Y	S
YS	RT
R	W
NYQR	TSGGHYY
Y	N
SSN	GDG
L	Y
AEH	RSNW
AG	TY
SRYEQ	IIFKH
DAASH	SGSPF
EQD	GTWL
K	Y
QKN	ATSLAD
N	S
LW	FL
QIHVDT	PKGYFPYDY
L	Y
HTYL	SFLYS
R	G
RFE	EVFSG
EF	KS
E	H
F	R
ELDR	RLALVRWY
DS	SR
RAS	SDST
RWGGKADRY	RYYDSTYYPDS
QDH	GYNY
TH	YDIH
A	S
AV	SAY
VDP	HYSNY
HLFTC	RLRTRN
Y	VSTA
Y	S
YIIQ	HYSTPW
KI	SYA
I	W
IFWDE	TISSGGSYTSYK
IY	QDY
T	QY
NTA	YEF
G	W
NAGIGDGE	WKRWGAVSYARQQ
D	R
KKKNA	ARDYYNW
HHPL	QVISNY
K	D
QIHQ	YENL
HN	SY
PSQ	YSGAS
NAIPKQ	GTFYYYF
R	SS
R	R
EH	YY
ATN	DIQ
TGA	FEE
G	I
A	F
G	W
NGDIGSDGNR	WNRHGAVNYPRRQ
D	R
KAN	DDW
NGH	QGDN
N	K
YN	YQ
YNRS	SNSWY
L	T
NLK	SDY
DGNR	YSYSGSY
N	N
SK	WD
P	D
R	D
R	Y
TAGI	SNRWPF
Y	T
YYR	SWH
GYRP	EISYRNE
RYPT	ERGDG
R	YSF
G	NK
QLR	TGLH
RLTT	YTYY
RLG	EYYYT
I	Y
QPQ	RLHA
SVTD	EVGYS
MTN	SGY
N	R
NAKDS	EYYSVTDY
DE	EI
EE	QY
K	Y
K	Q
WEDR	SLSASY
FKMV	SGGYY
RVDN	YYSNY
VRNK	LDGYT
T	RN
NTN	YNNWW
G	N
K	Y
ADGIGAGS	YANGRPDYAGR
DT	RK
KNTAT	GTAGSLL
RQ	HY
N	Y
AN	YT
Q	FWS
G	T
K	GY
G	WGD
NVAG	RDYR
L	YY
ELPL	YDCNCH
GL	PMN
L	W
LE	GIGSNW
GLL	GLYNYT
EH	RSQ
QEK	GTD
R	GS
R	F
RT	SNDY
APR	SYW
TALG	MHER
RPG	LPGGT
N	V
S	Y
NGG	YEF
V	I
R	D
N	W
NAGIDGGSTD	WKRGGAVNYARPQ
DVT	RVY
KKAN	DYNW
VI	NF
PW	YDKLP
D	Y
EL	YSYTN
YW	FWG
GSP	NYF
WS	SKEVL
G	T
WSGGP	TSSGGNY
PD	LYY
H	Y
SKH	SYY
D	Y
TS	TT
SPV	DYT
VHTFT	NPNSGSIYQ
HGKQL	VRSKR
HNKL	LGPSYD
GK	GNN
N	K
KN	YQ
YGRS	SNSWY
R	T
WLK	SAY
RGWD	YSYSGSY
KK	WD
IQR	EKYY
R	E
P	R
FY	TGGTFF
R	S
RK	SYW
F	W
FRK	FYDDR
IR	LANRGGG
VA	YNKY
K	Y
NK	WS
H	TI
P	NY
DQ	SSSSY
DKGI	PRATYS
DT	QY
Q	Y
PPG	FSKLY
LK	AS
KLG	RYD
KP	SGY
ALL	GLLYY
L	Y
G	Y
R	T
RVF	SLYA
GYA	YINY
YLLY	TRDTSKF
FGL	GVDYF
H	Y
H	F
I	S
IQ	DY
QHK	FVFFLPY
D	Y
T	VSY
F	T
SIQ	TYR
STFNNR	YPGNDTT
T	T
IGD	EGIPQL
WG	HDYE
WL	FGSVP
LN	TA
W	W
FENL	TISSGGSYTY
WNLL	HPPTVGDAM
N	Y
D	Y
TP	DK
HAT	EVGSR
DF	RNY
TA	YSGS
H	R
VPQNPH	TVWYYTSTYDH
VNR	AGYDVH
RNN	QSYDRSSG
G	Y
NGYN	YGGSY
KRG	EGRGD
NI	QY
K	D
INS	YGSTL
QHV	GDY
SVLQEK	YYYSSTD
SLKI	IFGVG
I	H
IGS	YLR
IY	YIS
I	QSF
H	VY
HPI	YWN
IK	ME
I	T
IISA	HFDY
VV	YYN
V	RY
V	Q
GVG	LQGTHYPV
I	YY
IV	AYY
V	RK
GVVI	LYSL
PMTEHV	SVSSTY
Q	Y
ERQNS	GASSRT
RE	GSG
EVI	YGSSR
T	T
TN	SYS
I	W
Y	R
ELQY	DPIAAY
LESHER	SYYSGKNL
E	SG
ER	GIY
E	H
EESR	YYNSGTD
EKV	RDYGTY
H	I
F	Y
HAT	HIGLR
PD	GHY
A	W
PPDKAYA	EKSPNYHPK
PPFP	NWPYL
KE	DQ
KN	RD
TNE	QYET
K	P
A	FH
N	W
NNGGISDGNG	WNTNGAVNYAWY
GG	RRS
KD	RSEW
M	V
MR	SIEW
MLGPA	HAGYS
CA	YD
TS	DN
L	Y
G	F
R	T
RVF	NNYA
AFE	YNY
FGLA	GYDYF
RPV	DIGNY
N	Y
QW	YR
R	GY
VPE	GGTNW
S	T
SH	TG
ESDA	WGDN
HVV	NYYG
RD	DDYN
DAR	WQGTHFR
FE	GMS
E	W
EF	SIRY
FRD	YGSS
DD	SS
RE	SYS
HDR	YYTSYK
DDE	YWRW
MP	YY
PP	YTSSS
S	ST
AE	SYW
PRSH	WSYNN
PCH	EGDG
YTS	SSH
R	Y
SR	IY
RW	SG
KKK	WSTF
RD	YDW
KHK	YYIN
GSS	YDGS
FI	YH
IF	FLY
F	KF
M	TY
M	F
TYM	NYAN
M	IW
T	FSYTT
M	TR
FM	EGD
IS	LY
SID	TLHS
PE	TT
PT	GFW
LC	GN
RQT	KSR
CWDI	YSNVD
K	D
PKSDNG	YSTNQY
GPSS	YYSYR
Q	T
QNS	SYVH
SNLSPGT	YNYNGTDK
SNQQG	ENYATA
NLE	TTIF
Y	I
TP	WS
V	T
IVNT	LNNGGTS
YVTE	RYGR
II	NGY
AGG	YPYV
RP	WS
G	W
RP	NY
PRKIHI	EYDLEYYYDYYM
KKDA	NGSYY
KK	ED
K	N
TKN	YDDF
TSD	QRSKY
TKDN	YPFY
QHA	GYY
TA	YIH
A	SSS
AFV	GAY
PT	HSNY
FLETDH	RLRTRN
H	HNY
HF	GTWW
R	S
RF	DYDMS
F	W
FDRT	GILGGERY
SGP	HSPGYT
MARSL	TSSYY
RF	YSN
RSQD	SWGIR
D	I
DHREF	NDYITNK
DHRR	WISDFD
NLWL	DGIS
W	N
L	S
NLQA	HNSAY
Q	DF
AQNRT	RNNYQY
NQW	ESYYG
V	Q
VS	NFP
EDS	SDGGNY
IG	DSYF
GR	NNEDP
F	NYC
RF	RCYES
RGFP	EHMYT
V	Y
P	S
G	G
FDSP	QVGYSS
PI	TY
PK	LSN
KI	NR
IPF	TRWFY
KDK	ASDY
KK	ED
VLF	YSW
D	RT
DY	SW
FDKL	IYGDDK
FYHKV	LYYHDSSGYY
QPTVNIH	QSLYKSKY
D	G
HTS	YYSIR
GSSP	ADDYD
S	I
SGN	SGNHY
NN	FWS
GY	KS
YN	SW
NQS	EFSNN
EYIVSNN	RFYSYGYY
H	DV
HT	LY
DEM	YIRYT
K	GR
FMPNIKN	EVQLSGFKK
YFD	DTSH
D	RD
KIF	SSNL
YFL	SHF
IGD	LGS
G	F
DA	SRSG
IRH	YGMFE
T	Y
NAG	YEF
G	I
G	W
NTWNDIGRGGS	WKRLGAVSYARQQ
D	R
KNKKNA	ARDYYNW
TICC	TSYF
Q	Y
P	L
IGPV	SRELW
H	SYT
ISH	YNY
HQPP	HRGN
RE	TSSY
RNR	SWEIP
T	SGI
NWLPEGG	WWSASKYYK
SET	YGGY
ESD	VHSNY
HEAF	GSHVL
F	W
FR	HWWDDS
HD	RHTD
VG	NY
MVP	HSYSSGI
VD	NYG
P	W
GD	SISAGDKY
AVDAM	TSRVYF
E	D
ELQ	DSIGK
Q	GN
KFK	LGSYF
RK	DD
K	N
FPK	FTHNSV
P	W
FIK	YLYYDK
FR	WYGG
SY	WS
PTH	WNGS
G	HY
NK	ND
EDK	YDEFL
KF	TT
KE	DNH
MWYL	YYYNG
EAWHE	RYRYDF
D	LGS
G	F
D	SR
IRI	YGVSFE
RYH	SVSSY
Y	D
HNG	RSNWY
R	AYE
YD	GPSF
HEHR	ENDA
N	Y
NEF	YANYW
N	T
FENYLD	WNTHSGV
LGR	LTS
FNL	IYGNNV
DPNR	NRTYT
RT	YLY
T	W
RLLT	QNYNYL
V	K
VQE	DYH
ETVE	RDPNYTK
R	D
RAK	YSYDD
WF	RR
K	D
KW	NW
FGW	RTGESD
WWKITF	KYYDFWSGYPPGE
EH	VHSNY
FA	ASLVL
F	W
FDRE	HYWDDR
HS	RRYEN
L	F
SL	LN
IP	HWNYL
RF	DD
IES	WGGGSY
SSYH	DGHET
STNHDRD	ESDSYGHSF
R	GS
THNI	GNEVF
SLT	DYY
EKLRT	SDGGSYTY
TH	YYD
S	W
K	Y
KD	DTDYN
IKSINIIN	RGHFYGSGW
VT	NK
LI	LI
ITL	WMV
I	Y
CGS	DYY
C	K
K	R
SIGIWL	DDGYYDRYYVD
ESDR	SGNKY
R	Y
R	WT
KD	DYTYL
T	TI
YDS	TYW
SLTR	LPGSS
KKVF	SGYYGN
APDR	HNKYE
RD	YY
D	RK
RPP	FGSVW
R	S
P	W
AP	YNNY
ART	QYYGF
KA	LLIY
KPL	NRAT
ESD	ITS
DP	NSG
PP	IWY
PDKL	NDDY
R	YL
D	R
QA	TT
AGR	NYGN
R	ER
RDNR	EGGN
Y	RY
LYFC	YRYSR
DSLE	NYAH
L	W
LEKERK	GISRSGDID
EC	GGFGS
H	Y
HPAA	GNTLPR
APY	YYKK
HW	GSY
KQ	LGDKY
QK	QD
K	N
FA	WN
F	V
FL	GFIFTAM
LQYF	PLSRGY
N	WST
K	N
K	DI
LKFE	YGNF
ERDH	VHSNY
FE	SSHVL
F	W
FR	HWWDDY
HDR	RTD
KN	DSY
KI	LY
SEQK	YRLHS
SW	GNTLR
YRW	SYT
WEL	TSSGGSYY
WYVK	DGNDD
EQ	SY
YQI	SVMIM
Q	TS
QED	TFS
IDSS	YSRTSKTY
DQPE	GRFD
WED	NSY
D	TS
DY	SYA
DYSGD	IIFTS
F	K
RWDGE	VGCTSCNR
QYE	SNTH
MR	LY
R	SQ
AQ	WD
HW	TS
E	SY
PPA	ITFN
EY	EQ
YMYAYR	GPIVGAPDY
KV	HNY
KG	HLEYY
D	YT
VDD	SYW
SSEH	RDTIY
D	R
KIGLTQV	YLKYDGSTYR
Y	YS
V	Y
YP	TY
E	S
RLV	YYSRP
G	Y
GIDV	YRQY
GRVD	YNYDD
R	YDY
RGPF	PLQSY
H	Y
P	W
PHY	VYDSF
RGY	DYGSD
YHGPN	SYGYTY
LLHY	MVYPH
P	Y
FPA	SYSSL
LF	DYAN
GL	YY
LDF	GGTGF
MHN	HDNY
H	K
NW	TTHVP
MAW	NYWE
W	W
WM	ERLH
MHN	GGAVGA
QR	VHNNY
S	NTLVW
R	S
R	D
QDPRQ	FSDLAYTY
R	DWDA
ETT	YIG
TN	QITRH
TN	LE
V	V
A	L
G	W
TWDIGNRGD	WRGGGVNYARQQ
GVG	RVY
REHAN	RRHCNADCFNW
E	RD
EE	NKQTL
E	NH
E	RK
EA	RG
WF	RR
SW	NW
FSN	RTPGESD
SWRIWFT	KYYFWSGYPPGEE
EKFE	AGYS
P	Y
N	S
EQ	KS
PE	YSS
Q	S
RIKN	SGSY
YQD	HGSH
Q	T
YIIKE	LLTTV
FHD	HNNY
HF	GSHVL
F	W
FR	HWWDDS
HDR	RHTD
Q	SVW
Q	T
QH	HYG
H	W
QQIH	WINTYTT
HIGEEYQ	YPYYYGTSHW
R	Y
RHYF	IYNMPI
ADF	SYAMS
Y	W
FAGYE	AINARTYYADK
DRF	GKGYVF
EQT	SYY
P	LY
QQ	SN
LG	RYR
R	T
QG	DAW
GSQG	ERSVN
QTP	WSL
ET	SDY
L	K
L	YH
E	SG
H	GHSW
C	T
SCDNHV	GNGNYDLY
AT	NY
AS	LH
LDS	YTLQP
TKTS	YDLR
S	T
SKN	DYS
TN	WINTE
N	R
YRS	NRNKY
Q	W
P	S
PT	SY
SIRQ	WSGGN
TVA	VGIYYEGA
N	E
T	RN
NNTG	YNNWW
G	N
K	Y
DIGGSDAG	SGGRTDYAG
GG	RK
KLNETN	GTAGSLL
TGA	FEF
T	S
A	F
N	W
NGNGISDGEAR	WNQWGQVNYARTQ
DT	RVY
KN	DEW
NSP	DNY
RG	SFSYP
D	S
KR	DS
R	W
RKPEGVPS	VWDTNQQG
DR	ERS
RLP	DRLF
GD	LGS
I	F
NV	SRRPT
IRHTI	YGVAFKE
QRS	NNY
L	Y
RL	DASK
DPCP	YLQY
PE	SYT
CHGCPS	WKRWAAH
DN	GSFW
K	YY
N	T
VNK	NYGMN
KNN	WINTY
KV	DYGSTYPY
S	N
SGY	YNSYY
N	S
NKL	SYW
KLLSGSYT	ELEIGMTN
NTG	DYS
NGRK	QGNN
NT	AQ
RGS	SNSWY
R	T
KL	SDY
DGWN	YSYSGSY
R	W
LFP	YNKY
Q	W
QLPE	YYRTP
E	W
E	RK
PQE	VNHITI
D	R
TI	TN
D	N
VI	IF
V	IF
KD	NYYY
QNN	TYY
NF	SWEIY
S	S
KNY	DYY
YSNN	TDGSYY
YKCSKN	DNGKDGGD
E	Y
K	Y
VKF	LSN
FE	SN
DQ	QT
RQP	SYN
RG	YN
E	R
PEVWF	ELGALR
N	E
T	Q
NGA	YEF
G	Q
N	W
NAWIDGSDGE	WKRWGAVNYARQQ
D	R
KEKA	ARDYYNW
LQ	HY
G	Y
N	ST
QR	FWS
K	T
GK	GY
TG	WGD
GVQN	RDYR
YY	RY
AFL	YRYSR
DCL	NYAH
L	W
LCDEYNK	GISRSGDID
EA	GGVGS
KG	SDVY
S	Y
YR	ERRPS
GS	WW
TREH	QVVSGIS
N	DYG
RN	IGHGTD
EK	KSR
NIKKSK	HFYTYDV
R	I
RYT	ESDSYNF
T	R
GD	SNEDL
HD	TS
D	W
HL	TSSYY
LVTT	RAFDSD
KNL	YGN
KF	LY
VKKK	RSLES
DK	GFK
SVE	DTY
KE	DAN
Q	R
KEVQ	DYEGAY
VGRP	TYTID
R	YE
T	R
RRP	VGDTQFY
EP	SYGH
RE	WSG
PYE	YYRY
RHD	DSDYN
DARHE	WQGTHFPR
F	GMS
E	W
F	SIRSY
AFRD	YHGSS
VTNLL	TVSFHYH
YQ	LY
QFY	ASNLAS
N	GS
DV	YS
TS	RYA
Y	R
SWLY	ETYD
EIW	HDYY
WLY	NVELR
YD	NYW
YY	ERL
WK	PMD
KE	RN
T	Y
RN	LYS
EY	WV
NFM	VGFNS
DN	VY
IPEK	YYSYY
E	R
EDHE	YVYHY
KQ	DSS
A	F
QA	ASS
INKK	WSIG
K	S
QKQN	SYGGGNYK
YKYQQI	RDCLLCAD
NPA	WNP
A	W
PSKE	AIYDTSY
NE	VYW
GEFR	SRFS
G	S
Y	I
YW	GYD
WK	WGDG
Y	N
FSC	YYYG
Q	Y
G	Y
N	YT
QGR	FWS
K	T
KG	GAG
TG	WGD
NNQG	RDYR
Y	HYSTF
F	T
FL	NYG
FYF	WNTYT
RL	YY
L	YNF
WSG	NNVDW
N	Y
NI	YYTYR
WL	ITY
PDTN	QSNY
T	Y
NGNA	DFTL
TNSKA	YGNDTS
IN	YYD
Q	S
PS	WY
HPR	YSYTD
HPKEP	EFNRWY
KCR	ASYY
RK	ED
F	YDS
MCP	RYRSKFD
MG	VFY
KQ	LGDKYV
K	D
K	N
YH	WDSSA
LF	VI
F	W
FLLA	GFIFTAM
LGFQ	LSRGY
W	Y
RGSL	GYTL
Y	T
SYK	SYW
KYHRIN	EDSDYNY
RDLR	YYGTSY
R	NN
L	Y
LE	YY
RK	YN
M	T
DF	SNS
FMD	WGDD
FIE	LIGSWY
AT	DI
TN	QS
NG	FQW
G	T
A	H
N	W
NTGWIGSDGGTG	LKVFGAVNYARQQ
DG	RIY
KN	DDLKW
W	W
D	K
NWKNV	YADYW
N	D
WRNT	TADYK
PPDWD	YPTGHY
PTD	QSY
T	Y
NNG	DFTL
NTSKS	YGNDTS
IAN	YYD
WTR	HNY
S	Y
SE	ND
KNGLD	FWSTR
HQ	VGYTT
RHTL	SYWH
L	W
SNL	DNS
KRRSH	DDGYRY
KD	DR
RPIG	WSSSD
N	T
NH	DYH
ALGHR	WHNSDN
VSSYDTA	RSVDYYYY
DLS	NRY
K	Y
SLK	FIE
S	H
WN	IT
WN	DYSV
N	WINTE
L	L
LKW	GWL
DVL	SSSA
G	Y
AQEG	SASS
E	GSG
DL	YF
E	Y
EGGD	SWSYA
S	S
LNY	QSNRAPA
S	N
SVT	GTYH
T	W
SRYKIRD	YPAGGATYK
YFN	WAWP
RR	SYGY
T	T
PLR	SYW
L	DPS
RLRHR	GGYDGW
N	V
T	Q
NNN	YEF
G	I
G	Y
G	W
AGNIDGGTDGNN	WNRGGQVNYSRQ
D	R
KKNA	RDPKW
AE	HNYY
E	R
ATLQ	MLEHL
LQ	YN
T	W
QET	TSYV
PK	SIGS
S	K
E	Y
ENPK	SSSLF
Q	T
LDQ	VYG
GVKP	WYDDNY
E	R
QVMK	DLRTG
DK	VGYH
K	D
N	GSGYF
SL	AG
NSD	WWDK
KKN	IFNFY
QY	NY
KP	LY
QNKQ	VNET
PK	YD
K	VL
PKNEILD	ETALVVSTTYHYD
NN	SY
D	Y
PD	RN
LEN	YHSY
IL	YA
LQV	SSTGDH
DDLV	NRGW
Y	NRNKY
Q	W
I	S
IT	SY
SR	SGGN
TL	YEGA
P	Y
P	YS
PP	YY
IT	EVGFN
TT	SS
EN	YY
G	R
TPPQPGI	YYYWYSDY
SS	GD
K	Y
EKN	GNSNR
N	SG
K	N
KIWQGPG	SYDGGGHYLW
G	A
W	Y
WF	QYNSYP
QLG	ETH
W	W
LTF	GIDNGTN
GW	RYAL
QL	STW
D	K
S	H
E	P
FEFPRAVR	YDSGYDYVAVAGPA
S	N
GST	YNSYY
N	S
KN	SYW
KNSEGLY	ELEIGMTN
KKS	DYS
KSKD	DDKYN
K	RY
SEKE	LKDS
K	GTY
EE	TT
NSK	SYW
N	DSD
E	R
DK	GGTY
S	Y
RY	DPQDG
QTLRYL	SEFEPF
Q	NNY
Q	W
VVA	DYSYL
A	F
AA	RD
VLRQ	RLYSYY
PI	YY
IPI	YYNPW
S	S
TI	RYGH
IGDI	VMSYTY
TN	GGAAAAV
D	Y
AP	SYSYL
LF	DYAN
FGL	YSY
FQ	GGTGF
PRH	FDGAF
GRG	SHEDL
IR	YH
F	YHSGTN
RHR	EYQAYYY
KNER	FIYSS
T	Y
RKSR	ATNLAD
Q	S
NL	FYG
PELN	EDST
LN	AYN
NG	NPYY
ETVRLNQP	NYYDGGSRYY
R	Y
R	Y
WR	GNTLF
LW	TYD
EVSTW	YSYSSN
LVYERW	ATAFYDGSY
DK	HNKY
D	K
KT	SY
T	L
TS	VNSGTD
NK	DFYDYD
E	Y
YHEE	KNNIRPS
KEQE	ALGATS
E	Y
E	R
KQE	RRWD
RD	DDYN
DRAE	WGTHFR
F	GMS
E	W
EFH	SIRRY
RD	YGSS
SQR	TYTE
R	D
RS	KQ
QF	VGDTF
LI	SYG
LAEIF	TISSGGSYY
LIR	QTTMTY
HL	YNF
WSGNN	NNVDW
I	Y
GIN	YYTY
WL	ITY
IREK	NSGNKY
KED	DYSYY
M	Y
LMTNRN	WYTGSPSYQ
KYED	HYYN
KR	ASNY
VK	ED
VL	YSW
F	W
FAKL	IYDDR
FKHQK	LYYYDSGYY
K	TD
K	S
IK	EY
H	S
QFK	GDWH
KQFHAI	ESAGYTD
KGQ	ESRVSFEA
NGI	SHN
NILD	GASTR
KNTN	SGSGSDTS
QIK	SNWP
Q	YD
WTHGDL	VFGIFPPW
VRR	AGYDVH
RN	QSYSS
K	Y
NGY	YGGSY
KGTN	EGPGD
IFDR	SSGSNY
D	Y
SRDE	DKRPS
K	K
FIFYK	WDSRLG
KE	ST
IKR	DNW
RISFE	YGDDR
I	K
RKHER	DWNYNPRY
QNY	KSVS
Q	T
TIRE	KREY
QE	SYW
ENG	NYSRN
QAT	WVYND
L	HNNY
LF	GSHV
GL	YH
FGNTA	WYGNN
W	DDYDGAW
IG	DKY
IITY	WDSTLG
NI	NW
Y	W
IKNTY	IYDDDSY
IRHF	LFEGDYSGS
GHY	GNN
N	K
NT	YQ
YDNRS	SNSWY
L	T
RLI	SAY
RDWNS	YSYSGSY
YK	WA
EE	KY
R	HN
L	Y
R	WWDVR
KRF	DYD
L	Y
LF	FANSGP
SEF	SYSS
L	W
AKSEKL	VISYNKY
F	DRF
K	S
GG	SASS
KQ	SYS
KIKL	YYYSS
KQIFRKK	ESSYFYYDE
R	DY
RT	GTHFL
GGT	DYSH
L	W
TGL	WET
GRT	ATTATE
DY	QNNF
KQYR	DYTYL
QD	WH
DKLKR	EDDYINYE
DQK	TLLAP
T	LS
R	YS
SS	TS
QT	SY
SARQH	SSSYISY
KDG	NAR
GNGRFLT	YFWSAYYDAD
LQ	LY
Q	AN
E	S
SIE	HYG
EE	GSR
ILLKEQ	RSEFYYYTYYYAD
SSV	TDF
F	AT
NVEVG	TYNHY
R	SFD
GRP	TNYY
RRGN	TAAQPY
NGKK	QIGNN
N	K
KT	YQ
YRNS	ANSWY
R	T
NLK	SDY
SRDG	YSYSGSY
N	N
YN	WD
VR	EI
RD	QSVY
RV	YEF
R	T
G	Y
G	W
TDRGGGSDGI	WNNSGGTNYAQQ
D	R
KDA	SDYNW
H	YS
H	N
AAR	YWNTF
NNK	VYS
K	WGSE
NNVHAN	DGLNYGS
GN	DIQ
NTN	RID
TNAN	QYET
A	F
KGA	PFH
A	W
TGGIGGRGGN	WNTNGAVNYAWY
DQ	RRM
KAN	REW
PSKD	HSGNY
D	K
PG	GSIF
Q	T
HSG	TYGS
G	W
SQ	WINTY
HS	RSW
QS	SY
PY	NRAP
RER	EVGYTT
ERV	SYW
VR	DN
R	R
GAGPY	WYYGTYY
ETK	EIV
TN	QD
TGK	YET
K	F
A	T
A	VQ
KD	RPEW
AIRGITSGGD	WKERGAVSYAPQQ
DAL	RLY
DKNN	RDSW
VP	NRTY
VYGGV	AYIPL
G	T
PQV	DFSMH
V	W
QG	WVNTET
IPV	FLQ
ER	NYE
R	Y
E	K
RP	FGVW
K	K
KT	DYYH
P	W
PKT	WDEDA
R	N
KPA	RGGMIF
RYQ	YNF
RE	RS
E	G
SLEIA	QGYTT
ADA	NHH
RA	YIYY
IGR	RSS
QHA	NYGA
G	S
GR	SYY
HE	YYSS
RLVSYG	SFTVDIH
NGI	YEF
Q	I
R	D
C	W
AGIQIGRCGR	WKRGGAVNYCRQ
DS	RY
KV	TY
VK	IRER
K	K
KEG	DYYY
GKK	WDEE
VKEP	GVITM
PL	HNY
D	K
L	STF
PL	VGST
GE	NYA
LGE	RRSN
P	T
EPE	YGNHY
V	Y
VP	FS
RP	GE
FDKD	QVGYTT
DD	TY
KG	DYD
D	R
IITIFVDF	LQITTIIDY
E	Y
H	DK
EI	YYGYY
P	LY
PK	EK
RA	QS
QRI	GFH
YF	YY
R	R
IIASPR	DFGEYHYFDL
WS	RSNWI
W	W
LRQI	VWFDNY
RIW	LFI
RP	YAY
K	Y
K	N
R	SN
W	SW
K	YDD
SKHP	YYDY
EFH	VHSNY
HFE	GSHVL
F	W
FRE	HYWDDR
FH	RIID
D	D
AND	NGNY
D	W
MSED	YSYPY
P	T
APV	DYY
RSA	DIFYQ
ANDE	SHLLRAS
E	GSS
KE	GTFN
RWASYE	IGLDTPNYQ
RKY	EERWRPT
LT	NNR
E	W
ATL	GASWF
VD	DW
LK	IYDDR
YTKT	GRFAH
R	Y
NN	WSTHI
AKD	HYSPW
L	T
LNT	NYG
TLKK	WNTNEE
NISTEI	GEDNFSL
TAK	HYGNF
M	Y
M	LN
TVG	NNEDY
EK	NWW
GEK	RVNK
QAM	WFFPW
KRE	TASNY
ES	DIGD
QF	TS
FQ	SYR
QMEK	SAGGGSY
QR	RAGW
GFDND	YSNYN
D	R
QSD	QGTHFPY
DEQ	YYY
QVYD	YSNYKY
D	R
D	DY
D	Y
TE	AH
RN	MS
R	SY
TN	YD
RQTGGKSTT	DSGYSGPESYHY
S	FG
Q	ESY
KSLSGSTQ	MVVSAGWERAD
MNK	RNH
H	Y
AKQ	DDLP
L	N
QL	RLA
QKQ	MIFDIN
WHTVKQ	ASYSSSSPY
QH	GYY
HT	YS
APFC	SGGYF
FDP	YYINY
TPA	RLRGN
D	NK
NF	YGQSLS
KTWF	TYALS
F	W
WLIF	GVILLITN
FW	EGKPGF
N	Q
NG	FEF
T	R
N	E
G	W
ANDGSRGRG	WKMWGAVNYARQ
DG	RP
EKN	HDF
T	SY
GD	YR
LTP	GNTLY
K	T
KTS	DYG
TQSKNP	IISTYSGDASYQ
TG	SSTWY
SNQL	EDNYN
L	LY
QL	SNE
LNGW	MTTHAP
W	Y
W	W
WHN	STGRFY
I	R
IL	MD
KH	DV
HE	LY
KDEL	YIRYT
KD	GR
TEPNMNN	EVQLSGFKK
NYD	DTSH
D	RD
KP	SNL
YHM	SHF
WL	YNF
WGNS	NNVDW
L	Y
GIN	YYTY
WQ	ITY
IED	ERWF
D	Y
PD	VR
PV	SRELW
H	S
ISHS	YDEQ
IFP	HRGN
S	I
SDK	RVGYH
K	Y
K	D
NS	GSGYF
ES	AG
NK	WWDKH
KNKN	IFNFY
E	Y
YL	YY
ERKDEDAP	RVMYYWFSKYYY
WF	RR
K	D
KW	NW
FGN	RTGESD
WKILWNFT	KYYDFWSGYPPGE
TE	SKY
RS	HD
L	Y
RG	WWDVR
RF	DYD
RH	DT
K	Y
RI	SF
H	S
R	T
PA	ST
PR	HLGDG
NAKHNR	TYGIYDLYV
NEA	SMY
D	Y
D	R
E	YT
RG	SF
RTG	YNDY
E	R
QTDI	PPLFYSSWSD
FKK	YYGT
S	D
ENKF	SNMAYS
NYKQ	FDYAGW
PQI	YNR
Q	G
NE	YW
Q	I
Q	S
E	RG
TFQ	ITTGYA
H	NT
HT	WDDNW
M	T
MM	SYA
AMMM	WINPNNAK
WHR	DGFDLGY
K	SY
KG	IRR
K	IK
KKV	DYYY
KK	WDPEE
VE	GVITM
YE	YY
T	LY
EL	KRFS
L	T
LR	DY
L	YY
TE	GGWHAMD
DR	SSY
KEV	FHHY
Q	T
Q	TAG
KQV	WINTHQ
KDCE	NYYRD
R	H
RQ	LY
RKE	DRPS
RN	VMGGD
R	R
K	K
GDRKQN	RGYNDFYDGYY
D	SNY
ECC	SYNW
R	S
RE	NI
FREREC	VISSSGMTR
RRLCGG	GDYVGE
STE	QYSH
HTT	FYIYY
Q	WIN
Q	W
QEVKTN	DRTTNY
QH	GSKGAM
FFF	NSF
G	R
F	SDEYY
P	T
QP	SYW
PEP	ENTNRY
PMF	RYGN
FPRR	SSGNNY
RD	DK
P	K
EF	WSS
YW	TS
Y	T
WF	IF
SVWSFRGR	SRIYDLNPSLTY
A	YD
RK	NED
E	T
KD	DY
KEEYR	EYGVTY
D	K
KRDQ	RVMY
NGK	QGNN
N	K
KT	YQ
YGR	SNSWY
L	T
LKD	SDY
SD	YSYSGSY
K	W
A	RD
EA	NKQTL
E	NH
E	RK
E	R
K	Y
GSP	RNWW
N	TT
YSL	SYW
LEKM	YGDDR
PYLKE	FVSLD
H	Y
H	L
L	R
SL	SYGIN
L	W
PL	YIN
PSTHIL	SVYYGGYYF
RK	FDY
KD	SNEY
KDD	YTT
LKP	TYY
PL	APASTY
FHKQK	DYGFSE
QKC	SSR
L	Y
QKEK	AASSL
K	G
QC	YH
E	R
E	H
ET	SGSGTK
EVE	KRVGAY
R	H
RQ	LY
RKE	DPS
RNQ	VMGIGGDY
VNAR	AGYDVH
RN	QSYDSSS
G	Y
YGG	YGGSY
GKN	EGRGD
Q	NNY
Q	K
K	DW
DA	TT
DNK	RFW
KAAVKD	YNSTGYE
D	R
ATKQ	QTNY
KV	TY
VKG	IRER
K	K
KGV	DYYY
GKK	WDEE
EVY	VITM
ENN	DIQ
NN	RD
SNNN	QYET
N	Q
K	A
TG	EW
ADNGIDSGGT	WTNGAVNYAWY
DQT	RRM
KD	REW
N	SS
S	Y
GS	LS
SG	GVPA
Q	Y
EWLNQ	YYDYDFFY
SEQCR	NNGTYAY
R	K
QS	KN
RMQ	YNFN
DR	RY
KSRRE	DYDGDTY
RRLL	DVVTGF
FM	FNSYI
TRM	SYDH
M	W
MTRH	AIGTADY
RPKGG	ETDNYYY
SL	KY
VL	LIF
DKR	DVNR
KY	SY
S	R
RLHS	DDEWYYGMDV
QI	RY
MQTW	FAGSYY
W	W
WMSL	SIGSGGGTA
MI	EPY
Y	S
D	S
YD	GNRAT
Y	Y
RSL	QTR
R	TYG
FYQ	ILFK
IL	KSMR
RFDIRYL	LTTLTSYNWD
KRRI	LSNQYY
IK	KD
RK	TG
HI	ADSSGY
GR	NY
PGH	YYTVN
HRGI	EWAEDGN
HFD	SYH
G	D
RR	WRSNY
TYER	DYND
R	W
ERTNH	NYNNVG
RY	YYY
TS	GSK
GKGR	WDSSDY
TTY	SYT
YYK	GITILIAN
GRI	DTVMG
V	VSTA
A	H
PR	SY
RPI	HYSIL
W	T
G	GY
PGW	MWGDR
HATP	DYYGSG
TKQL	NIGGTF
R	Y
KK	DDD
K	N
QN	WDMV
E	T
FE	SY
P	Y
RFERK	LGAFHWDQ
I	C
NND	AYW
IGID	LRYTD
Q	D
EGQK	QRNY
A	Y
QE	AT
QQAK	RYNRAPY
ESA	TGHD
YAEK	YSTA
KEYR	ESDY
RKR	ATHF
Q	S
Q	N
EDYKR	SRSGSYSYFPDQ
QR	YDD
DGES	YSSY
E	SGF
S	L
QTEY	YYRM
VADN	SISN
K	S
TVS	YNNWL
KS	DH
DKL	WNY
LSKNDKN	DYVSGDYY
LRFF	TYGHF
IER	LSN
EDQ	GRGS
SGTF	NNEDW
E	RY
W	W
SDGW	WAGGTNY
FP	RNA
PIK	DST
LC	LY
CQ	FYS
K	S
GE	FY
K	S
KND	SYW
GKD	RNPNS
LGSY	SGFRV
AV	HNY
SA	STHFP
QGA	DYYF
A	W
AKG	TDY
SQK	DPLEYYG
TG	SSW
H	Y
H	A
R	P
RY	WYR
Y	R
YH	FYDF
N	V
T	Q
NN	YEF
G	M
A	L
AG	EW
NGIGGGGNR	WRGGGVNYGRRQ
D	R
KEKNKRAN	RYCNADCFNW
N	E
LT	RN
NNT	YNNWW
K	Y
DIGGDG	SWGRTNYAQ
D	R
KKKTAT	ATEGSLL
R	GDS
P	N
SN	YRS
RY	SY
GK	NSN
E	Y
R	H
REK	YFW
GD	DFA
DGE	YSYSNR
VR	AGR
G	D
PTD	QSY
T	Y
NPGI	DFTL
NTSKA	YGNDTS
NAN	YYD
NI	QN
I	Y
INSG	NNNWPT
H	N
VQPSK	WSGGNTDY
KHQSS	TYYDYE
E	D
EQE	DSIGK
Q	GN
RF	NSY
F	Y
F	A
YWW	QFDPF
LD	SY
W	W
KLDP	NYSSTY
YN	ERGMH
DR	YNR
RT	GE
RD	FW
SK	EVIK
EQ	DTY
K	DPA
T	R
EPART	GVFFDY
R	LY
RY	ES
VERK	EVGFNK
TK	DTY
K	DA
R	T
RIE	SDYDS
Q	Y
G	Y
N	YT
QGR	FWS
K	T
KG	GYG
DT	WGD
NYSG	RDFR
EVD	VHSNNY
E	Y
D	K
AR	STHV
A	G
KI	WWDDY
EIDA	RGYY
APT	YSY
TAN	HYGSPW
PF	NYL
FFVQN	VINRSDTN
PGPF	GTYF
YEE	SSTY
KEGT	SWEI
SV	SYY
GVSCP	ENSNGDN
SSHK	DGRN
NK	SY
E	YR
KN	GSTFW
K	DNY
NKN	RDANNK
EKKEN	YDGYFLY
WH	NYSY
E	Y
QE	NKTE
P	Y
EE	ET
KE	SY
SGS	EYY
RK	DW
RYL	AKAFP
EN	TS
EKSG	SYSMN
L	W
GSDI	SISSSSSYY
N	N
LTK	VTD
PEFL	DIGSKY
EK	RY
K	S
E	R
LRPPG	LYASSY
R	T
DHG	DYFY
HRDKG	DDPYNDTS
E	R
ELD	GLRF
Y	YY
EKYRDEPP	RVMYYWSKYYY
ERV	RND
P	Y
VH	AS
VRR	HNY
W	SYY
PSG	YESTN
EVH	ERLG
L	F
MW	WDSW
WRM	WYDSNF
TFMMWY	VRSFYYS
R	NY
RR	YELW
RRQ	MWGDSTD
KLKRN	DYGNYY
TKS	TNY
Y	R
T	K
K	WD
LK	IT
K	E
TE	YS
N	T
ISLGHKSL	VQYSGSLGAY
GLRQV	LYGFF
Q	R
GR	HD
S	S
SS	SYW
NRHK	YNSTYE
E	R
QSVE	SGRLD
AP	WNYF
T	T
ETA	SYT
ATEP	YNPSSYN
ETILT	PVRLGY
SNDW	YNKYLN
F	RY
WNN	VQGTHFPQ
PD	WN
D	R
DF	EYD
L	Y
EL	DQAH
L	PMN
L	WG
LE	GIGTSGNW
GL	GLYNYT
EQ	SY
YQ	SVMI
Q	TS
ED	TFS
IDTEL	YSRTSKTY
DT	GRF
K	NY
SD	LH
TVDS	YTLHP
DS	YDNLR
R	K
ER	DTY
DRE	RDL
NQ	GGDP
VKLKR	IIGSKLH
KK	DDD
KTQ	NSG
F	WT
FRE	WARWF
NI	YSYL
PT	YYTYL
E	DYAH
VE	VIGNNTN
RWP	RRDDV
QI	SRGY
WTM	FGSYY
M	Q
W	W
WL	VSTA
MW	EPY
GK	GNN
N	Y
YN	YQ
RNY	SNSWY
RL	SR
WLS	SDY
SGIND	YSYSGSY
N	R
KK	WD
CT	ISSA
S	Y
FISI	SYRYT
CR	RYR
RR	SYY
R	E
RDFS	ERPLY
LH	DI
SL	QY
RNN	GNTLS
K	NYW
KNNNA	DDYNYAPQ
NKERK	YQGYMD
KFH	VHSNY
HKAF	GSHVL
F	W
FR	HWWDDS
HDR	RHTD
Y	YY
ERLDDEREP	VMYYWSKYYY
L	Y
LEL	SYSTF
WK	SEW
LWKE	IYDDK
WASLLD	HSYFYRTAYY
DDKQKSV	WDDVKYDFNDGY
D	NK
NF	YGQSLS
TWWF	TYALS
F	W
WTL	GVILLITN
FWN	EGKPGF
TA	VSGA
P	M
ASNR	HYAIL
W	T
CG	GY
AWR	MWGDRTE
HAFA	DSMDPG
VQA	YSNKY
P	Y
VK	WTRES
H	TI
QND	NYR
DQ	SSSSSY
PNGDIV	PRATGYSM
KM	DYLI
N	RF
N	L
MK	WQGTH
K	K
PKM	DYY
HMKA	WIDENSE
KTN	DLH
N	Y
VK	WSSH
KEPC	DYYY
PEK	TDGNYY
PREEC	DTSGYG
GW	NN
W	R
WNQ	LHDFL
K	E
KKNQ	DSYH
W	W
QKK	RDE
W	GR
WNK	GAYYID
W	W
T	NNWPW
RP	FS
GR	SY
TTKKR	IFSPN
LTNG	EWGSGRY
D	Y
FNW	YGSSS
TWF	SYAIS
W	W
WARIDS	GIIIFGTAN
G	K
FWNT	EGKPGF
ENK	NHNY
N	N
E	G
KE	FWSW
KE	DTY
E	RDSN
TKG	DYG
PP	SYF
A	E
VDA	YGSTF
Q	S
H	TYA
AVSQCV	NNSRNF
HATP	DLRLG
P	Y
GGALA	FWSTR
TI	YT
AITDQAL	IISSGGSYTY
ARP	DEGNGNYVE
RD	EI
DGG	YEF
V	T
A	Y
G	W
AEIGDGGGT	WNSGGTNYAQK
D	R
KKD	RDYYNW
V	Y
V	W
GI	TT
ELN	SYW
PNIP	MHHSSTN
E	K
EV	GWD
GKY	SNN
N	K
KT	YQ
YDR	SNSWY
R	ST
RLI	SDY
RGIND	YSYSGSY
N	R
SK	WE
TLG	HNY
LR	NK
R	E
NR	FWTF
E	T
QRE	TYW
PSEDS	ENNNRN
PAN	VMIT
LL	DI
LFH	QHST
LHAD	HGTHVPY
K	T
A	Y
HAEKLGVL	WWPGPIYP
E	K
FH	VL
KYFK	ISSSY
Y	Y
YV	GSS
KN	QY
EN	ST
QE	SYW
L	W
LSDKP	VYGDSYR
NQF	MPNW
WDL	WSNHW
W	WH
W	W
IPIP	RGGTAYK
W	Y
N	DI
NHQL	ETYVS
L	Y
LQ	GN
FAT	TYSYP
F	AN
FDA	YRT
FQ	GGTGF
TGN	YEF
A	Y
G	W
TGDGGREGS	WNNSGGTNYAQKQ
D	R
KNA	YYNW
MEF	SSGYIY
A	Y
ST	DR
FEHF	YTTLSW
D	EV
HVF	SYW
PHS	KPEY
D	R
FVDSSE	VSRGGS
EH	IHSNY
FHA	GSHVL
F	S
F	W
FR	HYWDDR
FH	RITD
Q	NNY
Q	W
VL	DYSYL
R	IK
R	DDF
AR	RDAN
LRDQ	RVYSYY
WL	NYIF
WGSN	SKEAY
G	W
TG	YDFN
WI	SIYYY
LW	YYKF
RG	SKEVW
G	H
GP	YTY
GWKPR	SRYDGTYY
KY	IE
K	N
N	WN
DRKKNK	QGIFYKGSG
AT	WPP
MIKVT	IILVH
RIKQPM	EAEGEYDN
KMTA	EDSY
T	SG
KKELSV	YGTYAGF
AK	NYL
PDG	VSSA
L	S
D	R
P	S
EV	NS
L	Y
LK	YY
IFKFNV	RGQASWYW
RPE	TSYY
KA	LY
LAK	LYE
SR	SRDLL
Q	T
KP	YY
PDGR	GINSNGTN
QTAESK	RYRFDMD
Q	I
QPDQ	QSVSSY
QFTQ	QRSNWPGY
RG	TS
DF	SA
FDT	ASGSGGSY
GFYWGD	AARRFV
KM	YY
ERERGP	RVMYYWSKYYY
V	Y
THP	RDNIGN
P	S
PR	SGG
TERMRCQLV	YYYSGSTYYK
EPG	CSSTSC
CQR	YGNF
R	Y
R	RN
R	SY
Q	T
QL	SY
QPK	YGD
QR	FDYG
Y	Y
Y	LH
DIN	HWNYL
K	IK
K	DDY
NFK	RDPAN
R	R
RRY	SKYD
NKRK	QGNN
N	Y
NR	YSQ
R	GS
RD	SNSWY
L	R
NNI	SDY
SLD	YSYSGSY
N	R
SK	WD
T	T
T	S
NGD	YST
N	Y
NAG	YEF
G	I
G	W
AQGSDGA	WKRYGAVSYARQQ
DG	RY
KRKKNAN	ARDYYNW
KHKEE	HSNGNYY
W	Y
EI	RSN
N	GYA
SH	SW
WKD	YDDK
G	A
G	Y
W	W
GG	YS
QP	YL
PH	VDTN
WQPHG	SGAAPTYYAMD
GGP	VSYY
G	R
FDKS	YNSH
D	T
PTM	RRSN
PPYE	EYYYG
DGACSC	QFLSSF
SY	SG
IA	GLLSL
I	WH
I	Y
MFC	FFLY
KGTN	HYAP
NGK	TRWT
G	R
RQ	FEK
SAGINGN	FHKNGAVDFFS
PK	GRYP
K	SDNL
K	K
HPK	WDEW
LQFC	NSYY
HFVLN	SIAYRGNSSGSTY
FQRC	RQLDTGYQWA
N	V
TGG	YEF
G	L
N	W
NGGIGSGGTD	WKRGGAVNYARQ
DT	RVY
KKNKNAN	YARDYYNW
S	Y
S	N
SPA	HISRR
A	Y
AD	FRKE
TSS	EGHTAAP
KEVD	SYNFH
K	Y
TRK	RNLES
DK	SNE
TKG	EYI
PTREKV	WYESIIK
KHLK	HDGTND
EW	FT
W	TIY
ED	RRLMI
WL	YF
LAAL	DYEIH
LR	GIHSGTA
A	R
WD	KDY
NSKS	SGSNT
S	N
S	K
SSN	TSGS
PGEW	DDDTY
NSNYKSP	TRVSGDYV
K	YY
E	YSY
DIFTKKE	YNSSDYK
DFKKE	KDVGY
N	EI
N	Y
DGG	YEF
V	I
R	D
G	W
NTRGGISGGDD	WKRGGAVNYARPQ
DVR	RVY
KKAD	DYNW
PP	HNY
WP	STHVP
Q	Y
W	W
MEW	NYSTY
Q	LTNG
KND	IGSYY
KK	ED
K	N
DNKT	YDDF
V	N
TSE	QRSY
TVKN	YPFY
WF	RR
K	D
KF	NW
FG	RTGESD
WTIVKWF	KYYFWSGYPPGE
NGK	QGNN
N	K
N	YQ
RDNS	SNSWY
L	T
RKS	SDY
RDLG	YSYSSA
N	N
SKN	WDD
D	NK
N	YGQS
LTW	TYALS
W	W
WL	GVILLITN
TW	ELGKP
K	DDY
H	GHVP
VP	RAM
H	W
PEV	GISSGGSYF
PVKH	YSDPF
PYTD	QDSNY
T	Y
NPA	DFTL
NTDWSK	YGNGDTS
NSIN	SYRYD
MQ	SSW
G	Y
V	S
QKD	YNIYY
EQ	VGYST
LSF	TYW
FKE	DDR
E	R
EDLIQE	RRPGQDF
NGK	QGNN
N	K
KN	FQ
RNY	SNSWY
L	T
NL	SDY
DGR	YSYSGSY
N	N
KN	WD
KF	SYF
VPRG	SNLS
GIR	GVPA
KP	NNW
KK	EIK
KG	DTY
PK	RDPA
GRKFVYLPT	RQLLRGYYYM
NGHY	QGNN
N	K
NT	YQ
YGR	SNAWY
L	T
NLK	SDY
SGWND	YSYSGSY
N	N
SL	WD
L	Y
R	F
L	SQISP
EVDL	SSSH
VCH	WLSVF
LVCCLFD	RCYNRGVCA
QN	RL
LTNTG	WSGSD
TYDQRG	ELYGYYL
NGR	SGNN
N	K
NT	YQ
YRS	SNY
L	T
NLI	SDY
SRDGV	FSYSGSY
N	N
SKN	WDY
KL	YY
ERDDEGPF	VMYYWFSKYYY
KQ	QSLSSY
KD	SR
QV	YV
DGQ	RYRSY
IVVWGD	VFGVND
DP	NYY
P	D
RT	WGRP
S	S
STR	DWE
R	W
RLQAT	ELSGSTN
RG	GNYD
DR	YY
RQ	RNR
R	D
S	T
S	SD
RR	YS
DRRYTE	VYRYPER
TH	RY
S	D
GTK	YDN
T	I
T	T
RP	AIFGT
STTHG	ISGSGW
QSAA	IGRN
Q	Y
Q	HTN
TS	SG
GVL	YVFY
D	Y
TDSL	SGYYN
LS	YY
LLGD	ASDSDGF
GH	GNN
N	K
YN	YQ
YNRS	SDSWY
L	T
NLK	SDY
DGNR	YSYSGSY
N	N
SK	WD
HW	EY
WDMKQ	WSMTV
L	N
L	SYA
QLLKQIR	SILFGFVVYQ
QHQHW	YFDTYNY
GKPY	QDNY
K	Y
SQ	YRS
SW	ANTL
YRW	SYA
WDEKL	TSSGGTYY
WIK	DGNSD
PKQLVL	YSSNQKY
L	W
PTD	YYTYY
QD	SSWH
DD	MS
QTE	YYYDY
D	TA
DDLA	LHFYH
W	FG
DK	YDD
DWD	RRGPRVN
R	YDGDY
M	Y
A	Y
EK	GYS
KSG	SGYS
K	Y
ASQR	GSHYFW
KQW	DNF
T	Y
WF	AT
WPLV	LNSY
L	W
DTSTLW	GMTMVRV
H	N
HRSF	YTSRF
EH	SGS
D	I
VW	GYD
WY	WGD
FST	YWYA
F	K
FNWK	QYGQSLS
SWWF	TYALS
W	W
WSLNIK	GVILLITNYP
FWQ	ELGKPGF
E	SSA
V	QN
EQV	SSSY
EDTSQ	YSYWR
PFEVE	TSGYY
A	Y
LSP	LYLS
SR	SRDLL
SP	YMY
PDG	GINSNGTN
QKDLS	RYRFDM
ER	SH
R	LE
E	Y
PENDR	SNVWF
LQ	TS
QMR	EFTMH
MQCGTQ	GINTINGSSK
DRE	KGFAY
E	D
D	Q
TR	FDGD
R	W
PADR	LGIANYAQ
CAQSFT	IRYMNVYYLMY
NE	TSY
AD	WN
L	Y
VLYKN	YYSTY
EAPP	FGSY
PP	SNY
PPYW	WYSNW
Y	WH
Y	W
Y	RA
W	YYYS
L	K
P	Y
DK	ST
KQH	GHW
DDAH	HSDE
D	K
KPLK	YFYGTY
PET	HYE
LT	YLY
E	K
STL	FGFY
L	F
VL	TYAS
L	VW
LEVT	SSSGGSY
L	VR
ETL	GGYGTS
L	W
KE	DDKY
LE	RY
E	LK
KW	GTHFW
L	Y
W	Y
L	F
LAD	GNYLAY
SD	SSY
ED	YSW
D	S
NDT	SYW
ENEGV	IYPGDSSR
GETD	RRNWN
Y	E
YKGN	SFNVPL
V	FG
VTHV	ISTPRTY
VTY	GSSTSYA
D	W
E	Y
QR	KTLES
RE	GV
S	H
SYGYGAK	IGVPRRDE
T	I
QAA	QDW
PCV	ANSF
DR	DFY
IRRPV	LDEDDTMER
RP	EN
LMG	DDKYN
D	RY
M	L
FGG	WQGSY
D	S
EF	TNAN
F	W
GLEE	RRSIN
D	R
D	GTT
L	TS
LW	NTW
WNDF	RRDI
WTILIRWF	DEGAPILFFEWGYYY
GLD	NVGSA
K	E
IAL	YSSY
E	W
ETKYDE	YGDDTRFQK
IEQSFH	RVYYGSNY
Q	Y
N	Y
N	YT
Q	FAS
K	T
KG	GYG
GTD	WGD
GYVG	RDYR
PAK	GRYP
K	YN
K	K
FPK	WDKW
FC	NSYY
HVFN	SIAYRGSSGSTY
FQGRHA	RQLTGYQWA
NIVT	GPFR
D	S
IG	PIF
I	F
QD	GYQ
GM	YSFT
AT	SY
AMQ	YGN
DMQA	DGYY
STNRH	ESDSYGHSF
R	GS
HNSIT	GNEVF
LNT	YYY
ESKR	SDGGSYTY
HL	YYD
E	E
R	EW
Q	R
EQT	HVFL
ADS	HNNYE
R	K
SGG	FGSVP
R	T
RSG	SDYAN
A	W
GQQA	SSYITGY
SSD	MGYD
HW	WDV
G	S
GW	SYAS
W	W
WSG	AISGSY
WH	AVKF
I	W
NKY	YYYDK
I	R
R	NY
RR	YELW
RRQ	MWGDGSTD
RKLVNS	DDYGYY
D	N
R	Y
GTR	SGSWR
S	T
DTR	TYWE
RYLQ	ELSDSTY
DGR	GDG
DK	TN
R	Y
KD	SY
KKE	FNY
H	I
HE	DY
HRHTY	RNKGNT
RDSK	YGTN
FI	YY
TS	IIEDW
I	SG
IKS	YWDDR
KRT	YGFTY
RE	DVST
E	S
F	YT
Y	T
Y	N
ST	YY
WWHVE	HVNAVKN
EQ	RN
RS	LY
WSR	SYNT
VG	YY
EF	SL
EG	SY
GQYG	WTGT
R	R
GR	YYYGD
TK	RY
G	D
GK	YD
TD	TI
T	T
RGPGT	AIFGTN
KSTG	ISGSGW
LI	TY
S	Y
RI	GKT
N	ST
AQ	GYG
QQQ	MWGDRD
QFQSQR	QRYDYY
RFT	STW
R	LI
TVIR	AASTL
RGF	VPSFSGSGSF
RK	YY
RIKMT	DDADTMR
KG	DELN
LYL	QVHSNY
TYLQM	STHVW
GV	SF
MW	TINKTY
MGV	RSAL
NG	SSNN
N	K
NT	YQ
RGNY	SNSWY
R	T
LD	SDL
RGKD	YSYSSY
KN	WD
WL	YYF
G	NNVDW
N	Y
TINN	YYSYR
WQL	ITY
H	Y
PHMH	KNFS
YEQS	VSGFGFT
LY	IY
SY	SGR
IYKQY	NAKNR
MYSH	GAYYYY
NI	QY
K	D
IIER	FDHLL
QQV	GDY
RVPQLKG	HYYSNTN
RII	DRVTGA
RGEV	LRSYYA
M	Y
RRQ	SSSGTA
RV	SG
K	D
K	D
EGE	NWGS
SMTEGC	ILAGRGWY
HSM	GNNA
EMTP	YDNL
S	K
DA	SY
EP	SGSGGS
ATVSSFE	RVAVKGSYY
NL	QAVSA
D	S
FSL	SYSTW
QTG	SYV
GQTSQLN	YNYNAGTNE
QPGSD	PTMLPW
R	R
RDK	FNSY
S	S
EK	DY
KVTEGP	YHRVSY
KEEKG	QGTGTTED
EKY	SVSSA
Q	Y
M	S
E	R
PK	SSYI
E	N
IF	SYH
DIR	YSYSY
FEEA	TPWWYWS
R	YR
H	SYG
HL	YN
HSPSLI	SVYYGYY
PR	YDY
PGGR	SNEF
R	YT
KRQ	TYPIE
Q	W
RQIR	NFHYSDTN
R	I
RFAR	HYSAYM
ISQ	TFY
H	Y
VS	LN
D	WY
RG	IW
REA	YSY
FQ	YG
L	AL
LW	QS
W	D
DLL	LHFYPH
W	FG
KE	YDDR
KWLW	RRGPRGVN
D	NY
G	Y
N	YT
Q	FHS
G	T
K	GY
DGT	WGD
NYQN	RDYR
K	FD
WN	NSW
FDKN	RRLKD
K	D
WLRNWT	DEGTPVTFLEWGYFY
DG	SY
K	D
GSS	WSSN
RE	RT
REGGS	YNSRYN
E	K
GR	YDY
AT	EI
TN	QLQ
TG	LEF
T	I
A	F
G	W
NGNGDGTDGNG	WNRGGGVNYSRSQ
DTG	RNF
AN	EW
RIPK	NNYY
K	R
IRFI	WDGGP
KKS	DYW
IKY	IYDDSR
IKKS	LDEDSGAD
T	Y
N	T
EQE	VFAN
ML	YY
QE	KR
TL	LY
HL	YNF
NGNW	NNVDW
I	Y
NIN	YYSTY
WL	ITY
LE	HGNY
K	Y
KT	ES
KESTV	VSGYTFI
M	GY
R	G
E	R
ETTAMEK	YYGSYYDY
E	Y
DRK	KTLES
E	GV
RVGS	EVGFTFS
V	H
ESYGCKK	RIGVPRRDED
G	N
NT	LI
NT	SN
SSG	WAGGNN
ISTALK	YDYDFY
EIRQQ	RSISGY
MI	WY
QK	HYTT
H	Y
H	RY
QIQP	WDGFYA
ETN	SGKF
I	Y
EE	SE
I	R
DK	YTN
QDINLN	KQGEVVLPR
TIKT	SGFTL
TH	YF
K	D
DTN	QRY
N	Y
KATK	HGESPY
K	K
KT	DYY
TQDYKKG	LDENNTIQ
KPD	DNSY
NDTH	SRND
E	Y
DIT	FSN
N	GSG
HE	GYT
NK	RW
DD	SK
KND	YGSYVY
R	YSF
GE	NK
PQLR	TGLH
RLET	YSYY
RDQGG	EYYYT
DQ	SSW
T	K
QLD	YNSY
VY	SYY
DTGYA	RYSGS
VWID	EHITFGV
ANS	HNYY
SP	NLELY
K	W
SNK	RFDDD
ESS	NVFDGYW
NIT	GPFR
I	S
IVT	PIF
I	F
QDK	GYQ
DS	NRY
E	Y
DLK	FIE
S	H
WN	IT
WLN	DYS
N	WINTE
L	L
LW	GWL
NGRY	QSGNN
KN	YQ
RNS	SNSWY
LK	SD
DSLW	YSASSY
KN	WD
L	Y
L	G
VL	GNRAP
L	WW
E	DYG
LH	WDI
R	T
LVR	GLDY
H	Y
VKHPN	RNREF
ER	GYTT
YEN	EYT
N	F
K	S
S	Y
KQQ	SNQR
A	T
KT	SY
KD	YD
TDPDQVLS	LLMDYYDHI
RG	SNN
N	K
NT	YQ
YR	SNSWY
L	T
LS	SDY
RDLS	YSYSGSY
KN	WGD
W	DV
G	S
GW	SYAS
W	W
WGS	AISGY
W	AVYKF
H	A
RPLE	WWWWP
EE	GFSW
SLP	WSW
WSTE	SSSGWS
S	R
LSH	WWSS
KM	YY
ERDMEE	VMYYWSKYYY
QI	SDY
R	Y
R	D
RSRI	YIQL
K	S
VI	IIF
KVSRR	DGIYE
K	Y
SVWR	ASNLAS
RAN	GVPFS
I	YY
KAPF	STSSFY
E	K
F	Y
NDK	WEIY
K	Y
K	S
AGYED	YTYSTS
E	N
K	D
KLN	QKF
N	Y
KAK	HGESPY
K	IK
NRK	DYY
KQDK	DPANHSMY
KVIN	DSGY
L	Y
L	Y
MF	YAG
AN	QS
TNNAGN	DSDGSIRL
KA	KI
N	W
NGEGTDGSR	MYRGRPWSAHKQ
SGDGG	LSLRTSM
KEKN	AASHRI
KY	SND
G	Y
SSGH	YNRYT
YKK	DYG
R	I
KR	DE
RD	RY
RKTHAK	DWERGD
S	A
R	S
SL	SSSSLI
LD	YSSH
L	W
LLLLN	SYYYYY
DLRS	GYYGA
I	YH
I	LY
II	KF
RI	TTY
RP	SYWN
P	Y
P	Y
IP	DDF
RPG	HNSNL
R	H
RR	VWSN
RKLQRQ	EYILTGYNY
H	Y
KIQ	SYP
QG	SSS
GKRI	YYYY
QHP	YYGTG
PQDLY	NSRTKY
Y	W
SAFP	SYNLY
F	Y
MY	YRSY
VQS	ISY
NVPK	YASYY
L	S
FK	SWE
PVKV	ELPGSGSN
KTW	TSYYFG
TVDG	LSTKWY
VK	EK
T	H
VRG	STGQW
V	N
V	EK
SVG	WYIH
NTGG	GGKYDY
Y	E
YGN	SFNVPL
TV	KFGM
VTVY	IATGTY
VTY	GSSTSYA
T	L
N	I
WND	NYY
DFWN	HIYGTTK
WIT	IGVYY
WF	RR
K	D
KF	NW
FG	RTGESD
WKIAW	KYYDFWSGYPPGE
GGS	YDDA
GS	YIDLA
GG	SMDG
F	K
FNP	YGQSLS
LWWF	TYALS
F	W
WL	GVILITN
FW	ELGKPGF
EAPP	DNTA
P	Y
P	SF
PKP	HYTT
F	Y
PEPD	RYYTR
FPKD	WGFY
NDH	HSNNY
H	K
HP	YG
PHYD	WWNDNKY
TP	DDH
YH	SNY
RG	GK
Y	R
D	S
F	S
FQ	IIF
P	Y
R	Y
FPE	YSFW
T	S
GRW	TSG
EQK	WWDR
EMFR	ITSVTDS
SRWP	KYSY
W	N
SE	YGT
KQLLV	NYYGGISQ
WK	TDY
DF	QNK
DF	QS
LV	LI
F	KP
KDF	QSV
DDA	SSSN
DNGGF	DSLSVV
G	DK
DN	NK
NWF	YGQSLS
TWF	TYALS
F	W
WLIF	GVILLITN
FWT	EGGKPGF
NGRK	SSNN
N	K
NT	YQ
YNRS	SNSWY
L	I
RLS	RDY
RGWDS	YSFSNF
N	N
SC	WD
NKRY	SSNN
N	K
N	YQ
RY	SNSWY
L	T
LK	SDA
SDLGR	YSYSSY
S	W
ELNS	GYTYKG
E	TI
NNYV	NGDKY
R	Y
VRN	DDID
T	N
EYFR	YFFLG
P	A
EPEP	STGFY
RD	QLT
DG	RKF
H	Y
H	S
HGAE	HNDYL
E	Y
E	RK
EHA	AARA
RAQPG	SQDISY
GPPR	GNTLW
R	W
R	EN
RKFG	SPYYYGNW
RIPH	SNNYY
H	R
HRFI	WDGGP
RI	DHW
IKY	MYDDR
IRRH	LYND
IRII	QDHY
E	R
R	SG
IRKN	YDEF
EKV	DYN
VNY	IIDKYTIN
KEST	DYYGSSY
A	Q
HEQ	HWTYY
EQ	WN
Q	W
QAKLNP	NTVNYDK
QHG	GGSAM
L	HY
LW	SYNLY
W	N
W	W
WTCAC	RRGFNAY
ST	DG
T	Q
G	I
G	W
NAWEGGRDGNN	WKRHGAVSYARQQ
D	R
KNKAK	ARDYYNW
E	VSSA
E	Y
E	S
E	R
EEI	YYY
R	Y
FY	YY
YQ	YS
IEL	WYRR
N	Y
NF	YGSSS
TWWF	SYAIS
W	W
WTLHFS	GIIIFGTAN
TWF	EGKPGF
KYGC	LGSKY
KH	DSNR
K	N
DK	FMNGT
QDL	QVGFTS
LDPK	NYTN
KP	YSSL
D	R
QDSIMQE	ERWHVRY
DSR	QDSY
K	YK
RSNK	GKML
PQ	SG
QKMK	WWDDES
QVR	YDP
G	N
P	Y
GTRR	SNSWR
S	S
NDR	TYWE
RLQR	ELSGSTY
DG	GDG
KQKK	LPKNYY
KK	ED
K	S
VQLF	YSTDSSGR
YF	DGAH
H	W
FL	GISIIA
YKVH	DSPRGPL
LQ	HY
N	Y
DN	YT
Q	FSS
G	T
K	GY
DG	WGD
NNVG	RDYR
T	Q
TGA	YEF
N	W
AGWGGDSGGR	WKRGGAVSYARQQ
D	R
KEKAN	ARDYYNW
L	SN
L	Y
LK	GT
L	Y
Y	D
Y	NY
FLW	VLFT
YGFNLW	SVTPRYCGGGC
TNGN	DSDGSIL
KN	KI
G	W
NAKIIPSGNT	MDYRGRPWSAHQ
GGG	LRT
KNKE	AASHRI
G	D
A	R
KI	DLG
LKYMDG	SHFTYF
G	L
RD	VR
GGDNKANGS	ERGRHFPNRDNLEK
NEL	FTFS
LW	NTW
NLD	RKD
E	D
WTILRIW	DLGEPVVFFEWGSYY
R	TI
GRI	SYW
GAIG	NSDYE
D	T
DN	WSNH
SE	DN
I	W
IERQLKT	VIKYGTTNQQ
EN	FD
KSS	TFS
SY	SY
Y	G
R	DL
E	Y
KR	TRS
N	D
K	G
HRR	HYGY
GS	YW
KT	GQY
YM	TT
YR	SY
MY	YGN
EEY	HYGLDW
PERLQ	NSRTKY
L	W
PST	SYNLY
PVS	YTYYK
Y	DA
QERS	QLSSGNY
NMQER	HYISP
R	T
R	DYL
RRKV	WDPEDER
RYNE	STYIY
Y	NF
YAS	DYSHL
DDVP	TSNGGGYY
AYV	REREKG
AST	TSY
SSK	WSSY
Q	FT
GQ	DYS
QLHE	WINTETD
KRK	EDD
Q	A
YLRT	TSNY
RYPET	WYSNHW
E	W
E	W
E	RTAY
T	Y
N	SN
R	Y
PIR	YNLD
VSG	YAQLY
HN	DTY
NE	YK
HSRIG	PLYDYY
SF	SYTTPP
DDS	FTT
WSNF	GSAH
VSWH	INNGY
DND	TSNR
FDAN	SARF
APT	HYH
L	YLH
P	K
LAT	SVL
VN	TG
VLL	YNN
L	W
LLV	AIDGTS
NTP	GME
NKHY	SSNN
N	K
KN	YQ
YDR	SNSWY
L	T
RK	SDI
RGWD	YSYSSY
SN	WD
Y	Y
YAS	DYSNL
DVDP	TSNGGGYY
DYV	RERENG
DR	YY
P	Y
ADQPR	LSNLES
V	G
PAR	QVT
FDR	SYW
RK	DSDE
A	R
FDRPA	YVYDY
DN	NK
NWF	YGQSLS
K	S
TW	TYALS
F	W
WTL	GVILLITN
TWNF	ELGKPGF
E	Y
LV	LY
VDEL	RRRPS
EN	YSS
IQ	SF
S	F
QLNKLECL	PAAWLQQSLAWD
G	SF
GCR	RYNW
KTTN	TEDSAK
GKT	NFYYY
R	NN
Y	Y
EKNNRE	YDDQLPS
R	GVSD
IK	DD
K	RT
FIR	SYW
RHSR	DTDYTN
KEFKEY	EPGYSW
H	N
H	Y
D	GY
LPK	NYD
I	YD
YP	DGNY
K	GSKS
QK	DD
K	N
YA	WDSS
F	V
FLA	GFIFTAM
LFY	LSRGY
RQ	RS
E	Y
KN	SNL
QRM	SNTSL
FM	WH
M	W
MF	AYYN
YYEQM	WHSTSPW
EE	KNY
E	N
E	K
Y	R
Q	Y
QERDLEVE	AKSNSGLSLLYY
G	Y
PKT	SFYS
SLR	NTY
PQLIK	TPSSGQ
Q	T
LQG	TWLLR
ER	DY
I	H
I	Y
RR	YDT
S	I
D	SDS
SDWLS	WADSE
DKS	NRESY
D	K
FN	QYGQSLS
LTW	TYALS
W	W
WILIF	GVILLITN
TWF	ELGKPGF
Q	TKY
K	W
D	TT
AAK	RYW
KDAKK	YNSTGYTE
D	K
TK	VDGY
KVG	SSN
AGRF	WSHY
A	W
AFMK	DYGSSTT
TDDG	LRGYYD
YTQ	DIGSS
T	AS
RRS	YATSY
R	W
R	E
RRSKQE	DFSGDRSNYF
YHE	QNH
L	Y
L	Y
HQER	WSGNPW
Y	S
YS	RT
R	W
NYQGR	VSGGHYY
LHSN	FGDG
VQE	QHTYT
QHR	VGDTF
D	D
TRD	YSRGGGYY
RTHHQ	HIYYSHYY
CFYYR	HSNGNYE
R	Y
Y	K
RH	FGSHVL
PGR	GYYY
H	W
HPRN	SDFY
GPYKR	PYSYDGF
H	S
Q	Y
HTS	DDP
V	G
QGRS	EVGTD
R	D
S	W
YNMHQG	RSYVVAYY
I	Y
P	WAW
P	W
GR	RKD
RCIIH	DSEDYYYY
F	LY
F	Y
DHQ	VGFST
HHQ	SSS
NQ	YYNF
H	R
HFLIQDRD	NALYGSGGYADY
PE	YDKY
EPWK	WGTHFR
S	S
K	D
W	W
WHSG	SSSGYY
KPK	DYDYG
N	V
NT	QY
TGA	YEF
T	L
G	W
TANDIGSGDR	WKRGGAVNYPQQ
DT	RM
KKRWKAN	YASDYYNW
RDL	SNA
LL	YIF
YSRL	SSLF
T	GS
LH	QYYL
H	W
H	EN
LA	LYYAM
EM	VSSRY
E	SG
GSA	VGGSS
I	SH
DR	YYS
ANG	TAR
DEW	PAVFYGDR
A	R
GD	NYA
DN	KYRN
GGVRKP	IGLYDILY
Y	E
YN	SFNVL
TV	KFG
VTAV	IVTGRKY
VTY	SSTSYA
NF	YGSSS
TWW	SYAIS
F	W
WTLHFD	GIIIFGTAN
G	K
TWNF	EGKPGF
YNE	SVSSA
YGD	HGPFYW
V	Y
HLAE	SYSY
EWE	RKPYFW
R	T
K	Y
RQEK	SSFLYS
ESVPAR	EQASGFTT
LN	ST
N	Y
YEV	TSKN
NATLRYRKR	TYGIYDLYVDY
D	NK
NW	YGQSLS
LTWW	TYAS
W	W
WLI	GVILLITN
TWW	ELGKPGF
GAAK	NIGTKV
KK	DDD
KA	NN
ADK	ISTD
Q	N
A	Y
ASVLWQD	RSGYPDT
ME	LY
M	E
LESE	QVGYTT
PE	SY
KS	DSD
DE	KR
LEKFME	PHYYGTYPMDY
D	R
I	Y
I	AA
AT	SSTT
E	Y
RYTD	PSGYVSLYY
K	N
RD	DTSR
D	S
IHQ	DYD
L	TS
NW	NTW
WFN	RRDI
WTIIRLWF	DEGAPILFFEWGYYY
R	S
E	Y
EE	SS
R	RG
ET	NY
G	S
FGRAD	SYYGY
PHN	RFW
K	YY
RQV	FWDTW
H	N
GLH	HLWNGF
RHK	TTTTSG
AN	STA
N	W
TATT	HYTT
E	YT
QS	DYW
SYD	LRR
E	R
KAFTG	SASYGD
Y	A
Y	W
YWH	CGSY
T	W
NGGS	NYSDSN
TY	LAFY
DR	KY
R	Y
RSS	YDNL
DK	TS
DE	SY
HEKDHS	YSNGGSGY
EVSV	RGGSSYW
L	Y
LT	WML
I	Y
CS	EYY
C	K
GCIWSL	ADGLTYLLQYID
R	Y
ARYIF	YDNLG
I	V
II	AISSTTY
PR	DYGSN
QK	YSY
L	Y
YEL	NKT
AA	HYGT
AA	WH
AN	MK
TP	EY
YK	STA
Y	Y
PK	SY
K	GS
K	K
D	W
NKG	RDPAR
PHMN	SSGAYY
S	Y
SD	ER
HSE	YAGSNF
D	T
EN	YW
HP	PEY
E	R
FSS	VSRGG
EYN	YSRL
K	S
YNKK	GATSE
K	DS
NV	YW
K	S
K	Y
D	R
KDDSL	RDYYG
P	S
LNY	SYTTPP
S	S
SFL	NSH
T	W
F	R
YFN	FWWR
G	Y
KSS	YDEY
DD	FTS
DDP	SFA
PSQ	INSNAS
D	R
SLIAI	PAGRAW
DK	SSY
LNH	WTSY
LK	YSFN
KH	FYW
HNKLSD	MDSEESR
NL	RS
RKNNY	NYRYD
QSME	HGNNY
E	K
MQ	GSVY
Q	FT
QF	TYA
FQHEQ	LISTYSY
EGM	VMGEQY
NIGA	QYSSY
D	W
LNSR	YYAYW
Q	W
GRRYK	MDSNDR
RQ	YSYVTP
AELT	HRNYH
L	YLH
P	K
AL	SVL
V	T
CNL	GYNN
L	W
LLV	AIDYYGTS
LP	GME
NKHK	SSNN
N	K
NT	YQ
YR	SNSWY
R	T
LD	SDF
DSRG	YSYSGSY
Y	W
N	Y
Y	LF
N	D
NL	RWP
YL	SSDTDR
YITYNT	GKCGGGRCYSGLD
LK	SY
KRNI	YWSE
R	S
RRNY	DWYGGD
RR	PDY
WF	RR
W	W
FNW	RTGESD
WWIRNTF	KYYFWSGYPPGEE
Y	N
D	Y
RH	YK
E	RSG
AQE	YKQFL
QD	TS
NRI	NYY
E	W
EDDGN	TTTSSRY
AIIFR	RGYGGYSED
K	QS
GK	YADS
W	S
WKW	SNV
YWLI	IIVIN
KIY	LGLVL
Q	I
QQTSTNT	QSYSSNKY
TF	YLSS
I	S
I	R
KYYWQN	MWGGGNDY
EPVN	KFGYD
F	STA
R	Y
KRLD	SSFLYS
FDD	YYTT
E	T
EMD	NYH
YPACYR	WTDGYTD
MELHD	AGTLF
SK	TN
S	Y
DRA	SSY
KE	FNY
H	I
HD	DY
EHDHR	LRNKGNTE
SADS	DYGTN
NIVT	GPFR
T	S
ITT	PIF
I	F
QTD	GYQ
EHD	VHSNNY
FA	GSHVL
F	W
FR	HWWDDN
HRD	RAHND
NDKG	TSRYY
P	Y
KENI	WEIY
Q	FT
QN	DYSM
SQN	RINTETEK
IQGPS	YDGYSWD
SF	YS
F	TY
SV	RD
SK	YDEY
HQ	DYY
RLK	EYSN
LV	SR
RF	GFG
TA	KLA
LQA	FRY
TL	SD
LQP	LYV
M	S
QAP	SNAN
L	W
DV	YAVSNY
P	K
AL	SN
L	W
SGRQTW	SSSISSNY
VND	RTSK
QRD	SGSG
E	S
T	Y
GY	DIV
RD	QY
DDY	YYS
G	Y
G	W
GDDGQGGR	WNNSGGTNYAQQ
D	R
K	Y
N	Y
R	SLYS
EYE	WVH
NEFM	GFNS
FM	SY
IPFE	YYSYY
E	R
EVDE	YVYHDY
V	LGNP
GHY	GNN
N	K
KN	YQ
RY	SNSWY
R	T
NKD	SDY
RGWD	YSFSGSY
YL	WD
DERST	QSASY
R	S
PDEV	AYKTY
R	F
NV	TAH
V	W
VG	GVHITD
RT	DDYSTY
AV	TT
IR	GL
IRI	FEENE
V	T
TVR	YYNLWT
TQYP	QIYY
A	Y
LSRS	YDNLPY
LR	WD
TL	RSY
DK	SY
K	Y
NTN	HNSYR
S	Y
KDP	ENSYN
NSLKNK	IVMVFTDRG
HW	WDV
N	Y
GW	TYAT
W	W
WGNS	ASSSDY
WNTN	AVVFTDAYKF
GNQI	EDNYN
LQ	LY
Q	SN
WG	TTHAP
T	Y
I	W
HTV	STGRFY
I	R
L	MD
K	E
F	Y
YLQF	YINYPL
K	A
Y	W
YDDQKK	YNYYTNPK
KFF	ERY
QDH	GYNY
H	YDIH
AF	SGA
C	Y
VDP	HYSNY
HT	RLRTRN
G	GNN
N	K
N	YQ
YGNRS	SNSWY
NL	DT
LI	SDY
SDLGR	YSYSGSY
KC	WD
E	Y
YM	YY
ERKDDERF	RVMYYWSKYYY
FH	YN
SV	LY
SV	YT
HSF	QQGGALF
D	WH
N	EN
SVH	SPSD
INRSQ	HGNGYY
S	Y
S	LN
KQ	YSS
D	D
N	E
YQKNS	SCSARSCYGP
KLM	SYN
M	Y
LL	AS
MP	SY
E	S
AH	RV
HE	WPS
E	N
LSAM	YDFWSA
EN	GSTY
N	GS
GK	YTI
DQIN	KVQGRVEVG
L	AL
L	Q
DEL	LHFYH
W	FG
DKE	YDDR
DW	RRGPVN
DEE	KDKY
Y	S
RI	SY
INE	YSGGTY
REWNI	SRASGM
E	E
KQDG	SASSY
DLAR	YDGSY
I	A
IGER	RYRSY
IINDI	IFGIVI
T	ENY
T	W
R	GNN
AD	PP
TEKDT	SGSINYEK
PKALYLT	YSNNEKY
L	W
PTVT	YYSYY
YQVD	NYWH
VYD	MHNK
Q	R
TQ	LGNMD
EM	SYH
T	Y
M	T
EGL	RSTYL
RD	SYRH
HDILS	YNYEYQK
K	R
DKM	GGGVY
A	R
L	Y
IPL	ASART
DA	SST
R	Y
R	R
YDI	PSGYVSLYY
L	EI
LDNM	HSIRSRR
IL	ASS
KEK	WNKE
A	PQ
GHK	GNN
N	Y
NRT	YSQ
R	GS
YGR	SNSWY
L	R
LND	SDY
RSLDG	YSYSGSY
N	R
YK	WD
S	D
DDY	SYMY
YSDKRRNLI	WYQKGSSRLLIY
YIIYI	DNLAS
INNEFPQ	GVPVREED
ERSK	WSTYPL
ETA	TVTGYST
R	W
K	W
TTPASTEEWT	TYSGTTDYNSKS
RRVP	ISIRTS
KNSKRR	YYGYWYDV
RK	WGQ
R	YY
SAFG	SNEDF
Q	T
VQS	HYGN
F	W
FQ	WINTHI
S	SHRFGL
DR	KY
R	Y
RSPS	YDNL
DK	TSS
E	Y
HDDHS	YSNGGSGY
VEFRS	RGGSSYW
F	HNY
L	Y
YWL	YTTT
YDN	GSGSG
DNL	HNY
NN	STHVR
KNDN	SYWH
T	W
KT	YR
N	I
NNN	IYFD
TFT	GTA
KE	LY
FTIE	SSNYT
QN	FSYY
D	T
TT	SY
AGE	YRSNY
AKF	ENYGSV
P	Y
NTQ	FLYS
K	Y
DTVC	VGFTL
CD	GY
KPQ	WSAGD
Q	R
CFTWKQ	PFSPWD
Q	Y
R	D
HW	WNV
GNW	NFAS
W	W
WHNS	AISSSDY
WNLTIQIH	AVVSSDIYYWSKF
QKR	SNYY
R	R
L	WD
D	Y
T	Y
RD	DDYTLD
RSN	YHW
H	K
WKD	YSNY
L	S
L	SYA
QLLTQIRA	GIIIFGTAN
K	E
WHEH	DNPTL
AAC	HNYN
EN	RY
C	L
AAE	WGTFI
K	K
NE	DDYH
AK	RDPA
N	R
EAN	GGLL
NG	TYVF
NPG	SYSYY
EEI	SYW
IRKD	FSDYN
E	R
GIEG	GARDTW
KKS	HSNNY
N	F
RNR	RSNLAS
KAT	HLEYF
SD	TT
IRT	SYWE
ARSK	ELYH
TEESR	ALALY
CGR	SSN
E	Y
R	H
K	YFW
G	DYA
EDG	YSYSNR
GRE	AGR
E	Y
V	F
ND	KL
M	F
KNYQD	QGYTS
QSM	SFW
DGD	NRS
K	S
QEK	FLGRDY
HHH	HNYE
H	Y
HHH	FGSHVF
HH	YN
H	DS
H	E
H	SG
G	GND
N	K
YT	YQ
RY	SNSWY
L	T
LNI	SDY
SDNG	YSYSGSY
N	N
SK	WD
KEEP	LPKNFY
R	Y
PKE	MDK
E	SNL
G	WY
EP	RN
GSRE	AGRFDHF
MT	WPP
MILVT	IILVH
RIQP	EAEGEYRN
K	Y
K	D
DS	WHF
N	T
KTS	SHWH
TFKEG	ENSNRN
SKIK	RDYDYGY
H	I
HF	QGY
TA	IGLR
D	G
P	Y
A	W
PSKDYA	EKGSPNYHPSLKS
TAV	RNWPL
AT	TYH
TN	LY
T	L
IA	ILR
G	T
GLG	DYV
A	W
GGK	EYGTSTY
IN	AFD
SQS	NKTY
SPT	SYNLR
I	DY
TIQ	FRNVNE
IQS	GSYW
REP	SYNF
S	Y
K	N
R	NN
SN	FS
SSG	AYS
SGC	WGDK
SVE	DGYYPY
K	W
PK	LSSY
Q	T
Q	NFG
TQLT	WINTYT
QQFT	GYYYGF
NGRK	QGNN
N	K
KT	YQ
RNY	SNSWY
R	T
NL	SDY
SD	YSASGSY
N	N
K	WD
LQQQV	TSIYY
V	Y
ALT	SREFF
T	W
TKII	RYDDAI
NSV	KTGDL
RD	TN
AGGD	ENYK
NDN	SKSG
R	W
G	Y
DEG	YFTEN
DSIDN	RGQLVN
FSDDS	HTNNY
D	K
QSMD	STIPW
RQ	YY
MVY	YSNY
EDQ	QGGA
E	SY
LQN	WNYF
P	Y
NTN	WFDNTE
G	WW
I	Y
R	FY
R	A
REDDH	ESSGGRYY
RFHG	GEVRQ
RR	SY
D	R
Q	GNTY
N	T
QNS	SGF
EA	YTYST
EATDN	RGFLVNYY
ND	FNY
QL	YR
NVTIVQT	LRSLYFWLS
PY	TSY
YP	WNW
Q	T
QY	TAGMQ
GQ	WINTR
GVY	EGPG
ENR	HSNNYE
D	K
WR	GSY
VW	NYAS
WPTAD	TISGGNIY
REW	ENYGSSF
L	Q
RAM	SYYSSPF
E	S
REQ	YSYSGYY
GTP	WYYGE
GP	HNY
T	STHV
P	W
PLK	RANEY
TN	SY
K	Y
NDK	HNSYR
N	Y
NDP	ENSYN
NLLN	IVMVFTDMRG
D	Y
D	R
RSE	HNNNY
E	K
RSH	GSVF
R	W
SKLH	MDSDEH
RRE	RYYGI
S	D
TRNA	QIYY
A	Y
LS	YDNLPY
LP	WR
TSL	RSY
V	F
FA	LY
VPF	YRH
T	T
TK	DY
HYRVPF	SNYVYPD
K	KY
N	Y
KAT	HGESW
K	IK
RTT	EYY
YQKDSKG	LDPEQNTIYQ
KP	DTAA
VS	YN
SV	LY
VV	YT
HSFN	QQGGALF
DN	NWH
N	EN
DS	SPSD
K	F
WN	NSW
FDN	RRKD
WFTLIRW	DEGTPVTFLEWGYFY
DKE	TLGDKY
K	D
KS	NG
K	WF
GK	SW
KGQ	EYNN
RS	HY
N	Y
DN	YT
QR	FFS
G	T
G	GY
GD	WGD
YSDN	RDYR
W	Y
T	Y
T	Y
DR	YNS
Q	T
RQ	DYG
QQA	WINTSN
RDIG	WYNR
E	VRS
K	S
N	Y
QL	SNGGY
INNLWLQG	IYNLMYYSTY
YN	VSTA
Y	S
YIEQ	HYSTPW
E	S
EKI	SYA
I	W
IFDE	TISSGGSYTSYK
LA	QDY
P	Y
P	Y
PQ	GHSFF
T	T
TSE	SNVH
SGHDP	YNYNTK
E	R
TES	NWDV
SYTH	YGDF
R	L
HYK	NNEDW
EM	DYYK
RMK	NNGTL
ER	GDGIHGG
GNH	NSGNY
NR	HY
QQ	TS
QSH	SFW
REQY	ELRRN
S	T
SDKH	GNTMVN
PP	TSY
YPS	WSW
H	W
ILH	RIDSGTA
SYPD	YYGG
DKPK	QSIGSS
E	Y
EKNP	SSSLF
D	T
LEQ	VYG
SLKGP	WYDDNY
E	R
QK	DLRTG
VMRL	SSSY
V	T
LK	FHR
RK	YS
KGRLH	SGYSH
LEG	YHY
HDRL	YRYDGW
QQQ	SQHSTYT
Q	E
QQQQQ	VGDTIF
QQQ	DYYY
Q	N
Q	GRGYVW
P	Y
R	Y
PEK	YSKF
T	S
EW	TSG
KWQ	WWDDR
QMFG	ITSVTDS
KE	DDKY
LE	RY
E	LK
KW	GTHFW
L	Y
W	Y
L	Y
LLW	GNYLAY
RN	DS
N	W
NTVSE	MGFTR
SN	TYG
NS	WY
T	R
CRNRN	PQWEEDI
Q	YSTVW
Q	T
QIH	NYG
KQIKH	WINTYTT
QHQRE	YPHYYGSSHW
WF	RR
K	D
KW	NW
FG	RTGESD
WKLLWTF	KYYDFWSGYPPGEE
A	W
AQT	HDSSY
TQVL	IIFIH
GRPPKCAQA	NDAPEEGMW
IE	GTSP
T	TS
M	M
QMPTTA	IFTYQR
IAKQRMP	PDWEGDSYD
K	D
K	E
YKN	SFNVL
TV	KG
TVDV	STGGYNY
VTKY	SSTSYA
NKP	YDGDY
PKT	SNDY
TR	LE
R	W
RFKTT	VNSGGTN
LKQ	WGDGYYA
R	I
RFLE	QDVNTA
E	A
FL	SSY
DWHE	YSGYK
E	R
DIGGE	SYYSYYY
PE	STV
T	Y
TPAC	SYYI
HT	YSY
EENQ	QGYTT
TEK	DYW
KQ	YGDD
E	K
TRVQK	DYYGSNY
L	S
E	S
LSDLM	FKRQKPI
GTDL	SYSH
M	W
MD	YSYY
DASL	TWYYF
N	V
T	Y
NAG	YEF
T	L
G	W
NAGWDGGDGR	WKRWGAVNYARQ
DTG	RVY
KKREKNA	YARDYYNW
N	Q
DD	SNN
D	T
DNY	WSNH
SE	DYNN
I	W
IERQLKT	VIKYGTTNQQ
GN	FD
I	Y
N	Y
N	YT
QR	FVS
G	T
G	GYG
GT	WGD
NNVG	RDYR
KRLFTE	ESSNYGIF
YET	KEVPY
ISPST	SRYYDK
KEE	YTL
KGLG	HRNNY
RL	LY
LR	LE
KG	GTHA
EYF	AVGVTF
QGK	NVA
D	RRTN
Y	A
DKLY	EVTD
SEK	SSYH
K	Y
K	DK
YKSEF	WSKHPL
Y	ST
ETF	GYTN
I	W
PYVIAFE	LITYNASSY
KKF	YDGRGF
VK	YD
K	W
V	Y
A	Q
VR	TRV
KAVV	LSDQCGFPEC
IQI	TSYY
WITN	IRELR
N	W
N	ER
WG	RGDAW
RDAS	DANY
GN	TN
AT	SH
SRG	SFQT
DGEQGN	SAHGGSY
GGTS	SRDHF
ATKNGITGIS	YHEGSGYYYRAG
RT	ISSW
ILTD	YAASYR
L	W
LFLKD	YGSSEWK
QLI	TDN
DK	RY
KG	GNTLW
D	ST
R	T
RGE	LNYKVT
RWSYLK	GYYGDDW
QV	YN
STRAD	FWGNW
AA	SG
DAKTEP	WWDVKRP
GAHSD	SVITTGY
GLK	GNN
N	K
KN	YQ
YR	SNSWY
L	T
KLW	SDY
RGWW	YSSFSF
KN	WD
NS	PEY
E	N
WDWQ	WSMV
L	N
L	SYA
QGLQLR	SIIIFGTTNY
WHQQH	YFDTYNY
QTGW	HSNNY
K	K
K	GY
M	S
MDK	SGH
DEDRE	HSSGSRT
W	GYD
DRR	DVNT
R	RG
RE	YY
RPCK	QGISNW
K	Y
E	GS
LFREG	QYSSFT
N	S
PTL	SYAS
L	W
LTEPQD	AINSQSY
N	N
KPKL	WDEF
VNR	AGYDVH
RN	QSYDSRG
Y	Y
NGRG	YGGSY
KTR	EGPGD
N	S
TDK	NEYW
DN	SYW
KNK	NYDY
KY	DNYG
LI	HY
N	Y
N	YT
QI	FWS
G	T
KG	GYG
GD	WGD
GVAN	RDYR
WKSY	EDYR
NKE	YWSTW
DV	YG
NVKE	WWDDYYP
VY	RYGNH
KYG	DDGKYN
GE	RY
GDN	LRDS
KT	GSHQ
K	TT
VTTT	NYGMN
TQVL	WNTFT
TE	GTD
YNTEP	YSSNKF
E	W
P	FR
TD	PT
TP	AY
PDNY	WGDN
RVC	DPYGS
Q	Y
NWF	YGSSPS
LWW	SYAIS
F	W
WLLF	GIIIFGTN
A	K
FWT	ELGKPGF
DQ	SSW
T	K
QL	YNY
V	SYY
DMY	RYSGS
VDIW	EEHITFG
CT	WP
MKKT	IILDVH
RIKPQM	GEEGEYDN
L	S
LL	FKRQKPI
TAL	SYSH
M	W
MDS	YSYY
ALL	TWYYF
K	D
E	R
Q	K
EGKNKQ	SWNGPL
E	Y
Q	W
NEEF	YNNSYTN
NQQE	VPGNNW
LHV	FGSS
P	K
H	YE
RN	SHSWF
EG	FI
GEQ	NHW
YQGE	RSSIHK
E	R
PYPE	YYGSD
QK	YY
RE	VT
P	T
P	N
ETLSA	WNYTGEPT
SL	LET
KETFE	ENLWGNYNW
IR	AIDEY
R	S
PY	YVGSS
GM	FY
AGKY	VDITEY
AYMA	TYGY
D	Y
N	R
R	K
YD	DH
DRR	DAN
YGGMDD	KVIYYQGR
QW	FA
W	YLY
WQ	QFWGF
PD	IYA
PD	RRSSN
PTW	QMGD
KD	DI
N	Y
RGD	YEF
A	Y
N	W
NVDGSDGT	WNSGGTNYAQQ
D	R
DKN	EDW
P	Y
PDNI	RNNQRPS
LPH	GDK
I	NL
P	Y
IE	GNS
ELS	GYY
Y	TS
FRH	TYY
SR	GSST
E	GLGRI
T	I
T	Q
NRT	LQF
V	T
A	IF
N	W
ATDIGSGRK	WKQYGAVNFGGGRD
RGG	RVY
DKANK	GDSSW
K	Y
E	Y
EN	TT
KED	YDTYW
KT	ST
TED	SFWH
DGTKGE	MDPSEKR
D	M
DFTE	VRRY
VQ	SSSY
H	Y
NH	TRT
NFM	YGTSAI
LLR	QVGYT
RLFM	ELPH
M	W
MFR	SFDPEESI
L	V
LLRN	PDPDAI
I	H
IG	YLY
G	I
II	QSDL
I	S
I	W
IKR	HFWDDR
IHP	EGYI
N	P
ET	VYST
AE	GH
AY	HH
E	R
YAI	DFRY
D	E
HLR	QSY
FLDD	RSNWL
E	K
EDR	WSTGQ
ELLR	SGYRD
KT	STF
K	Y
KQT	DSTR
QK	GR
R	N
S	Y
A	P
SP	WSW
P	F
RPP	NYW
A	R
PRT	VGQY
NGK	QGNN
N	K
KN	YQ
YGRS	SNSWY
R	T
NK	SDF
RGWDN	YSYSGSY
N	N
KK	WD
W	DI
WY	QH
Y	Y
YGSKL	QQTDSWPT
Y	N
G	W
YRQ	REN
QTIY	RYDPYYAM
NN	EIV
T	SY
NN	LEF
KA	ELH
G	W
NTGGGDSAGG	WKVTGAVNFGSPR
GGG	RRD
KKNA	YTGGGW
S	Q
DG	RSY
GT	DK
YSG	RSSY
D	YS
HLML	RYWH
L	W
LIERSK	AYNDTSYQE
YLE	DYGY
Q	W
Q	Y
N	QEFT
ID	MY
IQGK	LGGYFR
G	W
GF	DYY
LKP	FAN
TMGL	VYGNYP
ER	KY
R	HN
L	Y
RK	WWDVR
RF	DYD
PG	HNYY
G	R
P	HLY
R	T
RGG	SGYY
PR	YD
L	S
E	S
LSL	FKRPI
TL	SYSH
M	W
LDM	YSYY
DATLL	TWYYF
QS	SNS
HP	NNT
T	Y
YT	LY
NT	DT
YTL	RGWP
E	H
YL	SYHH
E	R
YINTYLT	GLSRDNSGFTGLD
NTTV	GLVYIDG
S	S
TDQ	THW
DA	YNN
VLW	HIL
G	Y
D	H
ADI	YTP
RM	YDLR
P	I
PT	NY
HMPV	WNNT
HTG	DNPYY
HIQ	SYS
QH	AA
H	S
Q	SAS
H	D
HIQM	YAYGY
RQH	YSY
Y	F
DD	DDR
Y	P
GVP	SGSDFI
VF	SNRWF
RDF	NWQ
F	W
FRDRM	AYRDDK
FYPD	ALYY
ICIWT	TSGYY
TN	IRELR
G	W
GN	MR
WN	RGDAW
RVF	HTDGTY
K	E
RGG	NIQLW
R	TFT
VT	SYG
GSVSR	WSYSN
R	T
TQHFR	EGSSSSGDYYY
EV	SY
VEQ	GSSIPF
DY	WGGGTY
KY	ASYN
SVD	YNR
Q	S
H	S
R	W
K	NY
K	T
VESLD	AGIRWW
A	RE
AVI	MSSYL
F	TT
FVI	GNA
VIVF	WINHSDTT
IGA	YNEA
D	SH
D	Y
DNWE	SNTWY
H	W
HRF	DSDY
MHDD	YGYY
GKY	TYK
YLK	FFG
S	GS
NSWS	SHYCLDC
K	L
SD	SFW
L	YSRGE
SLWEK	FQPSFTLTSY
R	D
LK	SN
V	Y
KAHRG	SNWPR
RN	SYGH
HY	WD
N	R
NVG	EPPY
PQ	SY
QF	GNY
RD	FTFS
DF	SA
FDFN	AISGSGGSY
R	N
DYHVIFDFTQ	TYPQRRGPQNV
KRSST	ESSNYGIF
RERT	KEVPY
ISSIT	SRSYYK
KAR	GYT
D	I
TR	IE
A	N
N	W
TAWMGGSGD	WKKFGAVNYAHQ
DQG	RIY
DKNN	DGSW
T	Q
NGA	YEF
G	I
G	W
NTNIDGSDAG	WKRFGAVSYARQQ
DG	RY
KEKAN	ARDYYNW
VREQE	DIGNY
E	T
EKT	GSRSG
R	Y
F	Y
H	R
TYKFE	FYYSRR
PQ	GSYV
QPPF	TWGAGIL
QF	AMS
F	WS
FP	GISGSY
QQ	FSGKD
D	SY
NDTI	HNSYR
N	Y
DM	ENSYN
NSSNK	IVMVFTDRG
R	DI
R	E
DR	YSISDI
EI	NY
EIQ	YGGRIF
IIID	FAVVGTYSTY
PR	SN
RPNF	WDSN
R	YSGY
YP	NI
PRF	QYNY
RTY	YLSSY
E	TS
E	S
EES	SSGGNYY
VEGTF	AYSGSS
N	NY
NNG	YEF
A	Y
G	W
LDGSRGGDR	WNSGGTNYAQKQ
D	R
DN	EDW
QN	TN
P	Y
WP	WY
Q	GS
ANLQ	YNYL
RTQ	DYAS
Q	W
QRAE	YTYNIK
R	R
RQ	GVD
ATQK	WDSIN
AK	YYD
DDNEE	NYGIF
RD	SKEVL
ER	WH
RL	EN
EETE	WGSPY
KKK	DDD
K	EG
K	Y
KE	SNL
T	I
GK	GYY
KGT	ENPRT
EE	RINWA
R	I
RVS	QGRD
SMRD	HNSYR
G	S
GK	SW
DQGKD	EYHSSTNK
KS	DDDL
KR	DI
N	Y
DGG	YEF
V	T
A	FY
G	W
ARGDIGNDGR	WLTSQPSYPSQ
DNT	RTF
AK	RD
NGK	SSNN
N	K
KN	YQ
R	SNSWY
R	T
NK	SDV
RDLS	YSYSSY
S	W
Q	R
D	Q
PA	WDSV
QR	TT
P	SY
DRP	DNYN
DP	DRGYY
PLH	DKY
ILFY	WDAGTL
KRY	DSW
IKY	IYDDH
IRPHS	LLQSSN
EEP	YNKY
LPK	GTF
LL	DYAN
KVN	YTY
LL	YDDY
DRDF	YSYT
F	YLY
R	N
FDW	HYGR
HW	GM
R	YWDDR
FP	YGSVD
K	NKY
KQ	YP
KE	YDNW
KKK	QVGNIK
KE	DTY
KTKN	RDPAN
KYFNQFKK	EYYGNYGVYY
