X 8 X	X X
X 56 X	X 2 X 2 X
X X X	X X 1 X 1 X
X X	X 1 X
X 181 X	X X
X 94 X 2 X 98 X	X 1 X X X 1 X
X	X
X 44 X 1 X 47 X 96 X 3 X X	X 1 X X X X X X X
X 59 X	X X X
X	X
X	X 2 X
X 4 X 1 X 1 X	X X X X 1 X
X	X
X 2 X 65 X	X X X
X	X
X X 69 X X 2 X 6 X 71 X	X X X X X X X X 1 X
X 66 X 2 X 1 X 66 X	X X X X X
X 2 X 27 X 25 X	X X X 1 X
X	X
X 1 X	X 2 X 1 X X
X 1 X 44 X	X X X 1 X
X 48 X	X X
X	X X X
X 49 X 51 X 55 X 33 X	X X X X X X 1 X
X 2 X X X	X 2 X 1 X 1 X
X 3 X	X 2 X
X 2 X	X 2 X 1 X
X X X	X 1 X X X X 1 X
X	X
X 5 X 1 X	X X X 1 X
X	X
X X 3 X	X X X 3 X
X 1 X 2 X X	X X X 1 X
X 1 X 1 X X 1 X	X X X X X X
X	X
X	X
X 2 X 1 X 3 X	X 1 X X X 1 X 1 X 2 X
X 2 X 1 X X	X 4 X 1 X X 1 X
X 2 X 1 X	X 2 X 1 X
X 2 X	X 1 X
X	X
X X 2 X X 6 X	X X X 1 X 1 X X X
X 7 X 5 X	X 2 X 1 X
X	X
X	X
X	X 2 X
X 3 X	X X X
X	X
X X	X X
X 1 X	X X X
X 94 X 98 X	X X X X
X X 39 X	X X 1 X X 1 X
X	X
X	X 2 X
X 6 X 2 X 3 X	X X X X
X 3 X	X X X
X 59 X X 1 X X	X 1 X 1 X 1 X X X
X 2 X	X X X
X 2 X 1 X	X 1 X 1 X 1 X
X 1 X	X 9 X 2 X
X	X 4 X
X 1 X X	X 1 X X 1 X 1 X
X	X 24 X
X 5 X 2 X	X X X X X
X 1 X X	X 1 X X 3 X
X X	X X
X 2 X X	X 5 X X
X	X X
X X	X 1 X 2 X
X	X
X X 3 X	X 1 X 1 X
X 2 X	X X X X 3 X X X
X X 4 X 9 X	X X X X X X
X	X X
X 1 X	X 1 X 2 X
X 113 X	X X 1 X
X 2 X 6 X	X X X X X
X 2 X 3 X 10 X X	X X X X X X X X 1 X
X	X
X 7 X 8 X	X 1 X X 1 X
X	X
X	X
X	X 2 X
X 85 X 57 X	X X X X X 1 X
X	X
X 29 X 1 X	X X X 1 X
X	X
X X 26 X 152 X 3 X 5 X	X X X X X X X X X 4 X
X 2 X X 1 X	X X X X X
X	X
X 3 X 13 X	X 1 X X 2 X
X 282 X 284 X	X X X X 1 X
X	X
X 32 X 34 X	X X X
X 61 X	X 1 X X X 2 X
X 33 X X 1 X 28 X 63 X	X X X X X X
X 126 X 2 X	X 2 X X
X	X
X X	X 2 X
X	X X
X 76 X 78 X X	X X X X
X	X
X	X X
X 73 X X	X 3 X X X
X X X 82 X	X X X X
X	X
X 1 X 18 X	X X X X
X 1 X	X 1 X
X 18 X	X X X
X 21 X 18 X	X 1 X X 4 X
X X 23 X	X X 1 X
X 2 X 1 X	X 1 X X
X	X
X	X X 2 X
X 37 X X	X X X X X X
X	X
X 1 X	X 1 X
X	X
X 2 X 57 X 3 X	X 1 X X X 1 X 1 X X
X	X
X 1 X X	X X X
X	X
X 19 X 1 X	X X X X
X X	X X
X 3 X 56 X 1 X 7 X	X X X 1 X 1 X
X 1 X X 64 X 47 X	X X X X X
X 145 X 18 X	X X X X
X	X
X X 6 X	X 1 X X X X X
X	X
X 36 X	X 1 X
X 2 X 64 X 37 X X 29 X	X X X X X X X X X
X	X
X X 1 X 10 X	X 2 X X X X
X	X
X 2 X 22 X	X X 24 X X 1 X
X 22 X	X X
X	X
X	X
X 20 X X 5 X	X X X X X X 1 X 1 X
X X	X X
X 182 X X	X X 1 X X
X 1 X X 1 X 146 X X 178 X 1 X 7 X	X 1 X X X X X 1 X X X X X
X X 40 X	X X X X
X X	X 1 X X X
X	X
X 145 X	X 1 X 1 X
X 2 X 1 X	X X X 1 X 1 X
X 19 X X 1 X 2 X	X X X X 1 X X
X	X X X X
X	X
X X X X	X X X X X X
X 2 X	X X X
X	X
X 5 X 55 X X 60 X	X X X X X X X X X X X 4 X
X 61 X	X X X
X	X X
X 1 X 181 X	X 4 X X
X	X
X X 147 X 57 X 3 X 89 X 1 X 6 X	X 1 X X X X X X X X X X X 1 X
X	X
X 378 X 184 X 2 X 1 X	X X X X X X X
X X 59 X X	X X X X X X
X	X
X 2 X X 1 X	X X X X
X 1 X	X 1 X
X X 26 X	X 1 X 1 X X X
X 57 X 23 X 34 X 61 X 59 X	X X X X X X X
X	X 1 X
X	X
X 6 X	X 1 X
X 181 X 183 X	X X X
X 179 X 1 X	X 4 X X
X	X
X	X
X	X
X 192 X 104 X 2 X 4 X X 91 X X 2 X 7 X	X 1 X X X X X X X X X X X 1 X
X	X
X X 1 X	X X X
X 2 X X	X 2 X X X
X	X
X 72 X	X 2 X
X X 1 X 78 X	X X X X 1 X
X	X
X 1 X 21 X	X X X
X X X 81 X	X 1 X X X X X 1 X
X	X
X 2 X	X X
X	X
X	X
X	X
X 3 X X 3 X	X X X X X X
X	X
X 16 X 9 X	X 1 X 1 X
X 7 X 6 X 2 X	X 1 X X X 1 X 1 X 2 X
X 9 X X 1 X	X X X X X
X	X 3 X X
X	X 1 X
X 32 X X	X X X 1 X
X X 65 X 1 X	X 1 X X X
X X 1 X	X X X 2 X X
X	X
X 27 X 3 X	X X X X
X X 9 X 8 X	X X 23 X X X
X 7 X 11 X	X X X
X	X
X 13 X 3 X X 17 X	X X X X X X X X
X X	X X
X 7 X	X 4 X
X	X
X	X
X X X 27 X	X X X X X X
X 2 X X 2 X	X X X X X
X 42 X 1 X 13 X	X 1 X 1 X 1 X 1 X
X 9 X 8 X X	X X X X X
X	X 1 X
X 1 X X	X X X X 1 X
X	X
X	X
X 86 X X 3 X 86 X 1 X X 93 X	X 2 X X X X X X X X X 2 X
X 61 X	X X
X 191 X 190 X 1 X 2 X	X X X X X X X
X 6 X	X 1 X
X	X
X X	X 2 X
X	X X X
X	X
X	X X
X	X X X
X 16 X 1 X 99 X	X X X X
X	X 1 X
X X 3 X 4 X	X X X X 3 X X
X X	X X X
X	X
X 1 X	X X X 1 X 1 X 1 X
X X X	X X X X 1 X X
X 68 X	X 1 X X
X 1 X 1 X	X X X
X	X X
X	X
X 2 X	X X 1 X 1 X
X 2 X 3 X	X X X
X 3 X 2 X 1 X	X 1 X 3 X 1 X
X 3 X 1 X	X 1 X X X X
X	X
X	X
X 181 X X	X 4 X X
X	X
X	X
X	X
X X 191 X 101 X 2 X 1 X 91 X 92 X 95 X 3 X	X 1 X X X X X X X X X X X 1 X
X 61 X 306 X	X X X
X 184 X X X	X X X X
X X	X 1 X
X 3 X	X X X X 1 X
X	X
X 40 X	X 1 X 3 X X X
X 5 X	X X 1 X
X 2 X X	X X 1 X
X 51 X	X X X X 1 X
X	X
X 1 X X X 5 X	X 1 X X X X 1 X 1 X
X 46 X	X 2 X 1 X
X	X
X X 17 X	X 2 X 1 X
X	X
X 1 X	X 1 X
X 5 X 7 X	X X X
X 40 X 38 X 26 X 2 X	X X X X X 1 X X X 1 X
X 24 X 141 X 27 X 138 X	X X X X 21 X
X X 13 X 15 X	X X X X X X
X 79 X	X X X
X	X
X 2 X	X 2 X
X 3 X 4 X 78 X	X X X X 1 X
X	X
X 12 X 21 X	X X X
X 80 X 38 X 37 X	X 1 X X X X X 1 X
X X	X X
X 5 X 6 X	X X X 1 X
X	X
X	X
X X	X 2 X X X X X
X	X
X X	X X X
X	X
X 12 X X	X 1 X 1 X 1 X 1 X
X X	X 4 X X X X X X
X 1 X	X 2 X 1 X 1 X
X	X
X 3 X	X 5 X
X	X 1 X
X	X X
X X	X X X 1 X X
X 41 X 42 X 48 X	X X X X 1 X X
X 32 X	X 4 X
X	X
X 2 X X	X X X X 1 X
X 36 X	X 1 X
X 36 X 34 X	X X X
X 2 X	X X 4 X
X 35 X 12 X	X X X X X
X	X
X	X
X	X
X 3 X 2 X	X X X X
X 52 X 51 X	X X X X
X 3 X 2 X 3 X	X X X X X X 3 X
X 1 X X	X X X X X
X	X
X	X
X	X
X 1 X	X X
X 2 X 37 X	X X X X X X X
X	X
X	X X X
X	X
X 126 X 2 X	X X X
X 2 X X 63 X 2 X X	X X X X 1 X X X
X	X
X 97 X X	X X X X X X
X X	X 1 X 1 X 1 X
X 3 X	X 1 X X 1 X 1 X
X X	X 1 X
X	X
X 10 X X 10 X	X X X X X X X X X X
X 2 X X 4 X	X X X X X X X X X
X	X
X	X
X 1 X	X 2 X
X X 21 X	X X 24 X X 1 X
X 53 X	X X X
X 169 X	X X 1 X X
X	X
X X 169 X 165 X X 6 X	X X X X X X X 1 X 1 X X X
X 3 X X	X X X X X X
X 5 X 2 X	X X X X X X X X
X	X
X 83 X X 79 X	X 1 X X X 1 X
X 1 X 2 X	X X X X X
X 5 X	X 4 X
X	X
X 1 X X	X X X X 1 X
X 24 X 7 X	X X 1 X
X X 68 X 35 X 3 X 54 X	X 1 X X X 1 X X X
X 57 X 82 X 1 X	X X X X X
X	X
X X X	X 9 X 2 X
X 5 X	X 4 X X
X	X 1 X 4 X
X	X 24 X
X 5 X X	X X 1 X
X 1 X	X 5 X
X	X
X 1 X 1 X 1 X	X X 4 X X
X 2 X	X 1 X 1 X
X	X 2 X
X	X
X 2 X 1 X	X X X X X X X X
X	X X
X 8 X	X X X
X	X 7 X
X 1 X 2 X 3 X	X X X X
X 1 X 4 X 47 X X 41 X	X X X X X X
X	X
X 61 X 57 X 2 X 2 X	X X X X X 1 X
X 6 X	X X X
X 2 X X	X X X X 1 X
X	X
X 93 X	X X X
X	X
X	X
X 3 X 30 X 27 X	X X X X X 2 X
X 6 X 27 X 28 X 1 X 256 X	X 1 X X X X 1 X X X
X	X X
X 3 X	X X 3 X
X	X
X 2 X 2 X 6 X	X 1 X X X 1 X X X
X 96 X 97 X	X X X X X X
X	X
X	X
X 11 X 10 X	X 1 X X X 1 X
X X	X X X
X	X
X 2 X 21 X 1 X X 2 X X	X 1 X 3 X X X X X X 2 X
X 140 X 166 X 22 X	X X X X X
X 102 X	X 1 X
X 80 X	X 4 X
X 1 X 179 X	X X 4 X X
X	X
X	X 1 X
X	X
X 193 X 44 X 42 X 100 X 5 X 91 X 90 X 96 X 3 X	X 1 X X X X X X X X X X X
X 242 X	X X X
X 2 X	X X X X
X	X
X X	X X X 1 X
X 1 X 4 X 9 X 1 X	X 1 X X X X
X X	X 1 X
X 1 X	X X
X	X
X	X
X	X
X 3 X 2 X	X X X X
X 4 X 8 X	X 1 X X
X 1 X X 1 X	X X X X X
X X 21 X	X X X X X
X	X
X 15 X	X 2 X
X	X 2 X
X X X	X X X X 1 X
X	X
X 2 X	X 1 X
X 5 X 2 X 6 X	X X X 1 X
X 4 X X	X X X X
X 3 X	X 1 X 1 X 1 X
X X 2 X	X X X X X X 1 X
X X	X X X
X	X
X X	X X X 5 X
X X 3 X	X 2 X X X
X X	X 1 X
X 6 X	X X X
X 3 X 6 X	X 1 X X X X 4 X
X 6 X 3 X	X X X X
X 3 X	X 1 X
X 2 X	X X X X X
X	X 1 X
X 15 X	X X X
X 55 X 4 X 59 X	X 1 X X X 3 X
X 1 X X	X X X X
X 126 X 2 X	X 2 X X
X	X
X X	X 2 X
X X	X X
X 1 X X	X X X X
X 1 X	X X X
X 27 X 28 X	X 3 X X X
X 7 X 1 X	X X X X
X X	X 1 X
X X	X 9 X 2 X
X	X 4 X
X	X 4 X
X	X
X 1 X 2 X	X X X 1 X
X	X 9 X
X	X 1 X 1 X 1 X 1 X
X	X X
X 1 X	X X 4 X
X 1 X	X 2 X
X 1 X X	X X X X
X 73 X	X 1 X
X 36 X	X X X
X 36 X	X X
X 3 X 77 X	X X 20 X
X 42 X 45 X 44 X	X X X 1 X X
X	X
X 71 X 28 X X 47 X 90 X	X X X X X 1 X
X X 1 X 3 X	X X X X 1 X
X	X
X X 38 X	X X X 1 X
X 38 X 1 X 34 X X 14 X 1 X	X 1 X X X 1 X X X 5 X
X 38 X X 68 X 28 X	X 2 X X X X 1 X
X 136 X 1 X	X 2 X X 1 X
X	X
X 127 X	X 1 X
X	X
X 4 X 1 X X	X 1 X 1 X X X X X
X 3 X 1 X 32 X	X X X X
X 1 X	X X 1 X
X 1 X 1 X	X 3 X X X
X 1 X	X 1 X
X	X
X 1 X	X 7 X
X 8 X X 1 X X X	X 3 X X 1 X X X X X X X X 1 X
X 27 X X 3 X	X 1 X X X X
X 27 X	X X
X	X
X 26 X X	X X X 1 X
X 21 X 3 X	X 1 X X X 1 X
X 20 X 28 X 24 X	X X X X
X 41 X X	X X 1 X
X 10 X	X 2 X X
X	X X 1 X
X 167 X 21 X	X X 1 X
X X	X 1 X 1 X 1 X
X X 53 X 54 X 55 X 34 X	X X X X 1 X X
X	X 1 X 1 X
X 1 X	X X 1 X 1 X
X	X
X 3 X	X X X X X
X	X
X 1 X 1 X 4 X	X X X X X 1 X X 1 X
X 1 X 7 X	X 1 X X X X X
X 128 X 2 X 2 X X	X X X X 1 X
X 5 X	X 1 X X
X 2 X 111 X 4 X	X X X X 1 X
X	X
X X 90 X 83 X 2 X	X X X 1 X X X 5 X
X X 114 X 115 X	X X X X X 1 X
X 2 X 99 X X	X 1 X X X
X	X
X	X
X 2 X 3 X X	X X X X 1 X
X	X 1 X
X 2 X 52 X X 44 X	X X 1 X X X 3 X
X X X	X X X X X
X	X
X 3 X	X X X
X 7 X 6 X	X X 1 X X X 1 X
X 2 X	X X X 1 X
X 2 X	X X X X 1 X
X	X X X
X 1 X	X 1 X X X 1 X
X 2 X 4 X 3 X	X 1 X X X X
X	X
X	X
X	X
X 30 X 27 X 181 X	X X 23 X X X 1 X
X 210 X	X X
X 222 X	X 1 X 1 X
X 29 X	X 20 X
X 11 X 19 X	X 1 X 1 X X 1 X
X X 3 X	X X X X
X X	X X
X 2 X X	X 2 X 1 X
X	X 1 X
X 2 X	X 1 X
X 3 X 1 X 2 X	X 1 X X X 1 X 1 X
X X 3 X 3 X 2 X	X 3 X X X X X X X X X
X 10 X X 4 X 40 X 4 X 17 X	X X 1 X X X X 1 X 1 X
X	X
X 32 X 34 X	X X X X 1 X
X X 1 X X	X X X X X
X	X
X 3 X 142 X	X X X 1 X 1 X
X X	X X X
X 84 X	X 1 X
X 4 X	X 1 X
X X X	X 1 X 1 X 1 X 1 X
X 2 X 55 X 109 X 11 X 71 X 7 X	X 2 X X X X X 2 X X
X	X 1 X
X 5 X	X 2 X
X X 3 X	X 2 X X X X
X	X 4 X
X 40 X 35 X 39 X 2 X 9 X 29 X	X X X X 20 X X X X 1 X
X X 2 X	X X X 1 X
X	X 1 X
X 4 X 23 X	X X X 20 X
X X 11 X	X 5 X X
X X X	X X X
X	X
X 187 X	X X X X
X X 2 X	X X X 2 X 1 X
X	X
X 180 X X	X 4 X X
X	X
X	X
X 2 X 143 X 1 X 56 X 2 X 4 X 89 X 1 X X 93 X	X 1 X X X X X X X X X X X 1 X
X	X
X 376 X 1 X 184 X 2 X 1 X	X X X X X X X
X X 35 X 2 X	X X 1 X 1 X
X	X
X	X
X 1 X X 1 X	X X X X 1 X
X	X X X
X 16 X 2 X	X 5 X 1 X
X 18 X 2 X 2 X	X X X X
X 2 X	X X X 1 X
X X 222 X	X X X X X
X	X X X
X 179 X 177 X 175 X 1 X 174 X 170 X	X X X X X X X X 4 X
X 2 X X	X 2 X X X
X 4 X X	X X X X 1 X
X 2 X X 1 X	X X X X 1 X
X	X
X X	X 1 X X X 1 X 1 X
X X	X 1 X X 1 X
X X	X X
X 1 X 2 X	X X X X X X 1 X
X X	X X X
X	X
X 2 X	X X X X X 1 X X 1 X
X 4 X 1 X 6 X X	X X X X X X
X	X
X 73 X X	X X X X X
X	X X
X 1 X X	X X X X X
X 12 X	X X
X	X
X 1 X X	X X X X X 1 X
X	X
X 6 X 2 X	X 5 X 1 X X 1 X 2 X
X 10 X	X X X X
X X	X 1 X
X X 1 X	X X 1 X X
X	X X
X 55 X	X 1 X
X 1 X X	X X X X 1 X
X 1 X	X 1 X
X 82 X	X 1 X 1 X
X 78 X 13 X 11 X	X 1 X X X 1 X
X 1 X 77 X 4 X 81 X	X 1 X X X X 3 X
X	X X X
X	X
X	X X
X X 87 X	X X X 1 X X 1 X
X X 23 X	X X X X X
X	X
X 23 X 1 X	X X X X 1 X
X	X X X
X X	X X X 2 X
X 3 X 5 X 21 X	X 2 X X X
X	X
X 155 X 154 X	X X X X 1 X
X	X
X 154 X 37 X 29 X 31 X 28 X	X 1 X X X X X X
X X 50 X	X X X
X 153 X 2 X	X 1 X X X X 2 X
X X X 1 X	X 1 X X 1 X 1 X
X X	X 9 X 2 X
X	X
X X 3 X 2 X	X 1 X X X X 1 X
X	X
X 10 X 7 X	X 1 X 1 X
X 9 X 12 X 13 X	X 1 X X 1 X 1 X X X
X	X
X 2 X X	X 1 X X 1 X X
X X	X 3 X
X	X
X 40 X	X 1 X
X 2 X 1 X	X 1 X 2 X X 2 X 1 X
X 7 X 2 X X 5 X 2 X	X X X X X X X X X X X X 1 X
X 2 X	X X X X 1 X
X 1 X	X X X X 1 X
X	X
X 2 X 1 X 1 X	X 1 X X X 1 X 1 X
X 1 X	X 4 X 1 X X 1 X
X	X
X X	X 2 X
X X	X X X X 1 X
X 35 X	X X
X 1 X X	X X X X X 1 X
X X 2 X 13 X	X X X X X
X 189 X 190 X 109 X 1 X 231 X 4 X	X X 1 X X X X X X X
X	X X
X X 109 X 1 X	X X X X 1 X
X 16 X 143 X	X 1 X 1 X
X 135 X X 3 X 1 X	X X X X X X X X
X X	X 1 X X
X	X
X	X
X 36 X	X X X 1 X 1 X
X X 1 X 46 X 51 X 53 X 2 X 47 X	X X X X X X X X 2 X
X 1 X	X 1 X
X X	X 2 X
X 2 X 3 X	X 2 X 1 X
X	X
X 1 X X	X X X
X	X
X	X
X 3 X 5 X 1 X X 5 X	X X X X X X X 2 X X 1 X X
X 31 X 2 X X	X X X 1 X 1 X
X	X
X	X 2 X
X X	X X X X 1 X
X	X 1 X
X 36 X 128 X	X X X
X 90 X 92 X X	X X X X 1 X
X 2 X 80 X X	X X X X X X
X X 2 X 1 X	X 1 X 1 X 1 X 1 X
X 1 X	X 12 X
X	X 2 X
X X 1 X	X 1 X X 1 X 1 X
X	X
X	X
X X	X 1 X 3 X 1 X
X 1 X X	X X X X X
X X	X X X X
X X 1 X	X X X X
X X 30 X	X X 1 X
X X	X X X
X 2 X	X X X
X X 101 X 2 X	X X 4 X X
X	X 9 X
X	X
X 11 X	X 1 X
X 7 X 3 X	X X X 1 X
X	X X
X 2 X 3 X	X X X 3 X
X	X 1 X
X 22 X 1 X 27 X	X X X X 1 X
X 58 X 48 X 1 X	X X X 1 X
X	X
X 1 X 1 X 14 X X 8 X	X X X X X 1 X X X X
X 49 X	X X X X X
X	X
X 1 X X 2 X	X X X X X X
X X X	X 5 X 1 X 5 X
X X	X X X
X 1 X	X X X X X
X 1 X	X X
X	X
X 2 X	X 2 X
X	X
X 3 X	X X X 1 X 1 X X X
X 2 X X X	X X X X X 1 X
X	X X X
X	X
X	X 7 X
X X 1 X X	X X X X
X 1 X 1 X X	X X X X 1 X
X X	X X X X 1 X
X	X
X X	X 1 X X X 1 X 1 X
X X 1 X	X 1 X 2 X
X 1 X	X 1 X 1 X
X 13 X	X 2 X
X 20 X 4 X X	X 2 X X X X
X 2 X	X X X X 1 X
X 1 X 6 X	X X X
X X 40 X	X 1 X X X X X X 1 X
X 5 X 10 X 12 X	X X X X 2 X
X 1 X	X 1 X
X 2 X 24 X	X X X X 1 X
X	X 1 X
X 5 X 1 X	X X X
X 1 X 20 X 21 X	X 1 X X X X X X 1 X
X 27 X 26 X 2 X	X X X 3 X
X X 2 X	X X X
X	X 1 X
X 29 X	X X X
X X 35 X 33 X X	X X X 1 X 1 X
X	X
X 6 X 3 X X 1 X	X X 1 X 1 X X X X X
X X 3 X	X X X 1 X
X 23 X	X 2 X
X	X 2 X
X 4 X	X 1 X
X 24 X	X 1 X
X	X X
X 31 X 88 X	X X X 3 X
X 53 X	X 21 X
X X 19 X 54 X 3 X 76 X	X X X X X X X X X
X 1 X	X 1 X 1 X
X X	X X X X 1 X
X	X X
X X 30 X	X X X
X 2 X X X	X 2 X X 1 X 1 X
X	X
X 32 X 31 X 29 X X 2 X 2 X	X X X X X X X X X X
X	X X
X	X
X 53 X	X 2 X
X	X
X 2 X X	X X 1 X X X
X	X
X 30 X 29 X 1 X	X X X 3 X
X 39 X 38 X 58 X	X X X X X
X	X 1 X 1 X
X X X 3 X	X X X X 1 X
X	X
X	X
X 4 X 9 X	X 1 X 1 X 1 X 1 X
X X 3 X	X X X X X
X 114 X 107 X 106 X 104 X	X X X X X X
X 3 X X 101 X	X X X X X
X	X
X 1 X X	X X X X 1 X
X 3 X	X X X 1 X
X 4 X	X 2 X
X X 2 X	X X X X X
X 4 X 1 X	X 1 X 1 X 1 X
X	X
X X	X X X X 1 X
X 2 X 4 X	X X X 1 X
X	X
X 1 X	X 1 X X 5 X
X X 1 X	X X X X X X
X 2 X	X X X X 1 X
X	X X X X 1 X
X	X
X	X
X 3 X X 1 X 6 X	X 1 X X X X X X 1 X
X	X 1 X X X
X 187 X 182 X	X X X
X 1 X	X 1 X X X X
X 181 X	X 4 X
X	X
X	X
X	X
X 27 X 58 X 2 X 86 X 1 X 4 X 5 X 1 X	X 2 X X X X X X X X X X 1 X
X 62 X 305 X	X X X
X 373 X 2 X 175 X 1 X	X X X X X 1 X X X X X X
X	X 1 X
X X	X X X X 1 X
X	X 1 X
X	X 1 X
X X	X 5 X
X X	X 3 X
X 3 X	X 1 X
X 4 X 2 X	X 1 X 1 X X X 2 X 1 X
X 3 X 10 X X 1 X 6 X 2 X	X X X X X X X X X X X X X
X 84 X 143 X X	X X X X
X	X
X	X
X X	X X
X X	X 1 X 1 X
X	X
X 73 X 47 X 46 X	X X X 1 X
X X 69 X	X X X 1 X
X	X
X 180 X 42 X X X	X X X X X
X 1 X X	X 1 X 1 X 1 X
X 1 X	X X X X 1 X
X	X
X X	X 1 X X X 1 X 1 X
X X 1 X	X 1 X X 1 X
X	X 1 X 1 X
X	X
X X	X X X
X	X
X 1 X 5 X 2 X	X X X X X X 3 X
X X X X 50 X 2 X 41 X	X X X X X X X X X X
X	X
X X 3 X 5 X	X X X X X X
X X 2 X	X X X X X
X	X
X 1 X 6 X X X	X X X X 3 X X X X X X 2 X
X 3 X X	X X X X X X
X 3 X 48 X	X X 1 X
X	X 2 X
X 53 X	X 2 X
X 2 X	X 2 X 1 X
X	X
X 1 X	X X X
X 2 X X 2 X	X 1 X X 1 X X
X 4 X 3 X	X X 4 X
X 10 X	X X X
X	X
X	X 2 X
X	X X
X	X X X 2 X
X	X
X 1 X X 15 X 41 X 27 X	X X X X X X X 1 X
X 10 X	X 1 X
X 1 X	X 2 X
X 3 X X	X 2 X X X X
X 4 X 21 X 23 X	X X 1 X 1 X
X	X
X 19 X 20 X	X X X
X 1 X	X X X X X
X	X
X 19 X	X X 4 X
X 47 X 48 X	X 1 X X 1 X 1 X
X	X
X	X
X 2 X	X X
X 23 X 25 X 2 X	X X X X X
X 1 X X	X X X X X X X X
X	X
X	X 1 X
X X X 179 X	X X X X 1 X
X	X
X	X
X 2 X 3 X 105 X 107 X 91 X 2 X X	X X X X X X X X X
X 61 X	X X
X 4 X 196 X 198 X 2 X 1 X	X X X X X X X
X 179 X 1 X	X 4 X X
X	X
X	X
X	X
X 192 X X 106 X 3 X 5 X 91 X X 7 X 5 X 8 X	X 1 X X X X X X X X X X X 1 X
X 61 X	X X X
X 2 X	X 1 X X
X 46 X 1 X	X 1 X 1 X
X 53 X	X X X X 1 X
X	X
X 1 X	X 1 X
X	X
X 1 X X 29 X 86 X 174 X 89 X 91 X	X 1 X 1 X 2 X X 2 X 2 X X
X X	X 1 X X
X X 1 X	X 1 X X 1 X
X X	X X X
X	X
X 2 X	X X X X X
X X 2 X 84 X 276 X	X X X 1 X X X X
X 82 X 95 X	X X X
X	X
X 1 X	X X X X
X 148 X 20 X 15 X	X X X X
X X	X X X
X X 2 X 19 X 1 X 2 X	X 1 X X X 1 X X X
X X	X X X X
X	X 1 X
X	X
X 1 X X	X X X X X
X X X	X X X X X
X 2 X	X 1 X X X X X X 1 X
X	X
X X 2 X	X X X X 1 X
X	X
X 3 X 4 X	X X X
X 37 X 31 X 1 X 92 X X 18 X 23 X	X 1 X X X X X X X
X X 33 X	X X X
X 2 X 1 X 81 X	X 2 X X X
X 3 X	X 2 X
X 4 X 83 X	X X X X 1 X
X	X
X 21 X	X X X
X X 38 X 39 X	X 1 X X X X X 1 X
X	X
X 5 X 3 X	X 2 X 1 X 1 X
X	X
X 3 X 1 X X	X X X X X
X	X
X	X 1 X
X 2 X X	X X X X X X
X	X
X 3 X	X 1 X
X	X
X 2 X	X X
X	X X
X 18 X	X X X X
X 101 X 1 X	X 2 X 1 X
X 2 X	X X X X 1 X
X	X
X 155 X 5 X	X 1 X 1 X
X 148 X 156 X 1 X	X 1 X X 1 X X 1 X
X 149 X 148 X X 107 X 103 X	X 1 X X X X X X X
X	X
X	X
X 1 X 1 X	X 1 X X
X 1 X	X 1 X
X 90 X	X 26 X
X 22 X 21 X	X X X
X 1 X	X 1 X
X	X
X 23 X 38 X 8 X 21 X	X 1 X X X X X
X	X
X	X
X 182 X X	X 4 X X
X	X
X	X
X X 145 X 55 X 2 X 1 X X 91 X 1 X 6 X	X 1 X X X X X X X X X X X 1 X
X	X
X 373 X 179 X X	X X X X X X X
X 7 X	X 1 X
X	X
X	X 2 X
X 3 X	X X X
X	X
X X	X X
X X	X X X
X 17 X X 101 X	X X X X
X 37 X	X 1 X
X X 26 X	X X X X 1 X
X 4 X 4 X	X X X 1 X
X	X
X X 8 X 20 X 3 X 1 X 3 X	X X X X X 1 X X X X
X 27 X	X X X X X
X X	X X X X
X	X
X 26 X	X 2 X X X X
X X	X 4 X
X X 1 X 47 X	X X 21 X X X X X
X	X X X
X 1 X	X 1 X X 2 X X X
X 114 X	X X 20 X
X 21 X 43 X 26 X 17 X 48 X	X X X X X 1 X X
X	X
X 4 X X	X X 1 X X X 1 X 1 X
X	X
X X	X X X X 1 X
X 2 X	X 1 X
X	X
X 1 X	X 1 X X 3 X 1 X
X 2 X 9 X X	X X X X X X
X 1 X X	X X X
X X	X 2 X
X 2 X 1 X 53 X	X 2 X X X X
X 51 X	X X 2 X
X 53 X 1 X	X X X
X X	X X X
X	X
X 3 X 1 X 15 X	X X X X 2 X X
X 2 X 1 X X	X X X X X
X	X 2 X
X	X
X X X	X X X X 1 X X X
X 1 X	X X X 1 X
X 2 X	X X X
X X X	X X X X
X X 4 X	X X X 1 X 1 X
X X 2 X X 2 X	X X X X X X X X
X	X X X
X	X
X	X X X X 5 X
X 1 X X 3 X	X 1 X 2 X X X
X X 131 X 128 X 4 X	X X X X X X 1 X
X 4 X	X 2 X
X 132 X 127 X	X 1 X X X X X
X	X X
X 25 X	X X
X X	X X X
X	X
X 39 X 35 X X	X 1 X X 1 X
X 2 X X	X 1 X 1 X 1 X
X 2 X X	X X X X 1 X
X 3 X	X X X
X 6 X	X 1 X X
X 6 X	X X 4 X
X 3 X	X X
X	X
X 50 X	X X X
X 13 X	X 1 X
X 1 X 5 X	X 23 X X X 1 X
X 1 X	X X
X 1 X 18 X 27 X	X X X 1 X 1 X
X	X
X 43 X 45 X 48 X	X X X X 3 X
X 35 X	X X X
X	X
X 2 X	X 1 X X
X 5 X X 54 X	X 2 X X X
X	X
X 3 X 2 X 22 X	X X X X X X 1 X 5 X
X 16 X 1 X X 21 X 1 X	X X X X X X X X
X 1 X X	X 2 X 1 X
X X	X 1 X
X	X
X X 1 X 6 X	X X X 3 X X X X
X 2 X	X 1 X 2 X
X X X 46 X	X X X 1 X
X	X
X	X
X 30 X	X X X
X 28 X	X X X X
X	X
X 36 X 90 X	X X X X
X	X
X	X
X	X 2 X
X 4 X X	X X X
X	X
X X	X X X
X X	X X X
X 75 X 93 X 98 X	X X X X
X	X X X X 1 X
X	X
X X	X X X
X 1 X 76 X	X 1 X X X 4 X
X 50 X	X 2 X
X	X 1 X 1 X
X X X	X X X X 1 X
X	X
X 2 X	X 2 X 3 X X 5 X
X 6 X	X 1 X 2 X
X 11 X 1 X 2 X	X 2 X X X
X	X
X 13 X X 24 X	X X X X
X X 27 X 59 X 62 X	X X X 1 X X X
X 36 X	X X X
X	X
X 89 X	X 1 X
X X 63 X	X 1 X 1 X X X
X X 5 X 2 X 30 X	X 1 X 1 X X 2 X X
X X 2 X	X X X X
X 1 X	X X
X	X X X
X 13 X 1 X	X 1 X 1 X X X 1 X 1 X
X X	X X 1 X
X 1 X	X X X X X X
X	X
X	X
X 1 X	X X X X X
X X	X X
X	X
X 3 X 2 X 1 X	X X X 1 X 1 X X X
X X 1 X 1 X	X X X X 1 X
X	X
X 1 X X 2 X	X X X X
X	X
X 79 X 76 X	X X X
X 76 X 4 X X 63 X X	X 1 X X X 1 X 1 X X
X 79 X 25 X 1 X	X 1 X X X X X
X	X X
X	X
X 22 X	X 2 X
X 3 X	X X
X	X
X 12 X	X X X
X 3 X X	X X X 1 X
X X 17 X	X X X X X X
X 181 X	X X
X 1 X	X 4 X
X 182 X	X 4 X X
X	X
X	X
X	X
X 2 X 189 X 45 X 55 X 100 X 106 X 91 X 90 X 91 X 8 X 7 X	X 1 X X X X X X X X X X X 1 X
X 62 X	X X X
X 2 X	X X X X X
X	X
X	X
X X 78 X 1 X 73 X	X X X X 1 X
X	X
X 20 X 11 X 74 X	X X 1 X 1 X 5 X
X 7 X 1 X 3 X 1 X	X 1 X X X X X
X 9 X 1 X	X 2 X 1 X
X	X
X 14 X X	X X X X
X X 28 X 59 X 61 X	X X X 1 X X X
X 2 X 39 X	X X X
X 22 X 46 X	X X X
X	X
X 25 X	X 5 X
X 7 X 17 X 1 X 2 X	X X X X 1 X
X 27 X	X 23 X X X 1 X
X X 30 X 24 X	X X X 1 X
X	X
X 24 X 26 X	X 2 X 4 X
X 52 X 57 X 58 X 21 X	X X X X X 2 X
X 2 X	X 2 X
X 5 X 1 X X	X 1 X X X X
X	X
X 37 X	X X X
X 32 X X 36 X 3 X	X 1 X X X 1 X 1 X
X 9 X 8 X 40 X 94 X 34 X 37 X	X X X X X X X X
X 3 X 7 X	X 1 X 1 X
X	X
X 6 X 3 X	X 2 X 1 X
X	X
X 4 X	X 27 X
X X	X X X X
X	X X X X X
X	X
X 3 X X	X X 4 X
X 2 X 7 X	X 1 X X X
X	X
X 3 X X 1 X	X X X X
X	X X X
X 1 X	X X
X	X
X X 1 X X	X X X X X
X	X
X 85 X 87 X	X X X X X X X
X	X
X 35 X 3 X	X X X 1 X
X	X
X X 26 X X 1 X 151 X X	X X X X X X X X 5 X
X 2 X X	X X X X
X 25 X	X X X 1 X
X	X
X 2 X X	X X X
X	X X X
X X 6 X X 33 X	X X X X X X
X	X
X	X
X 3 X 180 X	X 4 X X
X	X
X	X
X	X
X 191 X X 102 X 2 X 103 X 105 X 88 X 1 X X 6 X 3 X	X 1 X X X X X X X X X X X
X	X
X 193 X 1 X 192 X	X X X 1 X 1 X
X 2 X	X 1 X 1 X 1 X
X	X
X 1 X 2 X X	X X X X 1 X
X X	X 1 X
X	X
X X 4 X	X 1 X X X
X 23 X	X X X 1 X
X	X
X	X
X 1 X 42 X 41 X	X X X X 1 X
X	X
X 5 X 2 X	X X X
X 2 X 7 X 3 X	X X X 1 X X 1 X
X	X
X 1 X 19 X 44 X	X X X X X
X 2 X	X 1 X X 1 X
X	X
X	X X X X 1 X
X 2 X	X X
X 6 X 7 X	X X X 1 X
X X 3 X	X X X X X
X 3 X	X X
X 3 X	X 2 X
X 13 X 6 X X	X 2 X 1 X X
X 3 X	X X
X	X X
X 3 X X 141 X 1 X 139 X 3 X	X X X X X X X X X X 2 X X X
X 53 X	X X
X	X
X X	X 2 X
X 1 X 33 X	X X X X
X 25 X	X X
X X 6 X	X 1 X X X 1 X 1 X
X 1 X 2 X 5 X	X X X X
X	X 1 X X 1 X 1 X
X	X
X	X
X 1 X	X X
X 1 X	X X X X
X 4 X	X X X X
X	X
X	X X
X 90 X	X X
X X	X X 23 X X X
X 36 X	X X
X 1 X	X X
X	X
X 85 X 89 X 86 X 42 X X 2 X	X 1 X 1 X X 2 X 1 X X X
X X	X 1 X
X	X
X 25 X 1 X	X X X X X
X	X X
X	X
X 37 X 1 X 72 X X 79 X 1 X	X X X X X X X X 1 X 2 X
X	X
X	X
X 6 X	X 1 X X X X 1 X
X 29 X X	X 1 X 1 X
X	X
X 30 X 31 X	X X X 1 X 1 X X X
X 4 X	X 2 X X X
X 1 X	X X X
X	X
X	X
X	X
X X 48 X X 5 X 86 X 28 X 1 X	X X X X X X X X X X X X X X
X	X
X X 25 X	X X X X 1 X
X	X
X 3 X	X X X
X 36 X 55 X 52 X 54 X 58 X 38 X	X 1 X X X X X X X
X 32 X 2 X	X X X
X 2 X X X	X 1 X 1 X 1 X 1 X
X	X 2 X
X 2 X 3 X 2 X	X 2 X 1 X X
X	X X 3 X
X 3 X	X 1 X
X 9 X 7 X	X X X
X	X X X
X	X
X X	X X 4 X X
X	X
X 1 X	X X X X X
X 44 X 42 X 46 X 1 X 10 X	X X X X X X
X	X 2 X 1 X
X	X
X X 3 X	X X X X 1 X
X	X
X 3 X	X 1 X
X 3 X 3 X 6 X	X 1 X X X X X
X X	X 1 X
X 1 X 6 X	X X X X 1 X
X	X
X X	X X X 1 X
X 1 X X 3 X	X X X X 3 X 1 X
X 3 X	X X X X X X X
X	X
X X	X X X X 1 X
X 3 X	X X X 1 X
X X 4 X	X 1 X X
X 4 X	X X X X X
X 6 X 1 X	X X X X 1 X
X 2 X X	X X X X 1 X
X 5 X	X 2 X
X	X 1 X 1 X 1 X X X
X 6 X 1 X	X 4 X 2 X X X X X
X 264 X 257 X X	X X X X X
X	X
X 65 X 3 X 2 X	X 1 X X X X X
X	X
X 2 X	X X X
X 1 X 108 X 2 X	X 25 X X 1 X
X 2 X	X X X
X X	X X X X
X 3 X 178 X 247 X 255 X X 1 X 178 X	X X X X X X X 1 X X 1 X
X	X
X	X
X 6 X	X X X X 1 X
X X	X X X
X 3 X X 1 X 3 X	X 1 X X X 1 X 1 X
X 3 X 51 X 19 X 24 X 9 X	X X X 1 X X X X X X
X X	X 1 X 1 X 1 X
X	X
X 4 X	X 4 X
X	X
X X	X 1 X 1 X 1 X X X
X X	X X X X X X
X	X
X 2 X 6 X X	X X X X X X X
X X 3 X X	X X 23 X X X 1 X
X	X
X	X
X 1 X 5 X	X 1 X 1 X X
X 3 X	X 1 X 1 X 1 X
X 3 X 2 X X	X 1 X X X X 1 X
X	X X X
X	X
X X 1 X	X X X 3 X 1 X
X 3 X	X 4 X X X
X 1 X 3 X	X X X 1 X
X	X
X 6 X	X X
X 6 X	X X X X 1 X
X X	X X X
X 1 X X X 7 X	X X X X X X X X 1 X
X 3 X 7 X	X X X X X X
X 7 X	X 1 X 1 X
X X X X 1 X	X X X X 1 X
X	X
X 3 X 2 X	X 2 X 3 X X
X 6 X	X 1 X 2 X
X 9 X 8 X 3 X	X X X X 1 X 1 X
X 26 X 27 X	X X X X 1 X
X	X
X 29 X 33 X X 56 X 54 X	X 1 X 1 X X X X X X 1 X
X 2 X 1 X 27 X	X 2 X X X
X 1 X	X X X X
X 3 X	X X
X 2 X	X 2 X 1 X
X	X
X 2 X X 2 X	X 1 X 1 X 1 X 1 X
X 1 X 4 X 2 X X	X 3 X X X X X 1 X X X
X	X X
X	X
X X	X 1 X
X	X
X X 52 X	X X X 1 X
X 53 X X 2 X 5 X 51 X	X 1 X X X 1 X X X
X 1 X X	X X X X X X X X
X X 4 X	X X X
X 2 X 3 X 89 X	X X X X X
X 1 X X 109 X	X X X X X 2 X 5 X X
X 2 X 5 X	X X X X
X	X X
X 31 X 299 X 330 X X 18 X	X X X X X X X X
X 2 X 1 X	X X X X X X
X 8 X	X X X 1 X 1 X
X	X
X 80 X X	X 1 X X X 1 X
X X X 11 X	X X X X X
X X 1 X 70 X	X X 1 X X X X
X	X
X X 43 X X	X 2 X X X X
X	X
X 24 X X 51 X 22 X	X X X X X X
X 18 X	X 1 X
X 1 X 50 X	X X X
X 23 X X 49 X 22 X	X X X 1 X 1 X
X	X
X 19 X 46 X 51 X 76 X	X X X X X X X X
X X 1 X	X X X 1 X
X	X
X X 9 X 11 X	X X X X
X X	X X X
X 4 X 46 X	X 1 X 1 X 1 X 1 X
X 2 X 14 X	X X X 1 X X
X	X X X 1 X
X X	X X X X
X 1 X	X 1 X
X 5 X 1 X X 3 X	X 1 X X X 1 X
X	X X X X X X X
X 2 X	X X X
X 1 X 9 X X	X X X X X X
X 4 X	X 1 X
X	X
X 1 X 2 X 16 X X	X 1 X X X 1 X 1 X X
X 2 X 3 X 8 X	X 1 X X X X X X X X
X X 4 X	X X X
X	X
X 3 X	X 2 X
X 1 X X 1 X 78 X	X X X X 1 X
X	X
X 1 X 22 X	X X X
X 79 X 38 X 40 X 2 X	X 1 X X X X X 1 X
X 76 X	X X
X 2 X	X X
X	X X
X	X
X	X X X 1 X 1 X
X 92 X 95 X	X X X
X	X
X 3 X	X X X X X X
X X X	X X X 1 X
X	X
X X 3 X X 5 X X	X X X X 3 X X X
X	X X 1 X
X	X
X X	X X X X
X 3 X	X X X
X 4 X 1 X 90 X	X 1 X X X 1 X
X 3 X 2 X 19 X 5 X X 1 X	X X X X X X X X 1 X
X	X 1 X
X 1 X	X X X X 1 X
X 2 X X	X X X 1 X
X	X
X 3 X 4 X	X 2 X 4 X
X X 1 X	X X X X X X
X 17 X	X 2 X 2 X 1 X
X 20 X 19 X X	X X X X 1 X
X 1 X	X 1 X
X 25 X 26 X 99 X 95 X	X 1 X 1 X 1 X X X X 4 X
X 1 X 2 X	X 2 X X X X
X	X 2 X
X	X 3 X
X 1 X	X 1 X
X 34 X	X X
X X 4 X 40 X 38 X	X X X X X X X
X 151 X 24 X	X X 21 X
X 66 X 59 X 41 X 102 X 32 X X	X 1 X X X X X X X X X
X 1 X	X 2 X
X	X 2 X
X	X
X X 1 X	X X X
X X	X X X
X X 5 X 6 X 1 X X	X X X X X X X 2 X X X X 1 X X
X 14 X 12 X	X 1 X 1 X
X	X X
X 1 X 57 X 54 X X	X X X X 1 X
X	X X X
X X X	X X 3 X 1 X
X 5 X 6 X 1 X	X X X X X X
X 2 X 2 X 82 X	X 1 X X X X
X	X
X 6 X	X 2 X
X X 1 X 80 X	X X X X 1 X
X	X
X X 21 X	X X X
X 26 X 27 X X	X 1 X X X X X 1 X
X	X
X 56 X	X X
X 50 X	X X
X 1 X	X X X 2 X
X 50 X	X 4 X X
X	X
X	X
X	X
X 18 X 1 X 3 X 97 X X X 110 X 1 X 7 X	X 1 X X X X X X X X X X 2 X
X	X
X 2 X 1 X	X X X X X
X	X X
X	X
X 1 X X	X X X X 1 X
X X X	X X X
X	X X X 3 X
X X 26 X X 1 X 2 X	X 1 X X X X X X
X 1 X	X X X
X 75 X 1 X	X 1 X 2 X
X 1 X 179 X X	X X 4 X X
X	X
X 2 X 191 X	X 1 X 1 X
X	X
X 17 X 43 X 57 X 3 X X 89 X 1 X X 1 X	X 1 X X X X X X X X X X X
X 63 X	X X 1 X
X X X	X 1 X X
X 6 X 1 X 2 X	X 1 X X X 1 X
X	X
X X	X X 1 X 1 X
X	X
X 1 X X	X X X 1 X
X	X
X X	X X X X X
X 1 X	X X X
X 2 X	X 1 X
X 4 X	X X X X
X 3 X 49 X	X X 23 X X X 1 X
X 3 X 63 X	X X X
X 17 X	X X
X	X
X 73 X X 57 X 4 X	X X X X X X X
X 187 X 181 X	X X X
X 1 X	X 4 X
X 180 X X	X 4 X X
X	X
X	X
X	X 1 X
X 2 X	X X X X
X 1 X 192 X 2 X 101 X 83 X 89 X 92 X X 1 X	X 1 X X X X X X X X X X X 1 X
X 61 X 307 X	X X X
X 376 X 181 X X	X X X X
X 3 X	X 1 X X 1 X
X X 1 X X X	X X X X 1 X
X	X
X 3 X 1 X	X X X X X
X	X
X 2 X	X X X X X X
X 4 X 5 X	X 1 X 1 X
X X	X 1 X 1 X
X	X
X	X
X 1 X	X 1 X 2 X 1 X
X	X
X 3 X	X X X 1 X
X	X
X 4 X 6 X	X 1 X X 2 X 1 X
X	X
X X 3 X	X X X X X X
X 369 X 3 X	X 1 X 1 X
X 424 X	X 5 X
X	X
X X 4 X 3 X 95 X	X 24 X X X 1 X
X 3 X 100 X	X X X
X 1 X	X 1 X X 2 X
X X 188 X	X X X
X 1 X 2 X	X X X X
X	X
X 32 X	X X X
X 1 X	X X X 1 X
X 1 X 58 X X 40 X 93 X	X 1 X X X X 1 X 1 X
X 178 X 1 X	X 4 X X
X	X
X	X
X	X
X 190 X 362 X 318 X 56 X 4 X 89 X 2 X X 10 X	X 1 X X X X X X X X X X 2 X
X 168 X	X X
X 1 X	X 1 X
X 2 X	X 1 X
X 2 X	X X X 2 X
X	X
X X 1 X	X X X 1 X
X 2 X 3 X	X 1 X X 4 X
X 1 X X 4 X	X X X X X
X X	X 1 X 1 X
X	X
X	X X 3 X
X X	X 23 X X X
X 1 X	X X X
X 1 X 3 X	X 1 X X X
X	X
X 1 X 2 X	X X X X 3 X
X	X
X 3 X	X X
X 1 X	X 23 X
X 30 X 28 X 178 X	X X 23 X X X 1 X
X 210 X	X X
X X	X X X
X	X
X 211 X 1 X 217 X 20 X X 14 X 30 X	X X X X X X X X X
X	X
X	X 2 X
X 3 X	X X X X X
X	X 2 X
X 4 X	X 2 X
X 1 X	X 28 X
X X 4 X	X X X
X X	X X
X	X
X 1 X 11 X 12 X 6 X X	X X X X X X X 4 X X X
X X	X X X X 1 X
X	X
X 411 X 410 X 1 X	X 1 X X X 2 X 1 X
X 420 X 1 X	X 1 X X
X 28 X	X X 1 X
X	X
X	X
X	X X
X	X 1 X
X	X 1 X 1 X
X 10 X 18 X 27 X	X X 1 X X
X X 1 X	X X X X 1 X
X 1 X X	X X X X 1 X
X	X
X X 1 X	X 1 X X X 1 X 1 X
X 1 X	X 1 X X 1 X
X	X
X 1 X 14 X	X 1 X X 1 X
X	X
X X 7 X 5 X	X X X X X
X	X
X 2 X 3 X	X X X
X 6 X 34 X	X 1 X 5 X X 1 X
X X 37 X 1 X	X X X X X X X
X	X X X
X X	X X X X
X 1 X	X 1 X
X 207 X 194 X 9 X X 1 X	X X X X X X X X 1 X
X 35 X 37 X	X 1 X 2 X X X X X
X 1 X	X X X
X	X
X 18 X 19 X	X X X X 1 X
X 7 X	X 1 X
X 1 X	X 1 X 1 X 1 X 1 X
X 20 X 18 X 59 X	X X X X X
X	X
X 15 X	X 1 X X 1 X X
X 62 X 1 X	X X X X 1 X
X	X
X X X	X X X
X 1 X 63 X 27 X	X 1 X X X 2 X 4 X
X 33 X 3 X 30 X 31 X 64 X	X X X X X X X
X 22 X 34 X	X X X X 1 X
X	X
X	X 2 X
X X X	X X X X 1 X
X 40 X	X X X
X 1 X X	X 5 X X X
X 41 X 80 X	X X X X X
X 2 X 6 X	X X X X X
X 1 X	X X X X
X 2 X	X 1 X
X 104 X	X X X
X X 103 X 48 X	X X X X X X 1 X
X 3 X	X X X X
X 36 X 35 X 1 X 12 X	X X X 1 X 1 X
X	X
X X 1 X	X X X X X X X
X 5 X X	X X 1 X
X 1 X 58 X 4 X	X 1 X X 2 X X 1 X
X	X
X	X X
X	X
X X	X 2 X
X 6 X	X 1 X
X	X X
X 10 X	X X
X 88 X 92 X 1 X X 22 X 1 X 33 X 3 X	X X X X X X X X 1 X X 2 X X
X	X X
X	X X 3 X
X 36 X 32 X 89 X 1 X 10 X 13 X X	X 1 X X X X X X X X X X
X 6 X 1061 X	X X X
X	X
X 3 X X	X X X X
X	X
X 3994 X	X X X
X 3998 X 2 X	X X X X X 1 X
X 6 X 1074 X 1068 X 3 X X	X X X X X X X X X
X 41 X	X X 1 X
X X	X 3 X
X X 166 X 20 X	X X X X X
X 24 X 1 X	X X X 1 X 1 X
X 148 X 146 X	X X X X 1 X
X	X 1 X
X 1 X	X X X X X X
X 6 X 3 X X	X X X X X
X	X
X 6 X 3 X 1 X	X X X X X 1 X X X
X 6 X	X 3 X X X 1 X 1 X
X	X
X 179 X	X 4 X X
X	X
X	X
X	X
X 192 X 105 X X 1 X 103 X 10 X 1 X 2 X	X 1 X X X X X X X X X X X
X 243 X	X X
X 6 X 2 X	X 2 X X
X	X 1 X
X X	X 2 X
X 4 X X	X X X X 1 X
X	X
X 1 X X	X X X
X 10 X 11 X X 14 X X	X X X X X X X X X X X 1 X
X 52 X	X X X X X
X 3 X 2 X X	X 1 X 1 X 1 X 1 X
X	X 2 X
X X	X 2 X 1 X
X 1 X 2 X 1 X	X 1 X X X X 1 X
X	X
X	X
X X 1 X	X 1 X 2 X X X X
X	X
X X	X 5 X
X 2 X	X 1 X
X 2 X	X 2 X
X 6 X X 7 X	X 2 X X X X
X X	X 4 X
X X X 39 X 3 X X 17 X	X X X X 20 X X X X 1 X
X 2 X 1 X	X X X 1 X
X	X 1 X
X 41 X	X X 20 X
X 1 X 9 X	X 5 X X
X 6 X	X 1 X 1 X
X 1 X X 1 X	X X X X 1 X
X	X
X 3 X 2 X	X 2 X 3 X X
X 7 X	X 1 X 2 X
X 53 X 18 X	X 1 X X 1 X
X	X
X X	X 2 X
X 1 X	X X X X 1 X
X	X
X 16 X 2 X 9 X	X 1 X X 3 X
X 17 X 18 X	X X X X
X	X
X 2 X 2 X	X X 1 X X 1 X
X	X
X	X
X 1 X	X X X X 1 X
X 3 X	X X
X 25 X	X X X 1 X 1 X
X 4 X 3 X 3 X	X X X X X
X	X
X 137 X	X X
X 1 X 135 X 144 X 3 X 2 X 58 X 2 X	X X X X X X 1 X X X X 1 X 1 X
X X	X 3 X
X	X
X 40 X	X 1 X
X 2 X X	X 1 X 2 X X 2 X 1 X
X 10 X X 65 X 63 X 2 X 3 X 2 X	X X X X X X X X X X X X 1 X
X 6 X	X X X
X 3 X	X X
X	X
X 1 X	X X X 1 X 1 X
X X	X X X
X 34 X	X X
X	X
X 6 X	X X
X	X
X	X
X 1 X	X X
X 80 X	X X X X X
X X 3 X 8 X 8 X 19 X	X X X X X X X X X
X 3 X 114 X	X X 1 X
X	X
X	X
X	X X
X 8 X	X X
X 6 X X	X X 1 X 1 X
X	X
X 1 X 12 X X	X X X X X X X X X X
X 117 X 114 X	X X X X
X	X
X 2 X 113 X 111 X	X X X X X X
X 2 X 122 X 129 X	X X X X X 1 X
X 3 X 34 X	X X X
X	X
X 36 X	X X
X	X
X	X
X	X X
X 35 X X	X X X X X X
X	X X
X 1 X	X X X 1 X X
X	X
X X	X X X
X 3 X X 1 X	X X X X 1 X 1 X X X
X 3 X X	X 1 X X X X 2 X 1 X
X	X 1 X
X 1 X	X X 3 X
X	X X
X 3 X 1 X	X X X 1 X
X 3 X	X 1 X X X 4 X
X X	X X X X X
X 66 X	X 1 X
X	X 2 X
X 2 X	X 3 X X X
X	X
X 99 X	X X
X	X X
X 1 X	X X X X X X X
X 1 X	X X 1 X
X 14 X 15 X	X X X 2 X
X	X
X	X X X
X X 2 X	X X X X X 4 X
X 29 X 10 X 1 X	X X X X 1 X
X	X
X X	X 2 X
X 1 X X	X 3 X X X
X X	X X 1 X X 1 X
X	X
X	X
X 72 X X 2 X X 9 X	X 1 X X X X X X X X X X
X	X X X
X 2 X 37 X	X X X 2 X
X	X
X 3 X	X 1 X
X 7 X 3 X 4 X 3 X 35 X	X X X X X 1 X X X X
X 5 X 20 X 33 X 36 X X	X X X X X X
X 34 X 50 X	X 2 X 1 X 1 X
X 1 X 3 X	X X X X 1 X
X	X X X
X	X
X 1 X 6 X 1 X 7 X 50 X	X 3 X 1 X X X X
X X	X X X X X X
X X 56 X	X X X
X	X
X	X X X 1 X X
X	X
X X	X X X
X 1 X 6 X	X 1 X 3 X X 1 X 1 X
X 54 X 2 X	X X X X
X 50 X 5 X 9 X	X X 1 X X X X
X X	X 2 X
X	X
X X	X 1 X X
X 30 X	X 1 X
X	X
X 32 X	X X
X X 2 X 7 X 40 X 44 X X 48 X	X X X X X X X X X X X 1 X
X	X X
X X	X X X
X	X
X 170 X	X 1 X
X 162 X X 366 X 369 X	X 1 X X X 1 X 1 X
X	X
X 166 X 163 X X	X 1 X 1 X X
X 2 X 79 X	X 2 X X X
X	X
X 6 X	X 2 X
X 1 X X	X X X X 1 X
X	X
X 21 X 3 X	X X X
X X	X 1 X X X X X 1 X
X	X
X	X 1 X
X X	X X X X 1 X
X	X 1 X
X	X 1 X
X	X
X	X
X X 1 X	X 1 X X 1 X
X	X 1 X
X 59 X 16 X	X X X
X 2 X X 44 X	X X X 1 X 1 X
X X 57 X 7 X 48 X	X X X X X
X	X
X	X
X	X
X 1 X	X X X X X
X	X
X X	X X X
X X 2 X X 2 X 6 X	X X X X X X 1 X X X
X X	X X 1 X
X 3 X	X X X 2 X
X 76 X 2 X	X X 1 X
X 84 X 85 X	X X X
X X	X X X X 1 X 1 X
X 87 X 86 X 49 X 107 X	X X X X X 1 X
X 1 X 3 X	X X X
X	X
X 1 X 14 X 7 X	X X X X X
X	X
X 1 X	X X
X	X
X	X
X 2 X	X X X X X X
X 1 X 113 X	X X X X X 2 X
X	X
X X	X 2 X
X 1 X X	X 4 X X
X X 1 X	X X X 2 X 1 X X X X
X 3 X 5 X 4 X	X X X X X X
X 8 X	X X X X X X X
X	X
X X 81 X	X 1 X X X 1 X
X X 2 X	X X X X X
X	X 1 X 1 X
X	X
X	X 1 X
X X	X 1 X
X 32 X 5 X	X X X
X 25 X 1 X 60 X 2 X 89 X	X 1 X X X X X 1 X
X	X
X 3 X X 1 X	X X X X
X 2 X	X 1 X
X 2 X 1 X	X X X 2 X
X	X
X 2 X X	X X X 1 X
X 2 X 3 X	X 1 X X 4 X
X X 2 X	X X X X
X 8 X 2 X	X X X
X 77 X	X 4 X
X 1 X 3 X 179 X	X X 4 X X
X	X
X	X
X 195 X	X 1 X
X 2 X	X X
X 86 X 108 X 109 X 3 X 85 X 91 X 92 X X 1 X	X 2 X X X X X X X X X X
X 63 X 1 X	X X 1 X
X 2 X	X 1 X X
X	X X
X	X
X 34 X	X 1 X
X X	X X X X
X	X
X 31 X 3 X 88 X 51 X	X X X X X X 1 X 1 X
X 6 X 5 X 1 X 108 X	X X 1 X X X X X
X	X
X X	X 2 X
X 111 X 107 X	X 1 X X X
X 3 X	X X
X 133 X 2 X 127 X 3 X	X X X X X X X
X 148 X 145 X 144 X	X X X X X X
X 44 X	X X X X 1 X
X X X	X X X 1 X
X	X
X 1 X 37 X 1 X	X X X X X 1 X 1 X
X 1 X 26 X 21 X X	X 1 X 2 X X X X 1 X
X X	X X
X 25 X	X 1 X X
X 3 X 19 X	X X X X
X X	X X
X	X
X 2 X 27 X X	X X 2 X 2 X X X X X X X
X 1 X	X 1 X
X 3 X X 1 X	X X X X X X
X	X
X X 2 X X	X X X X X X X X X
X 1 X	X 2 X X
X	X
X	X
X 176 X	X 2 X X X X
X	X
X 55 X 52 X	X 26 X 1 X
X	X X X
X 10 X 206 X	X X X 1 X
X 17 X	X X X 21 X
X X 196 X 197 X 187 X 1 X 181 X	X X X X X X X X X X
X X 1 X 2 X	X X X X X 1 X
X 1 X	X X
X X	X 1 X
X X	X X X X X X
X X	X 1 X
X X 5 X	X 1 X 1 X 1 X 1 X
X 6 X X 6 X	X X X X 1 X 1 X X
X X 2 X	X X 1 X
X	X
X 2 X	X X X X 1 X
X 55 X 6 X 3 X	X X X 1 X
X	X
X 3 X 50 X 1 X 41 X	X 1 X X X 1 X 1 X
X 2 X	X X X
X 2 X	X X X
X 124 X 25 X 3 X	X X X X X X
X X 3 X	X X X
X 54 X 45 X	X X X X X 1 X X X
X 61 X 62 X	X X X X X
X	X X X X
X	X
X 11 X	X 2 X
X 5 X X	X X X X 1 X
X	X
X	X X
X X 47 X	X 1 X X X 1 X
X 66 X 18 X 3 X	X X X X X X
X 75 X 74 X 78 X	X X X X X X
X	X
X 7 X	X X 1 X
X	X
X X	X X X X
X	X
X 1 X	X X
X	X
X X 91 X 3 X 92 X	X X X X X X X 1 X
X	X
X X 10 X	X 1 X X
X X 1 X X	X X X X X
X	X
X 42 X X 1 X	X 2 X X X
X	X
X 42 X	X 2 X
X 45 X 77 X 79 X	X X X X X X X
X X 1 X	X 2 X X 1 X
X 29 X X 80 X	X 1 X X X
X 11 X 24 X 10 X	X X X 1 X
X 1 X 18 X	X X X X
X	X
X	X
X 1 X 6 X 16 X 18 X	X X X X X X X X X X X 2 X
X 2 X	X X X
X 1 X X 23 X	X 1 X X X
X	X X 2 X
X	X
X 2 X 19 X 21 X	X X X X
X X 85 X 87 X	X 1 X X X
X	X
X 3 X 4 X	X X X X 1 X
X 27 X	X 3 X
X 3 X 23 X	X X 2 X
X X 27 X 3 X 2 X 31 X 50 X	X 1 X X X X 1 X 1 X 1 X
X 52 X X 40 X	X X X X 1 X
X 7 X 3 X	X 1 X X
X 3 X 3 X	X X X X
X X X 5 X	X X X X 1 X
X	X X
X	X
X X X 1 X	X X X X X 1 X X
X 1 X	X X X
X X 2 X	X 1 X X
X 1 X	X 2 X
X 2 X	X 1 X X
X	X
X 114 X	X X
X	X
X 28 X 32 X	X X X
X 4 X 3 X	X 1 X X X 1 X
X 244 X 1 X 208 X	X X X X X
X 7 X	X 1 X 1 X
X X	X X X X 1 X
X 4 X 1 X	X X X 1 X
X	X
X 4 X 6 X	X 1 X 5 X
X 1 X 1 X	X X X X X X X
X X	X X X
X	X
X	X
X	X
X X	X X X
X	X
X 1 X	X X X 1 X
X	X
X	X
X 180 X	X 4 X X
X	X
X	X
X 1 X	X X
X 148 X 57 X 4 X X 90 X X 1 X 7 X	X 2 X X X X X X X X X X 1 X
X	X
X 8 X 369 X 1 X 191 X 197 X 198 X 1 X	X 1 X X X 1 X X X X X X
X	X
X X	X 1 X
X X X	X X X X 1 X
X	X
X 2 X 100 X 105 X 90 X 1 X	X X X X X X X X X
X	X
X 184 X 378 X 192 X 1 X 2 X	X X X X X X X
X	X X X
X	X
X X	X X X
X 91 X	X X
X 12 X	X X X
X	X
X	X
X 3 X 4 X	X 2 X 1 X
X X	X X X
X X 1 X	X 1 X X X 1 X 1 X
X X	X X X
X	X
X 9 X 1 X	X 2 X 1 X
X	X
X 1 X 11 X 24 X	X X X X
X X 30 X 61 X 62 X	X X X 1 X X X
X 30 X 39 X	X X X
X 5 X	X 4 X
X	X
X 1 X X 26 X	X X X X X X
X	X
X 32 X 34 X 68 X 24 X	X X X X X X X X
X 55 X X 31 X 27 X	X X X X X X
X	X
X 72 X X	X X X X X
X	X X
X 2 X	X X X
X	X
X	X
X X 133 X	X X X X 1 X
X 3 X	X 1 X
X	X
X 2 X 3 X 140 X	X 1 X 1 X 1 X X X
X 132 X	X X X X X
X 37 X	X X X
X 1 X	X 4 X
X 34 X	X X
X 21 X	X X 26 X X
X 21 X	X X X
X	X X X
X	X
X 15 X 14 X 9 X 1 X	X X X 1 X 1 X X
X	X 2 X
X 1 X	X X
X X 1 X 10 X	X X 23 X X X 1 X
X 12 X	X X X
X	X X
X	X
X 9 X 7 X	X X X 3 X X
X	X
X	X
X	X 2 X
X 4 X X	X X X
X	X
X X	X X X
X X	X X X
X 79 X X 1 X	X X X X
X 2 X 2 X	X X X X 1 X 1 X
X	X
X	X
X 1 X	X X X X
X	X
X 1 X	X X X 1 X 1 X
X 4 X 3 X 4 X	X X X X
X X 2 X	X X X
X 1 X 5 X	X X X X X X
X X	X X X
X 97 X X 97 X X	X X X X X 1 X X X
X X 100 X 102 X	X X 2 X X
X 3 X 12 X	X X X 1 X
X X 1 X 106 X	X X X X
X 114 X	X X X
X 2 X 1 X 26 X X	X 1 X X X X X 1 X
X X 117 X 105 X	X X X X
X X	X 1 X
X	X 2 X
X 2 X	X X X X 1 X
X	X X X
X 3 X X	X 1 X X X 1 X 1 X
X 6 X 9 X X 14 X	X X X X X X X
X 3 X	X 1 X X X
X	X
X X	X 1 X X 2 X
X	X
X 2 X	X 26 X
X 68 X	X X
X 67 X 142 X	X X X
X 93 X	X 1 X
X X 91 X	X X X X 1 X
X 1 X	X 1 X
X 55 X 6 X 1 X	X X X X X
X	X
X X 53 X X	X X X X X X X X 1 X
X	X
X 1 X X	X X X
X 63 X 2 X 19 X	X X X X X 1 X
X 2 X	X 2 X
X	X
X	X
X 39 X 46 X 49 X X	X 1 X X X X 1 X
X	X
X 36 X 35 X	X X X 1 X
X 37 X 129 X 94 X 3 X	X 1 X X X X 1 X X X
X	X
X X 1 X	X X 4 X X
X	X X
X 130 X 1 X 134 X 1 X 2 X 58 X 54 X	X X X X X X 2 X X X 1 X 1 X
X 85 X X	X X X
X	X
X 1 X	X 2 X
X 3 X 8 X	X X 1 X
X	X X X
X 50 X 48 X	X 3 X 1 X X X
X 14 X 1 X	X X X X
X	X
X X	X X X 2 X
X 3 X 2 X	X X X 1 X X 1 X
X 3 X 8 X 16 X 17 X 2 X	X X X X X X X
X	X 1 X
X 3 X	X X 1 X 1 X
X 2 X X	X 1 X X X 1 X X X
X 3 X 2 X 34 X X	X X X X X 1 X
X X X	X X X
X	X
X	X
X	X 1 X
X 5 X	X 1 X
X	X
X 24 X	X X
X	X
X 3 X X 1 X 196 X 46 X X 246 X	X X X X X X 1 X X X X
X 28 X 2 X 11 X X	X X X X 1 X
X	X
X X	X 1 X
X	X
X 22 X	X X X
X 45 X 19 X 24 X	X 1 X X X 1 X 1 X
X	X
X 24 X 26 X 27 X	X X X X 2 X
X 2 X	X X X 2 X
X	X
X 2 X X	X X X
X X 22 X 19 X	X 1 X X X X 1 X 1 X
X 2 X 14 X 3 X 4 X	X 1 X X X X X
X X 6 X X	X 1 X 1 X 1 X X X
X	X 2 X
X 3 X X	X X X X X X X X
X X	X 1 X
X	X
X 2 X	X X X
X	X
X 1 X	X X X X
X	X X X
X	X 1 X
X 1 X	X X X X X X X 1 X
X 1 X	X X X X 1 X X
X 1 X	X 1 X
X 2 X	X X X X
X	X 1 X
X 1 X	X X X
X 1 X 2 X 1 X 18 X	X 1 X X X X X X 1 X
X 1 X	X X X
X	X 1 X
X 1 X	X 2 X
X 18 X X 1 X	X 2 X X X X
X X	X X X X 1 X
X	X
X 1 X	X X X
X 30 X 1 X	X 1 X X
X X	X X X X
X 85 X 3 X 4 X 2 X	X X X X X X 1 X
X X	X X 1 X
X 82 X X	X X X
X	X 1 X
X X X	X X X X X
X 1 X	X 1 X X 1 X
X X	X X X X 1 X
X	X X X 1 X
X X	X X X 1 X 1 X X X
X 2 X 4 X	X 1 X X X X
X 1 X	X X 1 X X
X 1 X 2 X	X 1 X X X X
X	X
X	X
X 1 X	X 3 X X X
X X	X 2 X X
X 79 X	X X X
X	X
X 72 X	X 2 X
X 1 X X	X X X X 1 X
X 1 X	X 1 X
X 12 X 24 X	X X X
X 1 X 3 X 4 X 1 X	X 1 X X X X X 1 X
X	X
X X	X X
X X	X X X X
X	X
X 9 X 215 X X	X 2 X X X X
X 180 X	X X 3 X
X 42 X	X X X
X	X
X 43 X 140 X 225 X	X X X X X
X 55 X	X X
X 130 X	X 4 X
X 25 X 1 X	X X X X X
X	X X X
X 22 X 24 X 23 X 1 X	X 1 X 1 X 1 X X X X 2 X
X 47 X 23 X 46 X 21 X	X X X X X X
X X 1 X	X X X X 1 X
X 2 X X 1 X	X X X X 1 X
X	X
X X	X 1 X X X 1 X 1 X
X X 1 X	X 1 X X 1 X
X	X X
X 1 X 2 X X 6 X 3 X 62 X 1 X 56 X	X X X X X 2 X X X 1 X 1 X
X	X
X X 3 X	X X X X 1 X
X X	X X X
X 2 X X 2 X	X 1 X 1 X 1 X 1 X
X X X X 7 X 2 X	X 2 X X X X X X X X 1 X
X 55 X 53 X X X 12 X 13 X	X 1 X X X X X X X X X X 1 X
X	X 1 X
X 1 X	X X X X X X
X 3 X 7 X X	X X X X X
X	X
X 3 X 2 X	X X X X X 1 X X X
X 6 X 2 X	X 4 X X X 1 X 1 X
X X	X X X X
X	X
X 15 X 17 X 2 X	X X X X 1 X
X	X
X X	X X
X 46 X 41 X	X 1 X X X 1 X X X
X 66 X 20 X 1 X	X X X X X X
X 54 X 52 X	X 1 X X 1 X 1 X
X	X
X 4 X	X 2 X X X X
X	X 1 X
X X 1 X	X X X
X X	X X X X X X
X 6 X 46 X X 47 X X	X X X X X X X X
X X	X 1 X X X
X	X 2 X
X	X
X X	X X X X 3 X
X	X
X X 5 X	X X X
X X 5 X 6 X	X X X X 2 X X X
X X X	X X X
X	X
X 1 X	X X X X
X 7 X 1 X X	X X X 1 X
X 4 X 2 X	X 1 X X X 1 X 1 X
X 1 X X 1 X 15 X	X 2 X 1 X X X X
X 1 X	X 1 X
X	X
X X 1 X	X 1 X X 1 X 1 X
X	X
X 2 X X 1 X	X X X 1 X
X	X
X 2 X 2 X	X 1 X X
X	X X
X X X	X X X X X 1 X
X	X
X	X X X X X
X 7 X	X X
X 1 X	X X
X 1 X 23 X X 35 X	X X 1 X X X
X 36 X 2 X 38 X	X X X X X X X
X	X
X 1 X X	X X X X 1 X
X 3 X X	X X X X X
X	X
X 19 X 43 X 66 X 45 X X	X X X X X X X X X
X	X
X 6 X 2 X X	X 4 X X X 1 X 1 X
X X 3 X	X 1 X X X
X	X
X	X
X 37 X	X X X 2 X
X X	X X X
X	X 1 X 1 X 1 X
X 40 X 61 X	X X X
X 2 X	X X 1 X
X	X
X 2 X 142 X	X 1 X X X 1 X
X	X
X	X X X
X 4 X 41 X 6 X 48 X 20 X	X X X 1 X X 1 X
X 11 X 10 X 4 X	X X X X X
X	X
X 1 X X 3 X X	X X X X 1 X
X X	X X
X 2 X X 2 X 21 X 1 X 11 X	X X X X X X X X X X
X X 3 X	X X X X X X X X X
X 3 X	X X
X 178 X X	X 4 X X
X	X
X	X
X	X
X 147 X 58 X 3 X X 1 X 92 X X 1 X	X 2 X X X X X X X X X X
X	X
X 6 X 2 X	X X X X X X
X	X
X	X
X 9 X	X 1 X
X 11 X 12 X	X X X
X 2 X 13 X 12 X	X 1 X X X 1 X X X
X	X
X 6 X	X X X
X 79 X 75 X	X X X
X	X
X 6 X	X 2 X
X 1 X 2 X	X X X X 1 X
X	X 1 X
X 1 X 22 X	X X X
X 80 X 3 X 4 X 1 X	X 1 X X X X X 1 X
X	X
X 2 X	X X
X 29 X 28 X	X X X
X 24 X	X 1 X
X	X
X X	X X 1 X 1 X
X	X
X 2 X 20 X	X X X
X X 28 X 2 X 26 X	X 1 X X X 1 X 1 X
X 2 X 2 X	X X X X
X X	X X
X 30 X X	X 2 X X X
X 2 X X X	X X X X X X X
X	X
X	X
X 3 X 13 X 1 X 4 X 15 X X 9 X	X 1 X X X X 1 X 1 X 2 X
X	X
X 27 X	X X
X 41 X 16 X 55 X	X X X X X
X	X
X 1 X	X 1 X X
X X	X X
X 26 X	X 1 X
X X	X X X
X	X
X 63 X 25 X 1 X X	X 1 X X X X X 1 X
X 38 X 18 X	X X X X
X 1 X X	X 1 X X X X
X	X 1 X
X	X
X X 1 X X	X 4 X X X X X 4 X
X	X
X	X X
X 11 X X X	X 3 X X X X
X	X
X X	X 2 X
X X 5 X	X X X X 1 X
X	X 1 X
X 2 X 1 X	X 1 X 5 X
X 4 X	X X X X X
X 179 X 2 X	X 4 X X
X	X
X	X
X 17 X 104 X X 90 X 10 X 2 X 6 X 93 X	X 1 X X X X X X X X X X X 1 X
X	X
X 2 X 1 X	X X X X
X 115 X 170 X	X X 1 X X X X
X	X
X 3 X	X 2 X
X 2 X 48 X 59 X	X X X X X X
X	X X
X 19 X X	X X X
X 88 X 89 X	X X 3 X 1 X
X	X
X X 4 X 1 X X 31 X	X X X X X 1 X
X 2 X	X X X X 1 X
X 1 X 3 X	X X X X 1 X
X	X
X	X
X X	X 1 X X X 1 X 1 X
X 1 X	X 1 X X 1 X
X	X 2 X 1 X
X	X
X 3 X	X X X X 1 X
X	X X
X	X X X
X 7 X	X 1 X X X
X 3 X 2 X 3 X	X 1 X X X X X
X 6 X	X X 1 X 1 X
X 1 X X 3 X	X X X X 1 X
X	X
X 1 X	X 1 X 1 X 1 X
X 5 X	X X X X X
X 3 X	X X 1 X 1 X
X X	X X X X 1 X
X	X
X X	X 5 X 1 X
X 1 X 2 X X 2 X	X 4 X X X X X X X
X 1 X	X 1 X
X	X
X	X X
X X 2 X X 9 X 10 X	X X X X X X X X X
X 1 X	X X X
X 10 X 8 X 231 X 1 X	X X X 1 X 1 X
X 3 X 1 X X 14 X 2 X	X X 1 X X X X X X
X 1 X 20 X 74 X	X X 1 X 1 X
X	X X
X 27 X 119 X 118 X 1 X X	X X X X X X 2 X
X 121 X	X 2 X X
X 26 X 25 X	X X X X
X	X
X	X
X	X
X 49 X	X 1 X
X	X
X 58 X	X X
X 13 X 2 X X 1 X 7 X	X X X X X X 1 X 1 X
X 2 X X	X X 1 X 1 X
X 1 X	X 2 X
X X 1 X	X 2 X 1 X
X X	X X X X 1 X
X	X
X 10 X	X 1 X
X 11 X 12 X 3 X	X X X X X 1 X X X
X 11 X 55 X 47 X 2 X 43 X	X 1 X X X X X X
X	X
X X 43 X 41 X	X X X X X X
X 76 X X 76 X	X X X X X X X X
X	X 1 X
X 36 X	X 1 X
X X 1 X	X 1 X X X X X X 1 X
X 116 X 46 X 68 X 3 X 1 X	X X X X X X
X 141 X	X X
X 1 X 4 X 62 X 2 X X	X X X X X X 2 X X X 1 X 1 X
X	X
X 22 X 1 X	X X X X X X
X	X
X 90 X	X X X
X 3 X 2 X 93 X 104 X 5 X 3 X 8 X 1 X	X 1 X X X X X X X X 4 X
X 21 X 1 X	X X X X X X
X 159 X X	X X X 1 X
X	X
X	X 2 X
X	X 4 X
X	X
X 17 X	X X
X 2 X 3 X	X X X
X 13 X	X X X X
X	X
X	X 4 X
X 1 X X	X X X X 1 X
X	X X
X	X X X
X 35 X 1 X	X 1 X X X X
X	X
X 3 X 4 X	X X X 3 X
X 5 X X 81 X	X 2 X X X
X	X
X 78 X	X 1 X X
X	X X
X 2 X	X X X X 1 X
X	X
X 2 X 20 X	X X X
X 24 X 25 X	X 1 X X X X X 1 X
X	X
X 2 X	X X
X	X
X	X
X X 1 X	X X X
X	X
X 180 X X	X 4 X X
X	X
X	X
X 146 X 60 X 1 X 91 X X 1 X	X 1 X X X X X X X X X X X 1 X
X 169 X	X X
X 3 X 382 X 184 X 2 X 1 X X	X X X X X X X
X 50 X 78 X 132 X 1 X	X X X X X 1 X 1 X
X	X
X 6 X	X 1 X X
X	X X X
X X	X 1 X
X 89 X 2 X	X 1 X 1 X 1 X
X	X
X	X
X	X
X X	X X
X 6 X	X X
X X	X 5 X X X
X 1 X 6 X X 1 X	X X X 1 X X X X X X X X
X 2 X 3 X	X 1 X X 1 X
X	X
X 263 X X 266 X	X X X X
X	X
X 2 X 2 X	X 1 X 2 X X
X 9 X 17 X 13 X	X 2 X X X X
X 2 X 1 X X 29 X 46 X	X X X X X X
X 4 X	X X
X 14 X	X X X X 1 X
X	X 1 X
X	X
X 28 X 35 X	X X X X
X 3 X 180 X X	X 2 X X X
X X 3 X	X X X X
X	X
X 108 X	X X 1 X
X 83 X 192 X 102 X 90 X 177 X 1 X	X X X X X X X X X X X
X 28 X	X X X X
X	X X X X
X	X
X 1 X X	X 1 X 1 X X
X 4 X X X	X X X X
X 1 X 16 X 22 X 23 X	X X X X X X X X 1 X X X X X
X 39 X 44 X 38 X	X X X 2 X 1 X X X X X X
X	X
X 179 X X	X 4 X X
X	X
X	X
X 192 X 43 X 57 X 4 X X 92 X X 3 X 5 X	X 1 X X X X X X X X X X 2 X
X 61 X	X X X
X 378 X 376 X 182 X 2 X 1 X X	X 2 X X X X X X X
X	X
X	X
X X 1 X	X X X X 1 X
X	X
X X	X 1 X X 4 X
X X X	X X X X X X X
X X 2 X 51 X	X X 1 X 1 X 1 X
X	X
X 17 X 3 X	X 2 X X X X
X 53 X	X X X
X 31 X 29 X	X X X
X 29 X X 26 X X 2 X	X 1 X X X 1 X X X
X X 4 X X	X X X X X 1 X
X X	X 1 X
X	X 1 X X
X 3 X	X 2 X X X X
X 4 X	X 2 X
X 4 X 6 X 1 X	X X X X X
X X	X X X 1 X 1 X X X
X	X
X 4 X	X 5 X X
X 3 X X X	X 2 X X X X
X	X
X	X
X X 29 X	X X X 1 X
X 29 X 26 X 3 X	X 1 X X 1 X 1 X
X 30 X 36 X 35 X 1 X 1 X 2 X	X 1 X X X X X X X
X	X 1 X
X	X X X
X X X 27 X 13 X 28 X 3 X	X 1 X X X X X 1 X
X 1 X 24 X 20 X 6 X	X 1 X X X X
X	X X
X	X
X 178 X X	X 4 X X
X	X
X	X
X	X
X 2 X 192 X 108 X X 4 X 5 X 92 X X 1 X 3 X	X 1 X X X X X X X X X X X 1 X
X 61 X 1 X	X X X
X 184 X X 1 X	X X X X
X 2 X	X 1 X 1 X
X X	X X X X 1 X
X	X
X	X
X 5 X 4 X	X 1 X 3 X X X
X	X X X X
X 22 X 23 X	X X X X X
X 27 X	X X
X	X
X 23 X X 26 X	X X X 1 X
X	X
X 21 X X	X 1 X X 2 X
X 21 X X 3 X	X X X X
X X	X 3 X
X	X
X 41 X	X 1 X
X 2 X	X 1 X 2 X X 2 X 1 X
X 3 X 9 X 67 X 64 X 2 X 6 X	X X X X X X X X X X X X
X 2 X 79 X	X 2 X X X
X	X
X	X 2 X
X 2 X X 80 X	X X X X 1 X
X	X
X 23 X 2 X	X X X
X 79 X 25 X 26 X	X 1 X X X 1 X 1 X
X	X
X 2 X 19 X	X X 4 X
X	X 1 X
X	X X X X
X 2 X 3 X	X X X X X
X	X
X 6 X	X X X X X 1 X X X
X 3 X	X 4 X X X X
X	X 1 X 1 X
X	X 1 X X 1 X
X 1 X	X 1 X X
X	X
X 2 X 1 X	X X X X X X X X 1 X
X 1 X 4 X 1 X	X 1 X X X X
X X 8 X 1 X	X X 1 X X X
X	X
X X 40 X	X X X X
X X X X 32 X 61 X	X X X X X X X
X 32 X X 38 X	X X X X X
X 32 X	X X X
X	X
X	X
X 1 X 39 X	X X X X 1 X
X 2 X	X 23 X X X 1 X
X 2 X 16 X	X X X
X 23 X 24 X	X 1 X 1 X
X	X
X 2 X 21 X 14 X X 10 X	X X X X X 1 X X
X 2 X 79 X	X 2 X X X
X	X
X 2 X	X 2 X
X 1 X X	X X X X 1 X
X	X
X 1 X	X X X
X X 28 X	X 1 X X X X X 1 X
X	X
X 18 X	X X
X 8 X	X X 1 X
X X 43 X 36 X	X X X 1 X
X 32 X 3 X	X X X X
X X	X X 3 X
X 78 X	X 27 X X
X 4 X	X X X
X 1 X	X 1 X X X
X 30 X 28 X 4 X 167 X 126 X 43 X 169 X 164 X	X X X 1 X X X X X X 1 X
X 2 X X 4 X	X 2 X X X
X	X
X 3 X	X 2 X
X 3 X 4 X	X X X X 1 X
X	X
X 1 X 21 X	X X X
X 1 X 38 X 39 X 1 X	X 1 X X X X X 1 X
X	X
X 24 X	X X
X	X
X	X
X	X X X X 1 X
X 9 X 6 X 1 X	X X X 1 X
X 2 X X	X 1 X X X 1 X
X 4 X 1 X 10 X 13 X 12 X X	X 1 X X X X 1 X X X X
X 1 X	X 1 X
X 45 X 1 X 78 X 31 X	X X X 1 X 1 X
X 83 X 30 X 8 X 6 X 1 X	X X X X X 2 X X
X 2 X 1 X	X 1 X X X
X	X
X 3 X	X 2 X
X X 78 X	X X 3 X
X	X
X 1 X 22 X	X X X
X 26 X 27 X X 2 X	X 1 X X X X X 1 X
X	X
X 2 X 19 X	X X 5 X
X 138 X	X X
X 1 X 1 X 6 X 3 X 59 X X 52 X	X X X X X 1 X X X X 1 X 1 X
X 3 X	X X X X X X
X 18 X	X 4 X
X 2 X	X 1 X
X 2 X X	X 1 X 1 X X 2 X
X 2 X 29 X 2 X X X	X X X X X 1 X
X 21 X	X X 1 X
X	X
X 1 X	X X X 2 X
X	X
X 29 X 16 X	X 1 X 1 X
X	X
X 38 X 42 X X X	X 1 X 1 X X X X X
X X	X X X X
X 1 X	X 1 X
X 24 X	X 1 X X
X	X
X	X
X	X X
X 2 X	X X
X 180 X 138 X 28 X 4 X 166 X	X X X X X X X
X 1 X	X 1 X
X	X
X 29 X 28 X	X X X
X	X
X	X
X 7 X	X X X X X
X 27 X 23 X 24 X 27 X	X X X X X X
X X 15 X 12 X	X X X X
X	X
X	X 1 X X
X 1 X	X X
X 1 X 2 X	X X 1 X 1 X
X	X
X X 1 X X	X X X X 1 X
X X	X 2 X
X 3 X 4 X 3 X	X X X X X X X
X X	X X X
X	X
X 72 X	X 2 X
X X 1 X 78 X	X X X X 1 X
X	X
X 1 X 21 X	X X X
X X X 81 X	X 1 X X X X X 1 X
X	X
X 2 X	X X
X 34 X	X X
X 23 X 2 X 17 X X	X 1 X X X X
X	X
X	X X X
X 6 X 2 X 184 X 2 X 2 X 176 X	X 1 X X X X X X X X 4 X
X 10 X X 42 X 34 X	X X X X X X 1 X
X 8 X 5 X 2 X	X X 1 X 1 X
X	X
X 15 X	X 2 X 2 X
X 2 X	X X X X
X 1 X 6 X	X X X
X 3 X 2 X 39 X X	X 1 X X X X X X 1 X
X 5 X 13 X	X X X X 2 X
X 13 X 3 X 36 X 83 X 38 X	X X X X X X 1 X
X	X
X X 4 X	X X X X 1 X
X 1 X	X X X 1 X
X 35 X	X 3 X
X X 41 X	X X X X X
X	X 1 X
X 2 X X X	X X X X 1 X
X	X X
X X	X 1 X 1 X
X 1 X X	X X X X 1 X 2 X X
X	X X X X 1 X
X	X
X	X
X 31 X	X X X
X 1 X X	X X X X
X	X
X X 38 X 1 X	X X X X X X
X 11 X 1 X	X X X
X	X
X X	X 2 X
X 134 X X X	X X X X
X	X
X 1 X 2 X X 128 X 133 X	X X X X X X 1 X
X	X
X X 3 X X	X X X X X
X 2 X	X 2 X X
X	X
X X	X X X
X 30 X	X X X
X 34 X 86 X	X X X X
X	X
X 1 X X 3 X	X 1 X X X X X X
X 3 X 7 X X	X X X X X
X	X
X 3 X 2 X 20 X 16 X 6 X	X X X X X 1 X X X X 1 X
X 6 X 2 X	X 4 X X X X 1 X 1 X
X	X X X
X	X 1 X
X 2 X X	X X 1 X 1 X
X X 2 X 52 X X	X X X X X
X X 20 X 2 X 19 X	X X X X 1 X
X	X
X 65 X 67 X	X 2 X X 1 X
X X	X X X X 1 X
X 1 X	X X X
X 11 X 12 X	X X X X X 1 X X X
X 9 X 6 X 42 X 40 X	X 1 X X X X X
X X	X 1 X
X	X 2 X
X	X
X 3 X 5 X 3 X X	X X X X 1 X
X 5 X	X 1 X
X 1 X 16 X	X X X X X
X 1 X X 22 X 25 X 1 X	X X X X X X 1 X X X 5 X
X X 37 X	X X X 3 X X
X	X
X	X
X 182 X	X X X X
X	X
X 83 X X 43 X	X X X X X X X X
X 157 X 161 X X 1 X 1 X	X 1 X X 1 X X X X X X X X
X 32 X	X X 1 X
X 4 X	X 2 X
X	X
X 4 X 8 X X 3 X	X 2 X 2 X X X
X 3 X X 3 X	X X X X
X X	X X X
X X 1 X 2 X	X X X X 1 X
X	X 1 X
X	X
X	X 7 X
X	X 1 X X 1 X
X	X
X	X
X 37 X	X 1 X
X 6 X 49 X	X X X
X 1 X 2 X 3 X	X X X 1 X
X	X
X 52 X 1 X 57 X	X X X X X 1 X
X 3 X X	X 1 X 1 X
X X	X 9 X 2 X
X	X
X 6 X 5 X	X 1 X 2 X 1 X
X	X
X 2 X	X X X 1 X
X	X 9 X
X 4 X X 1 X	X 1 X X X X X 1 X
X	X X
X X X	X X X X X 1 X
X	X
X 2 X	X 1 X 1 X 1 X
X X	X 2 X
X	X 2 X
X X	X X X X 1 X
X	X
X	X
X	X
X 5 X 2 X	X X X X 2 X X
X 37 X	X X X
X X	X 2 X 1 X
X	X
X 61 X 60 X	X X X
X 1 X 9 X 12 X X	X 1 X X X X X X 1 X
X 56 X 17 X 39 X	X X X X 1 X
X	X
X 2 X X X	X X X X X X
X	X X
X X 1 X 3 X	X X X X X 2 X 1 X
X X 2 X	X 1 X X X X X X
X	X
X	X
X 50 X	X 2 X X X X
X 76 X	X X
X	X
X 76 X 74 X 71 X 46 X 3 X 27 X	X X X X X X X X
X	X
X X 231 X	X X 3 X
X 317 X 80 X	X X X X
X 1 X	X X X
X 95 X 91 X 49 X 168 X	X 1 X X X 1 X X X 2 X 2 X
X 109 X	X 1 X
X 3 X 2 X	X 1 X 1 X 1 X 1 X
X	X 2 X
X	X
X X 1 X	X X X X 3 X
X	X
X 5 X	X X X 1 X
X	X
X X 7 X 1 X	X 1 X X 1 X X
X	X
X	X X 4 X
X	X 1 X
X 2 X	X X X
X X 2 X X	X 1 X X 2 X
X 3 X X 3 X 2 X X 2 X 6 X	X X X X X X X 1 X X X X X X X 1 X
X 1 X 97 X	X X X X X
X	X
X X 2 X	X X X X
X	X
X X X 46 X X 1 X	X X X 1 X X X X 1 X 2 X
X 55 X 46 X 106 X X 13 X	X 1 X X X X X X 2 X
X	X
X	X
X	X 2 X
X	X X X
X	X
X X	X X X
X X X	X X X
X 78 X 96 X 97 X	X X X X
X 29 X X	X X X X
X	X X
X	X
X 32 X 2 X	X 1 X 1 X X
X X	X X X X
X 14 X 16 X 17 X	X X X X X X 1 X 1 X X X X X
X 39 X X 45 X 5 X X	X X X 2 X X X X X X
X 2 X 3 X 2 X	X X X X
X	X
X 24 X	X X X
X	X
X 4 X	X X X
X 2 X	X X X X
X 2 X	X X
X 3 X 7 X	X X X
X 3 X 4 X 1 X	X X X X
X 189 X 190 X 339 X 229 X	X X 1 X X X X X X X
X	X X
X 109 X X X 106 X	X X X X 1 X
X X 144 X	X 1 X 1 X
X X 134 X 4 X	X X X X X X X X
X 144 X	X 1 X X
X	X
X	X X
X	X
X 19 X 25 X	X 1 X X 1 X
X 6 X 7 X	X 1 X 1 X 1 X 1 X
X	X
X 1 X X	X 1 X X 1 X 1 X
X	X
X 1 X 4 X	X X X X 1 X
X	X
X 3 X 1 X 6 X	X 1 X X 2 X X X X
X 2 X 7 X	X X X X
X X	X 3 X X
X	X
X 1 X	X X X 1 X
X	X
X X X	X X X X X 4 X
X X	X 1 X 2 X 1 X
X	X
X 5 X 7 X	X X X 1 X 5 X
X	X
X	X 1 X
X 3 X	X X 1 X 1 X
X 2 X X	X 1 X X X X X X X
X 27 X 3 X 28 X 1 X 1 X	X 2 X X X 1 X 1 X
X	X
X	X
X 1 X 20 X	X X X X 1 X
X	X
X 22 X 24 X	X X X 1 X
X 7 X 30 X 42 X	X 1 X 1 X X X X X
X X X	X X X
X 30 X	X X
X	X
X 29 X	X 2 X
X X 20 X	X X 1 X
X	X
X 48 X	X 1 X
X 44 X 1 X 2 X 1 X	X X X X X 2 X
X 25 X 20 X 1 X	X X X X
X 3 X	X 1 X
X 1 X	X X X X 1 X
X	X X
X X 2 X	X X X 1 X 1 X
X 1 X 4 X	X X X X X
X 21 X	X X X X
X	X
X	X X
X	X
X	X
X X	X 2 X
X 58 X 15 X 155 X 2 X	X X X X X X X
X 3 X	X X
X X	X 2 X
X 36 X X	X 2 X 1 X X
X 3 X	X 3 X
X X	X 1 X
X 85 X	X X
X 67 X 70 X X	X X X 1 X
X	X
X 13 X	X X X X 2 X
X 28 X	X 1 X
X	X
X X	X X
X 1 X	X 1 X
X	X
X 1 X 9 X 10 X X	X X X X X 1 X
X 2 X 25 X 24 X	X X X X X X
X 108 X	X 1 X
X	X
X 169 X	X X X
X	X 1 X
X X	X X X
X 55 X 36 X	X 1 X X X 1 X 1 X
X 1 X 57 X 60 X 29 X 32 X	X X X X X X
X 12 X 1 X	X X X
X	X X
X X 10 X 7 X	X X X X X
X X 2 X	X X X 1 X X X X X X 3 X
X 4 X	X 1 X
X 95 X 1 X 12 X 231 X	X 1 X X X X X 5 X
X 1 X	X 2 X X X
X 1 X 5 X	X 2 X X X X 1 X
X X 1 X X 5 X	X X X X 1 X
X X	X 1 X
X X	X X X 3 X X X
X 2 X X	X 1 X 1 X X
X 2 X	X 1 X X X
X	X
X 3 X	X 2 X
X 4 X 2 X X	X X X X 1 X
X	X
X 25 X	X X X
X 80 X 4 X 3 X	X 1 X X X 1 X 1 X
X 19 X	X 5 X
X 6 X	X 1 X 1 X
X	X X X X 1 X
X	X
X 1 X X 1 X	X 2 X 2 X 1 X 5 X
X 7 X X	X 1 X 2 X
X	X
X 2 X 170 X 171 X	X 2 X 1 X X
X 3 X 52 X 54 X	X 22 X X X X X X
X 2 X	X X
X X	X X X
X X 5 X 2 X 56 X	X X X X 20 X
X 162 X 53 X 61 X	X X 1 X X X 1 X
X 6 X	X 4 X
X	X
X X 5 X 3 X	X X X X 1 X
X 23 X 8 X	X X 1 X
X 50 X 67 X 34 X 34 X 23 X 1 X	X 1 X X X 1 X X X
X 29 X 28 X	X X X X X X
X 17 X 24 X X	X X X X X X
X	X
X 2 X 13 X	X X X X 1 X X
X 5 X	X 4 X
X	X
X	X
X 1 X X	X X 2 X X
X 30 X 8 X 1 X 18 X 2 X	X X 1 X X X X X X
X 50 X 53 X	X X X X
X 115 X X 1 X	X X X X
X	X
X X	X X
X X	X X X X X X
X X 6 X 109 X 112 X 113 X 170 X	X X X X X X X X X
X 5 X	X X X X 1 X
X	X
X X X	X X X X 1 X
X 73 X 74 X	X X X
X X X 35 X 39 X 79 X 3 X	X 1 X X X X X X X 2 X
X 74 X 10 X 1 X 2 X	X X X X X X
X	X
X 115 X 2 X	X X X X
X	X
X 1 X	X 1 X
X 2 X 5 X 6 X 12 X 16 X	X 1 X 1 X X X 1 X
X 5 X 7 X 118 X 111 X	X X X X X X 3 X X
X 3 X 214 X	X X X X X
X	X
X	X
X	X
X 213 X	X X X X
X	X
X 236 X	X 1 X 1 X
X 233 X 230 X	X 1 X X X 1 X
X 235 X 19 X 6 X	X X X X X X X
X	X 2 X
X	X X X
X X	X 1 X
X X 3 X X 4 X 2 X	X X X X X X X
X 1 X	X X 1 X
X X 1 X 2 X	X X X 2 X
X	X 2 X
X 2 X 1 X	X X X X X
X	X
X 4 X 2 X 3 X	X X X X X 1 X X X
X	X
X 8 X X X	X X 1 X X X 1 X
X 29 X 53 X	X X 1 X
X	X
X X	X 2 X
X	X 4 X
X 1 X	X 1 X
X 26 X 54 X	X X 2 X
X X	X X
X	X X
X 8 X	X 3 X
X	X
X X 1 X	X X X X X X
X	X X
X 2 X	X 1 X 1 X 1 X
X X 2 X X	X X X X 1 X X 1 X X
X	X X
X	X
X	X 2 X
X	X X X
X	X
X	X X
X 1 X X	X X X
X 79 X 97 X 101 X	X X X X
X	X 1 X
X X	X X X
X X 4 X 1 X	X X X X X
X	X
X 6 X 3 X 5 X 2 X 3 X	X X X X X X X 1 X X X X X X X 1 X
X 4 X	X X
X	X
X X 47 X	X X X X
X 44 X	X 1 X
X 44 X 11 X X 11 X	X 1 X X X 1 X 1 X
X	X
X X	X 1 X 2 X
X 181 X	X X
X 1 X	X 2 X 1 X
X 180 X	X 4 X X
X	X
X	X
X	X
X 192 X X 106 X X 1 X 88 X 1 X 1 X 1 X 2 X	X 1 X X X X X X X X X X X 1 X
X 61 X 231 X	X 1 X X
X 1 X	X X
X 2 X 3 X 4 X	X X X 1 X
X	X
X 2 X 4 X 9 X	X 1 X 1 X X X
X X 1 X	X X X
X 1 X 12 X	X 1 X 1 X 1 X X X
X 2 X 3 X 1 X	X 2 X 1 X X X X X X
X	X
X	X
X 5 X 2 X	X 24 X X 1 X
X 9 X	X X
X 5 X	X 20 X
X X	X X
X 7 X	X 1 X 1 X
X 2 X X 2 X	X X X X 1 X
X	X
X 2 X X	X 2 X 2 X X X
X 6 X	X 1 X 2 X
X 1 X	X 1 X X 1 X
X	X
X X	X X
X 5 X 4 X 5 X 1 X	X 22 X X X X X X
X	X X
X	X
X	X
X 49 X 5 X 1 X 55 X 45 X 43 X	X X X X X X X X
X	X
X 49 X 75 X	X 2 X X X X
X	X X
X 5 X 27 X 139 X	X X 23 X X X X X
X	X
X 121 X 76 X 74 X 93 X X 46 X	X X X X X X X X X X
X	X
X 1 X	X 1 X
X 1 X	X X
X 1 X 27 X	X X X X X 1 X
X 9 X 13 X 6 X 55 X 37 X	X X X X 1 X 1 X
X 1 X 8 X 2 X 9 X	X X X X X X
X 9 X	X 2 X
X 2 X	X X X X
X	X
X	X 1 X
X 3 X 5 X 3 X	X 2 X X X X X
X 1 X 5 X	X 1 X X X
X	X
X 3 X	X X
X	X
X 19 X	X X 1 X
X 3 X X 3 X 2 X X	X X X X X X X X 4 X
X 248 X 1 X 277 X	X X X X X
X 299 X	X X
X	X
X 7 X X	X 2 X 1 X
X	X
X X X X	X X X X X X
X	X
X 46 X	X X X
X 22 X 13 X 47 X 8 X X 1 X	X 1 X X X 1 X X X 5 X
X 24 X 43 X	X X X X
X 20 X 22 X 12 X	X 1 X X X
X	X
X 3 X X	X 1 X X
X	X X X
X 1 X	X X X
X 50 X	X 1 X
X 24 X	X 2 X
X 3 X X	X X X X X X
X	X 3 X X
X X	X 1 X
X 2 X 32 X X	X X X 1 X
X X 38 X 24 X	X 1 X X X
X 34 X X 35 X X	X X X 2 X X
X 3 X	X X X
X	X
X 3 X 18 X	X X X X
X 15 X	X X X
X 3 X 17 X X X	X 1 X 1 X X X
X 2 X 23 X 25 X	X 1 X X X X 1 X X
X X 1 X	X 1 X 1 X 1 X
X X	X X X X 1 X
X	X
X 2 X X	X 1 X 1 X 1 X 1 X
X 2 X 3 X	X X X X X X X
X 2 X 6 X	X X X X
X	X
X 2 X 6 X	X X X
X	X
X 22 X 18 X	X X X
X 3 X	X 1 X 1 X
X	X
X 2 X 3 X	X 2 X 1 X
X	X
X 4 X	X 27 X
X X 1 X	X X X
X	X X X X X
X	X
X 2 X	X X 4 X
X 2 X 1 X 5 X	X X 1 X X X
X 2 X	X 2 X
X 1 X 80 X	X X X X 1 X
X 21 X	X X
X X 24 X 12 X	X 1 X X X 1 X 1 X
X 18 X	X X
X	X
X	X
X 2 X	X 2 X X X X
X	X 4 X
X	X X X
X X	X 1 X 1 X
X	X
X 3 X 1 X	X X 4 X X
X	X
X 204 X 143 X 33 X 1 X	X 2 X X X X
X 15 X	X X X 1 X
X 195 X 197 X	X X X
X	X
X	X
X	X
X 39 X 3 X	X 1 X X X
X	X
X 34 X	X X
X 2 X	X X
X X 3 X 38 X X 90 X 58 X X	X X X X X X X X X
X 1 X	X X X
X	X
X 3 X	X 2 X
X X	X X X X 1 X
X	X
X 24 X	X X X
X 79 X 25 X 24 X	X 1 X X X X X 1 X
X 19 X	X X 4 X
X	X X
X	X
X 1 X	X X X 1 X
X	X
X 1 X X	X X X X 5 X
X	X 1 X 1 X X 1 X
X	X
X X 8 X 1 X	X X X X X
X 5 X	X X X 1 X
X X X	X X X
X 28 X 102 X 18 X	X X X X X 1 X
X	X
X X 54 X	X X X X
X 141 X	X X
X 1 X 1 X 3 X X 60 X	X X X X X 2 X X X 1 X 1 X
X 2 X	X X 1 X
X	X
X	X
X 2 X 2 X 21 X	X X X X
X	X
X X	X X X
X 1 X 25 X 2 X 5 X	X X X X X
X	X
X X 47 X X	X 1 X X X X X
X 30 X 18 X	X X X X 2 X
X	X X
X 3 X 3 X 4 X	X X X X X 1 X
X	X
X	X
X 26 X 1 X	X X X 1 X
X	X
X	X
X 1 X 2 X 19 X 21 X	X 1 X X X 1 X 1 X
X	X
X	X
X 53 X 4 X	X 2 X 1 X
X	X
X X 1 X	X X X X X X
X	X X
X X X	X X X
X 10 X 13 X 38 X	X X X X 1 X X X X
X 22 X 39 X 18 X	X X X X
X	X
X	X
X X	X X X
X X	X X
X X X 179 X X 1 X	X X X X X X X X
X 194 X	X 1 X
X	X
X 192 X 102 X 3 X 108 X 110 X 90 X 93 X 103 X	X 2 X X X X X X X X X X 1 X
X X 1 X 60 X 304 X	X X X 1 X X X X
X 6 X 177 X 181 X	X X X X 1 X 1 X
X 128 X	X X X
X	X
X 41 X 2 X X	X 2 X X X X
X X 132 X	X X X
X	X
X 65 X	X X
X 2 X	X X
X 67 X 37 X 7 X 45 X X	X X X X X X
X	X
X	X
X X	X X X X X X
X 2 X	X X X 1 X
X	X
X 6 X 2 X 6 X 3 X	X 1 X X X 1 X 1 X
X 3 X 2 X 3 X	X X X X X
X	X 1 X
X	X 2 X
X 1 X	X 4 X
X 5 X	X X 3 X
X 6 X	X 1 X X X
X	X
X	X
X 3 X	X X X
X X 1 X	X X X X 1 X
X	X
X 2 X	X 1 X 2 X X
X 46 X 31 X 89 X 5 X 2 X	X 3 X X X X X X X 1 X
X	X
X 42 X 1 X	X X 1 X
X X	X X X
X 3 X 1 X 8 X	X 1 X 1 X 1 X
X 2 X X	X X X X X
X 35 X 28 X 8 X X	X X X X 1 X 1 X
X	X
X 2 X X X	X X X X 1 X
X	X
X 3 X	X X X X
X X 28 X	X X 1 X
X 1 X 2 X X	X X X X 1 X
X	X
X 47 X	X 1 X 1 X
X 53 X X 2 X	X 1 X X X X X X 1 X
X 44 X 42 X	X X X X X X
X 1 X X 1 X	X X X X X 1 X
X 102 X	X 2 X
X	X
X 8 X 9 X	X X 3 X X X
X	X
X	X X
X 83 X 84 X	X X 2 X X
X 174 X 2 X X	X X X X X X
X	X
X 1 X X	X X X X X X
X X	X X X X
X X 1 X X	X X X X 2 X 1 X
X X 2 X	X 1 X X X X X X
X	X
X	X
X X 2 X	X X X
X X X X	X 1 X X X 1 X X X
X 4 X X	X X X X 1 X
X X	X 3 X
X	X
X 41 X	X 1 X
X 2 X	X 1 X 2 X X 2 X 1 X
X 10 X 2 X 33 X 27 X	X X X X X X X X X X X X X
X 1 X X	X X X X
X X	X 1 X 1 X X X
X 1 X	X X X X
X	X
X 1 X X	X X X X X X
X X 7 X X	X X X X X
X	X
X 6 X	X X X X 2 X X X
X 6 X	X 4 X X X X 1 X 1 X
X 1 X 2 X 31 X	X 1 X X X
X	X
X	X 2 X
X 1 X 2 X	X X X X
X	X
X 13 X X 2 X	X 1 X 3 X X X
X 5 X 13 X 22 X	X 3 X X X
X 5 X X	X X X 1 X 1 X
X	X
X 9 X	X X
X 12 X 7 X 1 X	X X X X X X X
X X	X X X
X 2 X	X X X
X 86 X	X 8 X
X	X
X	X
X	X
X 76 X	X X X
X	X
X	X
X 1 X X	X X 1 X 1 X
X	X
X 2 X 29 X	X X X
X 1 X X	X X X 3 X
X 5 X 2 X 130 X	X X X X X X X
X X 49 X 1 X	X 2 X X X
X	X
X 4 X	X X X
X 15 X X 16 X 2 X	X 2 X X X X X X 2 X
X 12 X	X X 1 X
X 25 X	X 2 X 1 X
X 3 X	X X
X 1 X	X 1 X
X	X X
X 11 X 9 X	X X X
X 148 X X	X X X X
X 4 X 2 X 1 X 5 X	X 1 X X X X 1 X
X	X 2 X
X 2 X	X 1 X
X X X	X X X X X X
X 3 X X	X X X X X
X	X
X 6 X 3 X 1 X	X X X X X 1 X X X
X 6 X 3 X	X 4 X X X X 1 X 1 X
X 2 X 1 X 81 X	X 1 X X X
X	X
X 3 X	X 2 X
X X 1 X 78 X	X X X X 1 X
X	X
X 1 X 24 X	X X X
X 80 X 39 X 38 X X	X 1 X X X 1 X 1 X
X	X
X 23 X	X X
X 5 X X 5 X	X 1 X X X
X	X
X	X 2 X
X X	X X X X 1 X
X	X
X 21 X	X X X
X X 25 X 26 X 80 X	X 1 X X X 1 X 1 X
X	X
X X 38 X 36 X	X X X 1 X 4 X X
X	X X
X 2 X 31 X 2 X	X 1 X X X X
X	X
X 25 X 2 X	X X X X
X	X
X 1 X 47 X 8 X	X 1 X X X X
X	X
X 43 X 1 X 42 X	X X 1 X X 1 X
X 2 X	X X X
X 1 X	X X X
X	X
X	X
X X X X	X X X X 1 X
X	X
X	X X
X 2 X 1 X	X X X X
X X 1 X 103 X X	X X X X X 1 X
X X 3 X X	X X X X 1 X
X	X
X	X 7 X
X 6 X X 9 X	X X X X X X X X
X 5 X 3 X 4 X	X 2 X X X 1 X
X	X
X 6 X 1 X 7 X	X 1 X 1 X X X
X 2 X	X X X
X 1 X 12 X	X 1 X 1 X 1 X 1 X
X 2 X 1 X 1 X	X 4 X 1 X X
X 72 X 89 X 114 X	X X 1 X 1 X
X	X
X	X X
X 115 X 3 X 117 X	X X X X
X X 23 X	X X X
X 27 X X	X X X X X 1 X X X
X 22 X 2 X 20 X	X X X X X X X
X	X
X 50 X 51 X	X X X X 1 X
X 1 X	X 1 X
X	X
X 2 X 2 X 10 X 44 X 1 X	X 5 X X X X 1 X 2 X
X X X	X X X 1 X X
X	X 1 X
X X	X X X X 1 X
X	X
X	X
X 2 X 2 X 1 X 6 X	X 1 X 2 X X X 1 X 1 X
X X	X X
X	X
X 180 X	X 4 X X
X	X
X	X
X X 145 X 56 X 2 X X 89 X X 1 X 5 X 3 X	X 1 X X X X X X X X X X X 1 X
X	X
X 376 X 1 X 183 X X	X X X X X X X
X	X X X X
X	X
X	X
X	X
X 50 X 6 X	X 1 X X
X	X
X 3 X	X X
X 6 X	X X
X 1 X X	X X X X
X	X
X 1 X	X X X X 1 X
X 3 X 7 X X	X X X X X
X	X
X 3 X 2 X 51 X 14 X 17 X	X X X X X X X X X
X 3 X 6 X	X 4 X X X 1 X 1 X
X X 1 X 4 X	X X X X X
X 35 X	X X X X
X	X
X 7 X	X 1 X 1 X X X
X X 27 X	X X 23 X X X 1 X
X 27 X 23 X X	X X X 1 X
X X	X 1 X X 3 X
X	X
X 27 X 23 X 8 X 20 X 7 X 21 X	X X X X X X 1 X
X 1 X 13 X	X X 1 X 1 X
X	X 2 X
X 13 X 4 X 2 X	X X X X
X 1 X	X X
X 18 X 1 X X	X X X 1 X X X
X 43 X 25 X	X X X
X	X
X	X
X 1 X 1 X 22 X	X X X X 1 X
X	X
X X 1 X	X X X 1 X
X 15 X 42 X 3 X	X 1 X 1 X X X X X
X X	X X X
X X 1 X 2 X	X X X X X 1 X
X 1 X	X X
X	X
X 1 X 4 X X	X X X X X X X X
X X	X X X 1 X
X	X
X X	X X X 3 X X X
X 5 X X X	X X X X X X X
X 7 X	X 1 X
X	X
X X	X 2 X
X	X X X
X	X
X	X X
X 1 X	X X X
X 75 X 92 X 97 X	X X X X
X	X
X 179 X 1 X	X 4 X X
X	X
X 190 X 44 X 59 X X 90 X 91 X 92 X X 9 X	X 1 X X X X X X X X X X X 1 X
X	X
X 373 X 4 X 183 X 1 X	X X X X X X X
X	X X
X	X
X 12 X	X 5 X
X	X
X	X
X	X X
X X 87 X	X X X 1 X
X 6 X 5 X 11 X 2 X 101 X	X X X X X X X X X X 1 X
X X 179 X 1 X	X X X X X X 1 X
X 196 X	X 1 X
X	X
X X X 192 X 103 X 6 X X 93 X 2 X 4 X	X 1 X X X X X X X X X X 2 X
X X 62 X	X 1 X X
X 2 X 181 X 177 X	X X X X 1 X 1 X
X	X
X	X
X 1 X	X X X
X 51 X 36 X 10 X 4 X 1 X	X 1 X X 1 X X X
X	X
X 40 X	X 21 X
X X X 105 X 191 X X 1 X 192 X 106 X	X X X X X X 1 X 1 X X X X X X 1 X
X X 11 X	X X X X
X 2 X	X X X
X 1 X 4 X	X 1 X X
X	X
X 3 X X 3 X 3 X X 1 X	X X X X X X X 2 X X X X X X X 1 X
X	X 1 X
X X 4 X	X X X
X X 1 X 1 X	X X X 1 X 1 X
X	X
X 18 X	X X X X
X 2 X	X 1 X
X	X
X 5 X 48 X X X 4 X 2 X	X 1 X X X X X X X 2 X 2 X
X 3 X	X 1 X
X 1 X X	X X X
X 2 X	X X
X	X
X	X X
X	X
X 109 X	X X 1 X
X	X
X	X
X 2 X X	X X X X
X 2 X	X 1 X
X X	X X 3 X
X X	X 1 X
X 65 X	X 1 X
X 4 X	X X X
X 64 X 35 X	X X X X X X
X 33 X X 36 X X	X X X X 1 X 1 X
X	X
X X 3 X	X X X X 1 X
X 7 X 8 X	X 6 X X X 4 X
X	X X
X X 3 X X	X 2 X X X X X 1 X
X 10 X 2 X 6 X 90 X	X X X X X
X	X
X	X X X
X 5 X 2 X 80 X	X 1 X X X X 1 X 1 X
X X X X	X X X X X
X	X 1 X
X X X	X X X X 1 X
X 2 X X X	X 1 X X X X X X 1 X
X X 2 X	X X X 2 X X X
X 17 X 3 X	X 2 X X
X 3 X 2 X	X X X X
X	X X
X X	X X X
X X X 29 X	X X X X X X 1 X
X 31 X 7 X	X X X
X	X
X 1 X X 4 X	X 2 X X X
X 2 X 3 X 2 X X	X X X X X X
X	X
X	X
X	X 6 X X X
X	X
X	X 1 X
X	X
X 1 X 2 X	X 2 X X 1 X
X 1 X X	X X X X 1 X
X 65 X	X X X
X 40 X	X 1 X
X 9 X 127 X 133 X 130 X	X X X X X X
X 1 X	X X X X X X
X 41 X 117 X	X X 1 X
X 115 X X X	X X X 1 X
X 35 X 154 X 157 X	X 1 X X X 1 X
X 69 X 27 X	X X X 20 X
X 77 X X 75 X	X X X X
X 3 X 1 X	X 1 X 1 X
X	X 9 X 2 X
X	X
X 2 X 1 X	X 2 X 1 X
X 1 X	X X
X 8 X X	X X 1 X
X	X
X X 8 X	X X X 3 X X X
X 2 X 1 X	X X 4 X
X 5 X 1 X 4 X	X 1 X X X
X	X
X 2 X	X 2 X
X 1 X 2 X	X X X X 1 X
X	X
X 23 X	X X X
X 80 X 38 X 37 X	X 1 X X X 1 X 1 X
X 22 X	X 5 X
X	X
X X X	X X X X 1 X
X 1 X X 1 X	X 1 X X X X X X 1 X
X X 2 X	X X X 2 X X X
X 10 X	X 1 X
X	X
X 3 X 15 X 2 X 16 X	X 1 X X X X X
X	X
X 41 X 29 X	X X 27 X
X X 7 X	X X X
X 4 X	X X X 1 X
X	X
X 18 X 10 X 29 X X	X X X 1 X X
X 2 X	X 1 X
X X X	X X X X X X
X	X
X 3 X	X X X X X
X	X
X 3 X 2 X	X X X X X 1 X X X
X 3 X 2 X 3 X	X 4 X X X X 1 X 1 X
X	X
X 2 X	X 2 X
X 26 X 30 X X	X 2 X X X X
X 6 X	X X 1 X
X 19 X	X X
X	X
X 2 X 25 X 29 X 2 X 44 X X 35 X	X X X X X X X X X X X X
X	X 1 X
X X 5 X	X X X X
X 176 X 1 X 14 X	X X 1 X X X 6 X
X 143 X 176 X	X X X X X
X	X X
X	X
X 51 X X 47 X X 3 X	X X X X X X X
X	X X X X
X 26 X	X 1 X
X	X 1 X
X 1 X 74 X	X X X
X 24 X 25 X 40 X	X X X 1 X X X
X 25 X 26 X 71 X 48 X 77 X	X X X X X 2 X
X	X
X	X
X	X X
X X 3 X	X X X
X	X 1 X
X X	X X X X
X	X X X X
X 1 X	X X
X	X
X 3 X	X X X X
X	X
X X 1 X	X X X 1 X 1 X X X
X X X	X X X X 1 X
X X	X 1 X
X	X
X X	X X X
X X 4 X	X X X X 1 X
X X	X 1 X
X	X
X X	X 1 X 3 X 1 X
X 3 X 77 X 80 X 3 X	X 1 X X X X X X
X 1 X	X X X
X	X
X	X
X	X
X	X
X 41 X 290 X 254 X 2 X 7 X X 22 X	X X 1 X X X X X X X X X X
X	X
X 3 X 23 X	X 2 X 1 X X
X 59 X X	X X X
X 42 X 64 X 63 X 1 X	X X X X X X
X	X
X 30 X 34 X	X X X X X
X 55 X	X 1 X
X	X
X	X
X X	X X X
X	X
X	X X X
X X 23 X 19 X 1 X	X X X 1 X 1 X
X 47 X X	X X X X X
X	X
X 1 X	X 1 X X X X X X
X 2 X 3 X	X X X X X
X	X
X 2 X 3 X 9 X 15 X	X X X X X 1 X X X
X 3 X 6 X	X 4 X X X X 1 X 1 X
X	X 1 X 1 X
X	X
X	X 1 X
X 32 X 25 X	X X X
X 1 X 23 X 65 X 1 X	X 1 X X X X X X X
X	X
X X	X X X X
X 3 X X	X X X
X 1 X 3 X 2 X	X X X X
X	X
X 28 X 21 X 3 X	X 1 X X X 1 X X X
X 47 X 20 X 71 X	X X X X X X
X 81 X 59 X	X X X X X
X	X 2 X
X 1 X X	X X X X 1 X
X	X
X	X
X 1 X 20 X 62 X 60 X 19 X	X X X X X X X X 1 X X
X 2 X 1 X	X 2 X X
X	X
X	X
X 37 X 30 X 29 X	X X X X X X
X	X
X 1 X	X 1 X
X	X
X 2 X 57 X 1 X 1 X	X 1 X X X 1 X 1 X X
X 5 X 131 X X	X X X X
X 1 X X	X X X X X
X 1 X X	X X X X 1 X
X	X
X X 1 X	X 1 X X X X X X 1 X
X 1 X 2 X X X	X X X X 1 X X X X
X 47 X X 27 X 19 X	X X X X X 1 X 1 X
X	X
X	X
X 1 X	X 1 X X X X 1 X
X X X	X X X 1 X
X	X
X 3 X 3 X 44 X	X 1 X 3 X 1 X
X 19 X X 15 X 3 X	X 2 X X X X X X
X	X
X	X
X 3 X 2 X	X 2 X 2 X
X	X
X X 129 X X	X X 23 X 1 X 1 X
X	X
X	X
X 1 X 181 X 182 X 123 X 73 X	X X X X X 1 X 2 X 1 X
X	X
X	X 3 X X
X	X
X X	X 1 X X
X 9 X 1 X 1 X X	X 4 X X X X X X X
X	X 2 X
X	X
X 163 X 59 X	X 23 X X X 1 X
X X 60 X	X X X
X X	X X X 1 X
X	X
X X 59 X 60 X 93 X X 26 X 100 X	X X X X X X X X X 1 X X X
X 7 X	X 1 X 1 X 1 X
X X X X	X 1 X X X X 1 X
X	X
X	X
X	X
X 1 X 2 X X	X 1 X X X 2 X 1 X
X 5 X X	X X X X X
X	X
X 182 X	X X
X 179 X 1 X	X 4 X X
X	X
X	X
X 173 X 192 X 105 X 2 X 86 X 92 X 93 X 1 X 11 X	X 1 X X X X X X X X X X 2 X
X 61 X	X X
X 378 X 3 X 383 X 185 X X X	X 2 X X X X X X X
X 11 X 1 X	X X 1 X
X X	X 11 X X
X 16 X 2 X 8 X	X 1 X X 1 X
X	X X
X 1 X	X 1 X 2 X 1 X
X	X
X	X 7 X
X 1 X	X X X 2 X X
X 2 X	X X X X X
X	X X
X X 83 X	X 23 X X X 1 X
X	X X
X 1 X	X X X
X X 86 X	X X 21 X
X 1 X 257 X	X X X X X X X 1 X
X	X
X X	X X X
X 56 X	X X 2 X X
X X 5 X 46 X 1 X 51 X	X X X 1 X X X X 2 X
X	X
X X	X X X X 1 X
X X	X X X
X X 1 X 3 X	X X X X 1 X X 1 X
X X 2 X	X X X X X X
X 1 X	X X X X 1 X
X 3 X 7 X	X X X X X
X	X
X 3 X 59 X 10 X 14 X 16 X	X X X X X X X X X
X	X
X 3 X 2 X 3 X	X 4 X X X 1 X 1 X
X 1 X 27 X	X X X X X
X 1 X 1 X	X X X X X X
X	X
X X X X	X X 1 X 1 X
X 31 X 30 X	X 2 X X X X 2 X
X	X
X	X
X 36 X 5 X 10 X	X 1 X X X X X
X X X 33 X 113 X 78 X	X 1 X 20 X X X X X 1 X
X 75 X	X X
X	X
X 39 X X	X X X X
X X 1 X 6 X 8 X 67 X 82 X 2 X 13 X	X X X X X X X X X X X
X	X 1 X
X 1 X	X X X X X X
X 2 X 2 X X	X X X 1 X
X	X
X 6 X 3 X	X X X X X 1 X X X
X 3 X 6 X	X 3 X X X X 1 X 1 X
X X 6 X 7 X	X X X X X X
X 11 X	X X 1 X
X 2 X	X 2 X
X 87 X 2 X	X X X X
X	X
X	X
X 3 X 37 X 38 X 40 X 72 X 35 X	X X X X X X X
X X	X 2 X
X	X
X X 1 X 127 X	X X 23 X X X 1 X
X X	X X
X X	X X X
X 131 X	X 21 X
X 309 X 5 X X 316 X 435 X	X X X X X X 3 X X X X X
X	X
X	X
X	X 2 X
X X	X 1 X 6 X 1 X
X	X
X 23 X 24 X 27 X	X X X X X X X X 2 X
X	X
X 38 X	X 1 X X X
X	X
X 18 X 243 X	X X 1 X
X	X 1 X
X X	X X X
X X 1 X	X 1 X X 2 X
X 3 X X 6 X X 3 X X 6 X	X X X X X X X 1 X X X X X X X 1 X
X	X
X	X
X X	X 2 X
X	X 1 X
X 62 X	X 1 X
X	X
X 65 X 70 X 2 X 17 X	X X X X X
X 143 X 88 X	X 1 X X
X	X 1 X
X 3 X 1 X	X X X X 1 X
X	X
X 1 X X	X 1 X X X 1 X 1 X
X 5 X 7 X	X X X X X X
X X	X X X
X	X
X 34 X X 33 X	X X X X
X	X X
X 84 X	X X X
X 3 X 30 X	X 3 X 1 X
X	X
X X X 20 X X	X X X X X X
X	X
X	X
X 59 X 61 X	X X X X
X	X
X 32 X 1 X X	X 1 X 1 X 1 X X X
X 2 X	X X X X
X 23 X	X X
X	X
X 32 X 2 X	X X X X
X 3 X	X 1 X
X 2 X	X X
X 4 X X 1 X 2 X 29 X	X 1 X X X X X X 1 X
X 9 X 30 X 33 X	X X X X X X X
X	X
X 3 X	X 2 X 1 X
X	X
X X	X X X
X	X
X 3 X X 6 X 2 X 2 X	X X X X X X 3 X X X X X X
X	X
X X 2 X 8 X 7 X	X X X X X
X	X
X 1 X	X X X X 3 X X X
X 1 X	X 1 X 2 X X X
X 10 X	X X X
X	X
X 2 X 3 X	X 1 X X
X 2 X	X X X X
X X	X 1 X
X 342 X	X 3 X
X 1 X	X 1 X
X X	X X X
X	X
X 3 X	X 2 X
X	X X
X	X
X	X
X 61 X 62 X	X 1 X X X 4 X
X 3 X 46 X 83 X	X X 1 X X X 1 X
X	X
X 1 X	X 2 X
X 50 X 1 X	X X X X X 1 X
X	X
X 55 X	X X
X 88 X	X 3 X 1 X
X	X
X X X	X X X X X
X 6 X 17 X	X X X X
X	X
X 17 X 23 X 22 X	X X X X 1 X
X	X X
X 39 X	X X
X	X
X	X
X	X
X 22 X X 22 X 21 X	X X X X X
X	X
X 85 X 87 X	X X X X X X
X	X
X 36 X 3 X	X X 2 X
X	X
X	X
X 2 X X	X X X X
X	X
X X 3 X	X X X 2 X
X 55 X	X X 1 X
X 55 X 51 X	X X X
X 16 X 1 X	X X X X 1 X X
X	X
X X 19 X X 34 X	X X X X X X
X 2 X	X 2 X X
X 220 X 49 X	X X X X
X 163 X	X X X X
X 134 X	X X X
X X 133 X X 134 X 1 X	X 1 X X X 1 X X X
X 59 X	X X
X 178 X 176 X 2 X 1 X	X X X X X
X 37 X 39 X 64 X	X X X 1 X 1 X
X	X
X 1 X	X X 1 X 1 X
X	X X
X 68 X	X X X
X 68 X 4 X X 70 X	X X X X X X 1 X
X 2 X 65 X	X X X X X X
X 107 X 1 X 120 X	X 2 X 1 X X 1 X
X	X
X X 1 X 4 X	X X X X 1 X
X	X
X 134 X 42 X 56 X X	X 1 X X X 1 X 1 X
X 2 X	X 1 X X X X X
X 6 X 9 X X	X X X 1 X 1 X
X	X 9 X 2 X
X	X
X X	X 2 X 1 X
X	X
X X 5 X	X X X 1 X
X	X
X X 8 X	X X X X X 1 X X X
X X	X X 4 X
X 5 X 1 X 80 X	X 1 X X X
X	X
X 3 X	X 2 X
X X	X X X X 1 X
X	X
X 25 X	X X X
X X 26 X 28 X	X 1 X X X X X 1 X
X	X
X	X
X	X 2 X
X	X
X 2 X	X 2 X X
X 1 X	X X X 1 X X 1 X
X X 2 X 3 X 4 X 1 X	X X X X X X X X X X X X X
X 94 X	X 1 X
X 96 X 98 X X	X X X X
X	X
X 96 X 2 X 119 X	X X X X X X
X 86 X	X X X
X X	X 3 X
X	X
X 1 X X	X 1 X 2 X X 2 X 1 X
X 7 X 1 X X 5 X X 2 X	X X X X X X X X X X X X X
X	X
X	X
X 11 X	X 2 X
X	X X X
X 2 X 1 X	X X X X 1 X
X 3 X	X 1 X
X X 145 X	X X X
X	X
X X 143 X 234 X X	X 1 X X X 1 X X 1 X
X X 35 X 6 X 188 X	X X X X X X X X X
X	X X
X X	X X X X
X	X
X X X	X X X
X 59 X 70 X 8 X	X X X 1 X 1 X
X 60 X X	X X X X X
X	X
X X 2 X X 26 X X 4 X	X X 1 X X X X 1 X 1 X
X X	X X X X
X	X
X	X
X 36 X 1 X 5 X 46 X 2 X	X 1 X X X X X 1 X X
X 3 X 16 X X	X 2 X 1 X X X
X	X X X
X	X
X 5 X 4 X 2 X	X 1 X X X X X
X X X	X X X X
X	X
X X 16 X	X X 2 X
X 7 X 8 X X 21 X 10 X	X 1 X X X 1 X X X
X X 24 X 37 X 4 X	X X X X X
X X	X X
X	X
X 1 X X	X 1 X X
X 20 X	X X 1 X
X	X
X 47 X	X 1 X
X 1 X X 47 X 1 X	X 1 X X X X X 2 X 1 X
X X 47 X 20 X	X X X X X
X 2 X 3 X 2 X	X X X X
X	X
X 3 X 7 X	X X X
X	X
X X 21 X	X X X
X 2 X X	X X X X 1 X 1 X
X 1 X	X X X X 1 X
X	X
X X	X 1 X X X 1 X 1 X
X X 1 X	X X X X 1 X
X X 6 X X	X X X X 1 X
X	X
X 26 X 44 X 1 X	X X X 1 X
X	X X
X X	X X X X
X 1 X X	X X X X X X 1 X 1 X
X X 13 X X X	X X X X X X X
X 3 X	X 1 X
X	X 2 X
X 5 X	X 5 X
X X	X X X 2 X
X 9 X	X X X
X 26 X 3 X	X 1 X 1 X 1 X
X 104 X	X 21 X
X X	X X 4 X
X X	X X X
X X 1 X	X 9 X 2 X
X X	X 4 X
X X X	X 1 X 4 X
X	X
X 4 X 5 X	X X X 1 X
X	X
X X	X 1 X X X 1 X 1 X
X	X
X X	X 5 X
X	X
X 34 X 64 X 8 X 26 X 23 X	X X X X X X X X
X 1 X X	X X X X
X 4 X 61 X	X X X X
X	X
X	X
X X	X X X
X 1 X	X 4 X
X 2 X 51 X	X 4 X X
X	X
X	X
X 1 X 96 X 1 X 111 X X X 9 X	X 1 X X X X X X X X X X 2 X
X	X
X	X
X	X
X	X X X X
X 1 X 3 X	X 1 X X
X 2 X 4 X 5 X	X X X 1 X
X 5 X	X X
X 16 X X 19 X	X X X 1 X 1 X
X	X
X 44 X X 2 X	X X X X 2 X X
X	X 2 X X 1 X
X X 4 X	X X X
X	X
X 2 X	X 2 X
X X	X X X X 1 X
X	X
X 22 X 3 X	X X X
X 80 X 39 X 38 X	X 1 X X X X X 1 X
X 54 X	X X
X 2 X X 178 X 25 X	X X 1 X X X
X	X
X 151 X 148 X 1 X	X X X X 1 X
X	X
X 1 X	X 1 X 1 X
X	X
X 16 X	X 1 X 1 X 1 X X X
X 2 X	X X X X X X
X 78 X	X 1 X
X 8 X	X X
X 1 X X	X 1 X X X X
X	X
X 234 X 1 X	X X X X X X
X 10 X 1 X 96 X	X X 1 X 1 X
X	X
X 1 X 77 X X	X X X X X X
X 75 X	X 5 X
X X	X 2 X X
X 2 X	X 1 X
X	X
X X 4 X	X X X X 1 X
X	X
X 7 X 1 X	X 1 X 1 X 1 X 1 X
X 2 X X 12 X 2 X 3 X	X X X X X X X 1 X X
X X	X 3 X X
X	X
X 1 X	X X X 1 X
X	X
X 1 X X 1 X	X X X X 1 X 3 X
X 4 X X 6 X	X X X X X X 2 X 2 X 1 X 1 X
X 2 X 2 X 1 X	X 1 X 1 X 1 X 1 X
X X	X 2 X
X	X 2 X
X 1 X	X X X X 1 X
X	X
X	X
X 4 X 5 X	X 1 X 2 X X X X
X	X
X	X 5 X
X	X
X	X
X X 1 X X	X X X X X X
X	X
X	X
X 28 X 2 X 28 X 54 X 19 X	X 1 X X 2 X X X 2 X 2 X
X 2 X 20 X	X 4 X 1 X
X X 40 X	X X X X
X	X 1 X X X
X 167 X	X X X
X	X
X 2 X 1 X	X X X 1 X 1 X
X 20 X	X X X X 1 X X
X	X X X
X	X
X	X 2 X
X 3 X 2 X 1 X 78 X	X X X X 1 X
X 1 X	X 2 X
X 22 X	X X X
X X 25 X 26 X 80 X	X 1 X X X X X 1 X
X 20 X	X X
X	X
X 140 X	X X
X 1 X 132 X 134 X 6 X 3 X 62 X 56 X	X X X X X X 2 X X X 1 X 1 X
X X	X 1 X
X X	X 2 X
X 1 X	X 2 X
X X 1 X	X X X X X X 1 X
X	X 1 X
X	X 7 X
X X 1 X	X X X 3 X
X 48 X 2 X X 47 X	X X X X X 1 X
X	X
X	X 2 X
X 1 X	X X 1 X
X	X
X	X
X 136 X 1 X 40 X 47 X	X X X X X X X X 1 X X
X 57 X 1 X	X X 1 X
X	X
X X	X 2 X
X 3 X	X X
X	X
X 21 X	X 1 X
X 4 X	X X X
X	X
X 62 X 100 X 101 X	X X X X X 1 X
X 3 X	X X X X
X	X X
X 18 X	X X 1 X
X 3 X 2 X 7 X	X X X X X X X X X
X	X X
X	X
X 1 X X	X X X X 1 X
X	X X
X X 2 X	X 1 X 1 X 1 X
X 1 X	X X X X 1 X X
X 392 X 11 X	X 2 X X X
X	X
X 3 X	X 1 X
X 5 X 8 X	X X X X X 1 X
X 314 X 250 X 66 X X	X X X X X X
X	X
X 2 X 3 X 25 X	X 1 X X X X
X 18 X 1 X 116 X	X X X X 1 X
X	X
X 1 X X 9 X	X 1 X 1 X X 2 X
X 2 X 338 X 309 X X	X X X X X X
X	X X 1 X
X	X
X	X X X
X 1 X	X X
X 2 X 22 X 16 X X	X X X X X X 1 X 2 X
X 13 X 2 X 35 X 1 X 46 X X	X X X X X X 1 X
X	X
X X 5 X 3 X	X X X X 1 X
X 35 X 2 X X	X X X 1 X
X 38 X 1 X	X 1 X 3 X 1 X
X	X
X X	X X X 1 X 1 X
X 147 X	X X 1 X
X	X
X	X
X 21 X 20 X	X X X X 1 X
X 150 X	X X X 1 X
X 113 X 111 X 75 X X	X 1 X 3 X 1 X X 1 X 2 X
X	X
X 148 X 3 X	X X X X 3 X
X	X
X	X
X 10 X 3 X	X 1 X X X 1 X
X 1 X	X 1 X 8 X
X	X
X	X
X 2 X 13 X	X X X X X X X X 2 X
X	X X
X X 2 X 5 X	X X X X X X X
X 4 X	X X X
X 1 X 2 X	X 5 X X X
X	X X
X X 80 X	X X X
X	X
X 78 X 74 X	X 1 X X
X	X X
X 3 X 4 X	X X X X 1 X
X	X
X 1 X 23 X	X X X
X 78 X 24 X 25 X X	X 1 X X X X X 1 X
X	X
X 76 X	X X
X	X
X 3 X 1 X	X X X X
X 58 X 1 X 22 X X 24 X 1 X X 16 X	X X X 1 X 1 X X X 1 X X X X X
X X 78 X 67 X 2 X	X 2 X X X X
X 46 X 1 X 11 X 3 X 5 X 7 X	X X X X X 17 X 1 X X
X 1 X X 1 X	X X X X X X
X X 236 X	X X X X X X 1 X
X	X
X	X
X 183 X 186 X 185 X 184 X 2 X 1 X 11 X 1 X X	X X X X X X X X X 1 X 1 X X
X 335 X 11 X 8 X	X X X 1 X X X
X 39 X 36 X X 5 X 23 X	X X X X X X X X
X X	X X X
X	X 1 X
X 1 X X 1 X	X X X X 1 X
X	X
X X 1 X	X X X 1 X
X	X
X 4 X	X X X X X 4 X
X	X X X X X X
X 23 X	X X
X	X
X 32 X 1 X X	X X X X
X 3 X	X 1 X X
X	X
X 1 X X 3 X 29 X	X 1 X X X X X X 1 X
X 12 X 3 X 7 X 35 X	X X X X X X X
X	X X X
X	X
X 69 X 66 X	X X X X
X 4 X 1 X	X X X X X
X 3 X X	X 1 X 1 X
X 1 X	X X X X 1 X
X 3 X 2 X 1 X	X X X 1 X
X	X
X 1 X	X 5 X
X	X
X X X	X X X X
X X X	X X X
X X	X 2 X
X 84 X X 2 X	X 1 X X 1 X X
X 39 X	X X 1 X 1 X
X	X
X 25 X	X X
X 3 X 32 X	X X X 1 X 1 X
X 60 X 81 X	X X X X X 1 X
X	X
X 3 X 2 X	X X X X
X	X
X 2 X 1 X 42 X	X 23 X X X 1 X
X 47 X	X X
X 1 X 7 X	X 1 X X X 3 X
X	X
X 11 X 2 X 15 X 13 X 14 X	X X X X X X
X	X
X	X
X X	X 3 X X
X X 2 X	X X X 1 X
X	X
X X 3 X 1 X	X X X X X X 3 X
X 4 X 1 X 2 X 1 X 1 X 9 X X	X X X X X X X 1 X 1 X X X X 1 X
X 3 X 58 X	X X X 1 X
X	X
X	X 1 X
X	X
X	X
X X	X X X X X X
X 6 X 3 X	X X X
X	X
X 2 X 66 X	X X X X
X	X
X	X X X
X 6 X 2 X 3 X 167 X 3 X 181 X X	X X X X X X X X X
X	X
X 6 X 3 X 41 X	X X X X 1 X
X X 1 X	X 1 X 1 X 1 X
X X	X 2 X
X	X
X X 4 X	X 1 X X 1 X 1 X
X	X
X 1 X	X X X 1 X
X 5 X	X 1 X X X
X	X
X 3 X 2 X	X X X 3 X
X X	X X X X
X 2 X X	X X X X 1 X
X 41 X 7 X	X X X
X 15 X 26 X 24 X	X X X 1 X 1 X
X	X
X 1 X X 5 X	X X X X X X
X 1 X 70 X	X X X 1 X 1 X
X	X
X 2 X 3 X	X 1 X X X X X
X 1 X X	X X X X 1 X
X 2 X	X 1 X
X 321 X 3 X	X X X 1 X
X 4 X X X	X 1 X 3 X 1 X
X 36 X 34 X 73 X 2 X	X X X X X
X 13 X 11 X	X X X
X	X
X	X
X	X 2 X 1 X
X	X X X
X X X	X 1 X X X 1 X 1 X
X 1 X 6 X	X X X
X	X
X	X
X 1 X	X X
X	X
X 10 X X 2 X 60 X	X 24 X X X 1 X
X 55 X 82 X	X X X
X 4 X X	X X X
X	X
X 27 X 85 X	X X X X 2 X X
X X X	X 1 X 1 X 1 X
X	X
X X X	X 1 X X X X 1 X
X 1 X	X 1 X
X	X 7 X
X	X
X	X X
X	X X X
X	X
X 68 X	X 2 X
X X	X X X X 1 X
X	X
X 1 X 20 X	X X X
X X 1 X X	X 1 X X X X X 1 X
X	X
X 2 X	X X
X 2 X 5 X X	X X X X X 1 X
X	X
X 1 X 209 X	X X 1 X
X	X 3 X X
X	X 1 X
X 2 X	X 2 X
X X 108 X 106 X	X X X X X X X
X 231 X	X X X
X 10 X 300 X 1 X 81 X	X X X 1 X 1 X
X 3 X X 14 X	X X 1 X X X X X X
X	X
X	X
X 25 X	X 2 X 1 X
X	X
X 4 X X	X X X 1 X
X 1 X 1 X 23 X 26 X	X 1 X X X 1 X 1 X
X 5 X 11 X 2 X	X X X X X X 1 X
X	X
X 18 X	X X 3 X
X 10 X	X X X 1 X
X	X
X	X
X	X
X 3 X 20 X 1 X 3 X X	X 1 X 2 X X X X X X X X X X X
X 141 X 143 X	X 1 X X X X
X 1 X	X 1 X 1 X
X X	X 2 X
X	X
X 3 X	X 2 X 1 X
X	X
X X 6 X	X X X
X	X
X 10 X 1 X	X 1 X X X 1 X X X
X 1 X	X X 4 X
X 1 X 2 X	X 1 X X 1 X
X 1 X X	X X X X 1 X
X	X 1 X
X 4 X X	X 1 X X 1 X X 4 X
X X 1 X	X X 1 X 1 X
X 52 X 59 X	X X 1 X 1 X
X	X
X	X
X	X X
X 24 X	X 2 X
X 22 X X	X X X
X 1 X X	X X X 1 X
X X 6 X	X X X X X X
X	X
X X	X X X 2 X
X	X
X	X X X
X X 7 X X	X X X X X X
X X 1 X 3 X	X 1 X X X X 3 X
X 2 X 1 X 81 X	X 2 X X X
X	X
X 6 X	X 2 X
X 1 X X	X X X X 1 X
X	X
X 1 X	X X X
X X	X 1 X X X X X 1 X
X	X
X	X X
X 32 X 3 X X 3 X	X X X X 1 X
X	X
X 1 X X	X X X X 1 X
X	X
X 3 X 9 X X	X 1 X 1 X 1 X X X
X 3 X 31 X	X X X X X
X 11 X	X X
X 176 X X 179 X	X X X X
X 1 X X	X X X X
X	X
X	X
X 1 X 2 X	X 1 X 1 X 1 X 1 X
X 2 X 5 X 85 X 176 X	X X X X X X
X 34 X X 14 X 1 X	X X X 1 X 1 X
X	X
X 52 X 1 X 2 X	X X 1 X X X
X 2 X	X 1 X
X 56 X 58 X	X 1 X 3 X 1 X
X 3 X 2 X	X 1 X X X
X	X X
X 1 X X	X X X 2 X
X	X
X 46 X 76 X	X 1 X 2 X X X X
X	X 3 X
X	X
X	X 2 X
X	X
X 2 X X 2 X 170 X	X 1 X X X X X X 1 X
X 4 X 174 X 173 X	X X X X X
X 2 X	X 1 X
X	X
X	X X X 2 X
X	X
X 1 X X	X X X
X X	X 1 X X X 1 X
X 166 X 22 X 141 X 183 X	X X X X 1 X X X X
X 2 X	X X 1 X
X 3 X	X X
X X 2 X 3 X 26 X 23 X X	X X X X 1 X X 1 X X X
X 2 X	X X 1 X
X X	X 2 X 1 X
X	X
X 2 X	X X X X X
X X	X X X X X
X 1 X 3 X	X X X X
X 5 X X	X X X 1 X 1 X 1 X
X	X
X 2 X	X X 3 X
X 1 X	X X X 1 X
X X 1 X 3 X 1 X	X X X X X 2 X X X
X 1 X 4 X	X X X X X X X
X	X
X 23 X 24 X	X X X X X X X
X	X
X 2 X 3 X	X X X X X X 1 X
X X X	X X X 2 X X
X 2 X	X 1 X 1 X
X	X X X X
X	X
X X 2 X	X 2 X X 2 X 1 X
X X	X 1 X
X	X
X X 1 X	X X X X 1 X
X	X
X X 1 X	X 1 X 1 X 1 X 1 X
X 3 X 20 X 10 X	X X X X X X X X X X
X	X
X	X
X 18 X 3 X	X X X 1 X 1 X
X	X
X 1 X X	X X 1 X 1 X
X	X
X 4 X 2 X 6 X	X 1 X X X 1 X 1 X
X 2 X 11 X	X 1 X X X X
X	X
X 30 X 16 X 98 X	X X 1 X 1 X
X	X
X 74 X	X X X X X X
X 5 X	X 3 X
X 2 X 1 X	X 2 X X
X	X
X 47 X	X 2 X
X X 2 X	X 2 X 1 X
X	X
X X	X X
X X X 19 X 2 X X	X X X X X X X
X	X 1 X
X	X
X X X	X X X X 1 X
X	X X
X 2 X 42 X	X X X
X 33 X 10 X 2 X 15 X 22 X X	X 1 X X X X 1 X X X X 4 X
X 24 X	X X X X
X X	X 1 X
X 1 X	X 2 X
X X	X 2 X
X X 1 X X	X X X X X X 1 X
X X	X 1 X 1 X
X	X 7 X
X 3 X	X X X 3 X
X	X
X X	X X X
X X 2 X	X X 1 X X
X X 2 X 2 X 2 X X 2 X	X X X X X X X 1 X X X X X X X 1 X
X 34 X 2 X	X X X X X X
X	X
X 33 X	X 1 X
X	X 4 X
X X	X 1 X
X X X	X 1 X 3 X 1 X
X 103 X	X 1 X
X	X
X X	X 2 X
X 3 X	X X X
X	X
X	X X
X 1 X	X X X
X X 94 X 99 X	X X X X
X	X
X	X
X	X
X 1 X	X X X
X	X
X 3 X	X X X
X X 2 X	X X X X X X
X 2 X 6 X 2 X	X X X X
X	X X X
X	X
X	X
X 3 X	X X X X 2 X
X 2 X 3 X 2 X 30 X 16 X 3 X 7 X	X X X X X 2 X X X X X
X 11 X	X X X X
X	X
X 1 X 1 X X	X X X X X X
X	X
X 10 X 2 X	X X X
X	X
X 53 X 56 X 60 X	X X X X X X X X X X X 4 X
X 50 X	X X X
X	X
X	X
X X	X X X X 1 X
X	X
X 3 X 1 X	X X X 1 X
X 47 X 19 X 17 X 44 X	X 1 X X X 2 X X
X	X
X 1 X 1 X	X X X X
X 3 X 1 X 51 X	X X X 1 X
X	X
X 1 X 2 X	X X X X 1 X
X 2 X	X X X 1 X
X X X	X 1 X 1 X X X
X 51 X	X X X X X X X
X 18 X 49 X	X X X X 1 X
X 47 X	X 1 X
X 103 X	X 1 X
X 1 X X	X X X
X 6 X 1 X 65 X	X 1 X 1 X 1 X 1 X
X	X
X 1 X 71 X 72 X	X X X X X X
X 1 X	X X 1 X
X 1 X X	X 1 X 2 X
X	X
X 2 X X	X X X 1 X 1 X X X
X X 3 X X	X 1 X 1 X X
X 1 X X 23 X	X X X X X X
X	X
X X X 42 X	X X X X 1 X
X	X
X 5 X X	X X X
X 7 X 1 X 4 X X	X X X 1 X X 1 X
X	X
X 26 X	X X X X X
X X 2 X 22 X	X X 1 X 1 X
X	X
X 63 X	X X X
X X	X 2 X
X 1 X X 2 X X	X X X X 1 X
X X 2 X	X 1 X X
X 6 X 4 X 5 X	X X X X X X
X X 1 X	X X X X X X X
X	X
X X 2 X X 1 X	X X X X X X
X X 1 X	X X X 1 X
X	X
X	X X X X X X
X	X
X	X
X X X	X X X X
X	X
X 34 X	X X X
X 5 X 6 X	X X X 1 X 1 X
X 7 X 2 X 3 X	X X X X X X X
X 2 X	X 1 X 1 X 1 X
X X	X 2 X
X	X 2 X
X X	X X X X 1 X
X	X
X	X
X	X
X 1 X 2 X	X X X X 2 X X
X 88 X	X 5 X
X	X
X 1 X X X 9 X	X 23 X X X 1 X
X 4 X	X X X
X X	X X
X	X
X 83 X 81 X 78 X 84 X	X X X X X X X
X	X X X X 1 X
X	X
X 1 X X	X X X
X 4 X 5 X 34 X 37 X	X X X X X X 3 X
X 2 X 10 X 2 X 10 X	X X X X X X X X X X
X X	X 3 X
X	X
X 40 X	X 1 X
X 2 X	X 1 X 2 X X 2 X 1 X
X 10 X 3 X 62 X 63 X 3 X 2 X	X X X X X X X X X X X X X X
X	X
X X X	X X X X 1 X
X 219 X 301 X 1 X	X X X 1 X 1 X
X 2 X 110 X X 229 X 1 X 230 X 232 X X	X X X X X X X X 1 X
X X	X X X X
X	X 1 X
X	X
X 230 X 2 X 117 X X 3 X	X X 1 X 2 X 1 X 2 X
X 9 X X 9 X 94 X 106 X 2 X	X X X X 1 X X X X X
X	X
X	X
X 2 X 1 X	X X X X 1 X
X X	X 1 X
X X 1 X 2 X	X X X X X X 1 X
X X 5 X 2 X	X X X X X X
X 42 X 41 X	X X X X 1 X
X 1 X 4 X	X X 1 X 1 X
X 2 X	X 1 X
X	X
X 3 X X 1 X 3 X	X 1 X 1 X X X X X
X 36 X 38 X	X 1 X X X X X X
X	X
X 2 X X 21 X	X X X X X X
X	X
X 1 X	X X 2 X
X 1 X X 40 X	X X X X 7 X
X	X
X 21 X 7 X 11 X 1 X	X X X X 1 X 5 X 1 X
X X	X X X
X	X
X 1 X 80 X 79 X	X 2 X 1 X X
X 34 X	X X 2 X
X 34 X 30 X 121 X	X 24 X X X 1 X
X 6 X 86 X	X X X
X 3 X	X X X 1 X
X	X
X 80 X 2 X 76 X 118 X	X X X X X X 1 X
X	X
X	X
X 2 X 2 X 1 X 2 X	X X X X X 1 X X
X 2 X 3 X X	X X X 1 X
X	X
X 2 X	X 1 X 3 X 1 X
X 4 X X 4 X	X X X X 1 X
X	X
X	X
X 180 X X	X 4 X X
X	X
X	X
X X 191 X 45 X 58 X 1 X 91 X X 1 X 9 X	X 1 X X X X X X X X X X 2 X
X 61 X 305 X	X X X
X 378 X 3 X 204 X 6 X 2 X 1 X	X 2 X X X X X X X
X	X
X 142 X	X 3 X X
X	X
X 18 X X	X X X X
X 2 X	X X X 1 X
X	X
X 5 X 48 X X X 4 X 2 X	X 1 X X X X X X X 2 X 2 X
X 24 X	X 1 X
X	X
X	X
X	X 2 X
X 3 X	X X X
X	X
X	X X X
X X	X X X
X 75 X 92 X 97 X	X X X X
X 32 X 42 X 184 X 182 X 39 X	X X 1 X X X X X 1 X
X 137 X 4 X	X X X X X
X 3 X 43 X 2 X X	X 1 X 1 X X 1 X 2 X
X 58 X 2 X	X X X
X 1 X 6 X 3 X	X X X 1 X 1 X
X 2 X	X 2 X
X 2 X	X 4 X
X 1 X	X X X X
X 2 X X	X X 23 X X X X
X X X	X X X
X	X 1 X X X
X	X
X X 4 X X	X X 4 X X
X 17 X 2 X	X 2 X X 1 X
X	X
X	X 2 X
X 11 X 7 X X 3 X	X X X X X X
X	X 1 X
X 1 X 27 X	X X X 1 X
X	X
X 2 X 6 X 2 X X 23 X 3 X	X X X X X 1 X X X X
X X 1 X	X X X X X X
X 2 X	X X
X	X
X	X
X	X
X X	X X 2 X
X 1 X X X	X 1 X X X X X X X X 2 X
X 1 X 9 X	X X 1 X 1 X
X 5 X 1 X X	X X X X 1 X
X	X
X	X 1 X
X 1 X	X X X X X
X 11 X 2 X 94 X	X 1 X X X
X 178 X	X X
X 2 X	X 1 X
X 103 X 102 X	X X X X
X 60 X 58 X 61 X X 5 X	X X X X X X 1 X
X 73 X X 75 X	X X X X X
X 173 X 172 X 191 X X 1 X 217 X 108 X 4 X 5 X	X X X X X X X X X X X X
X 3 X	X X X X
X 40 X 43 X 50 X	X 1 X X X X X
X	X
X X 2 X 3 X 6 X	X X X 1 X X X 5 X
X 28 X 32 X	X X X
X 2 X	X 1 X
X 1 X	X X X X 1 X
X	X 1 X
X	X
X 33 X 10 X	X 1 X X X 1 X 1 X
X 41 X 43 X 3 X 40 X 45 X	X X X X X 1 X X
X 1 X	X 1 X
X 20 X 35 X 34 X 18 X	X X X X 1 X
X X	X X
X 77 X 39 X 49 X 4 X 112 X	X X X 1 X X X 2 X
X 1 X 2 X 63 X 16 X	X X X X X X 1 X
X X 80 X	X X X
X	X
X 2 X	X 2 X
X X	X X X X 1 X
X	X
X 1 X 11 X	X X X
X 80 X 38 X X	X 1 X X X 1 X 1 X
X 18 X	X X
X 3 X	X 1 X X
X	X
X 23 X 3 X 15 X	X 1 X X X
X	X
X	X X X
X 2 X 3 X 184 X 176 X 2 X	X X X X X X X X X X
X 6 X X 3 X 38 X	X X X X X X 1 X
X X 2 X X	X X X 1 X 1 X
X	X
X	X 4 X
X	X
X 2 X X	X 1 X 1 X
X 5 X 3 X 6 X 19 X	X 1 X X X X X X
X	X X 1 X
X 3 X X	X X X X
X	X 1 X
X X	X 1 X
X X X 10 X	X X X X X X
X	X
X	X X
X 1 X 340 X 1 X 26 X	X 1 X X X X 1 X
X	X
X 6 X X	X X X 1 X
X	X
X X 3 X X 2 X 299 X	X X X X X 2 X 1 X
X	X
X 8 X 320 X 328 X	X 1 X X 1 X
X 3 X X	X X X X X X
X 8 X	X X X X X 1 X X
X	X
X 83 X X 80 X	X 1 X X X 1 X
X 1 X 5 X	X X X X X
X	X
X X 2 X	X X X 1 X
X 2 X	X X X
X 9 X 6 X	X 1 X 1 X 1 X
X 92 X	X 1 X X X
X 4 X	X 1 X
X	X
X	X 2 X
X 2 X	X X X
X	X
X X	X X X
X 1 X	X X X
X 17 X 1 X 102 X	X X X X
X 41 X X 49 X	X X 1 X 1 X
X 5 X 7 X	X X X X 1 X
X 24 X	X X
X 1 X X 2 X	X X X 1 X 1 X X 1 X
X 1 X	X 3 X X X X
X 38 X 39 X	X 1 X X X 1 X 1 X
X X	X 2 X
X 6 X 4 X	X 2 X 1 X X
X X	X X X 2 X
X	X 1 X
X X 4 X X	X X X X X
X 3 X 2 X 63 X	X 1 X X X X
X 3 X	X X 4 X
X 36 X 41 X X 3 X	X X X X 1 X 1 X
X	X
X	X X
X 10 X	X 1 X
X X	X X
X 7 X 20 X 9 X	X X X 1 X
X 1 X X	X X X X X
X	X
X X X	X X X X X X
X X 7 X	X X X X X
X	X
X 55 X 62 X 66 X	X X X X X X X 1 X
X	X
X 6 X 3 X	X 4 X X X X 1 X 1 X
X 3 X	X X X
X	X
X 3 X	X X 1 X
X	X X X
X 1 X 16 X	X 1 X 1 X X X
X X 25 X 23 X	X X X X X X 1 X
X 2 X	X X
X 312 X 310 X 229 X	X X X X X 1 X
X 3 X 1 X 15 X 14 X 11 X	X X X X X X X X
X	X
X 6 X	X X X X X 1 X X
X X 3 X	X X X 1 X
X	X
X 2 X 4 X	X 1 X 3 X 1 X
X 3 X 2 X	X X X X 1 X
X	X
X	X
X	X
X 1 X X 4 X X 1 X	X X X X X X
X	X
X	X
X 53 X X 53 X	X 1 X X X 1 X X X
X X 48 X X	X X X X X X
X 1 X X	X 1 X X X
X	X
X	X 2 X
X X	X X X X 1 X
X X	X X
X X 39 X	X X X
X 73 X 42 X X	X X 1 X X 4 X 5 X
X	X
X 34 X 70 X 36 X	X X X X 1 X
X X	X 1 X
X 1 X	X X
X	X
X	X
X 1 X 82 X 57 X 27 X	X 1 X X X X X X X
X 1 X	X X X
X 2 X 40 X 23 X 21 X	X 1 X X X X X X 1 X X
X X	X X X X X
X	X
X 2 X	X X X X X
X 2 X	X 1 X
X 1 X X 2 X	X 1 X X X 1 X 1 X
X 1 X X 1 X	X X X X
X	X
X	X
X	X
X 67 X	X 1 X
X X 2 X	X X X
X 69 X 21 X 2 X 3 X 3 X	X X X X X X X X
X 6 X	X 1 X
X	X 9 X 2 X
X 6 X	X 1 X X X 2 X
X X	X X X
X X	X 1 X X 1 X X
X 3 X X	X X X 3 X
X 103 X	X X
X	X
X 179 X 1 X	X 4 X X
X	X
X	X
X 149 X 62 X 1 X X 92 X 1 X 5 X	X 2 X X X X X X X X X 2 X
X	X
X 3 X 4 X	X 2 X 1 X
X	X
X X 1 X 3 X	X X X X X X X
X 31 X 29 X	X 2 X 5 X
X	X X
X	X
X 38 X	X 2 X 2 X
X 3 X 2 X	X X X
X	X 1 X
X 6 X 36 X	X X X
X 19 X	X X X 1 X
X	X X X X X
X	X
X	X
X 176 X 177 X	X 4 X X
X	X
X	X 1 X
X	X
X 173 X 86 X 2 X 4 X X 93 X 9 X 8 X	X 1 X X X X X X X X X X X 1 X X
X 5 X 306 X	X X X
X 376 X 183 X 1 X 2 X	X X X X X
X	X
X	X
X 49 X	X 2 X
X 20 X 23 X	X X X X 1 X
X 27 X	X 1 X
X 19 X 21 X	X X X 1 X
X 2 X X 30 X X 3 X	X 1 X X X X 1 X 1 X
X	X
X 3 X 37 X 15 X	X X X 4 X
X X	X X X X
X	X
X 90 X	X X 1 X
X 1 X X	X X X X X X
X X 35 X	X X 23 X X 2 X
X 35 X 50 X X	X X X 1 X
X	X
X X 14 X	X X X X X 2 X X X
X	X
X X 31 X 21 X	X X X X X 2 X
X	X
X 2 X	X 9 X 2 X
X	X
X 1 X	X 1 X 2 X 1 X
X	X
X	X
X 1 X X	X 1 X X X 1 X 1 X
X X 4 X	X X X 3 X
X	X
X 42 X	X 24 X X 1 X
X 43 X	X X
X 1 X	X X
X	X
X 63 X 38 X	X X X X
X	X
X 7 X X	X 2 X 1 X
X X 1 X 18 X	X X X X 1 X
X	X
X X 1 X	X 5 X X X 5 X
X 21 X 2 X X	X X X X X
X X	X X X
X	X
X 41 X 37 X	X 1 X X X
X 14 X	X 1 X
X	X
X	X
X	X
X 1 X	X 1 X 2 X
X	X
X 2 X 5 X	X X X
X	X
X 2 X X	X X X 4 X
X 2 X 79 X	X 2 X X X
X	X
X 2 X	X 2 X
X 3 X 4 X 78 X	X X X X 1 X
X	X
X 19 X	X X X
X 80 X 38 X 37 X 1 X	X 1 X X X X X 1 X
X	X
X X	X X
X	X X
X 42 X	X 6 X
X	X
X X X 1 X 45 X	X X X X X X X X
X	X
X	X
X 101 X 99 X	X 5 X 1 X
X 100 X 98 X 3 X	X X X X X X X X
X X	X X X
X	X X
X 180 X	X 4 X X
X X	X X 1 X
X	X
X 174 X 25 X 61 X X 1 X 2 X 83 X 177 X X	X 1 X 1 X X X X X X X X X X 2 X
X 63 X 232 X	X X X
X 184 X 178 X 4 X	X X X X 1 X X
X	X
X 7 X	X 1 X X
X X	X 2 X
X 1 X X	X X X 2 X
X	X X
X 117 X 22 X 16 X	X X X 1 X
X	X
X 75 X 88 X 6 X 2 X X	X 1 X 1 X 1 X X X X 1 X 2 X
X 40 X 19 X	X X X X
X	X
X	X
X	X 24 X X X
X 1 X	X X
X 2 X 21 X 18 X	X X X X X 1 X
X	X
X 29 X	X X X
X 2 X 34 X	X 1 X X
X X 26 X 2 X	X X X X X X
X 3 X	X X
X	X X
X	X
X 2 X	X X X 1 X 1 X
X X	X X X
X X	X 1 X 1 X 1 X
X	X
X	X X 3 X
X	X
X 1 X 2 X	X X X X
X 2 X	X X
X	X
X	X
X 2 X 5 X	X X X 1 X X
X 2 X	X X X 1 X
X	X
X X 2 X	X 1 X 3 X 1 X
X 4 X X 5 X 2 X	X X X X 1 X
X X	X X X
X X	X X X
X	X
X 1 X	X 2 X
X 2 X	X 5 X
X 2 X X	X X 1 X X
X	X
X 1 X	X X 3 X 1 X
X	X
X X 1 X X 3 X 1 X X	X X X X X X X X X X X X X
X 3 X 59 X 277 X	X X X X X X X
X	X
X 2 X 3 X	X X X
X 16 X	X X 1 X
X 19 X 16 X	X X X
X	X
X	X
X 41 X 33 X	X 2 X 2 X
X 5 X	X X 1 X 1 X
X	X
X 3 X	X X
X X 40 X 2 X	X 1 X X X
X 46 X 31 X	X X X X X
X 39 X 40 X	X X 1 X
X X	X X
X	X
X	X X X
X	X
X X 11 X 1 X	X 1 X 1 X X X
X 6 X X	X X X
X	X
X 19 X	X 1 X 1 X
X	X
X X X	X X X 2 X X X
X X	X X X X 1 X
X 5 X 1 X	X 1 X 1 X
X	X
X 3 X 56 X 54 X X	X 1 X X X 1 X 1 X
X 3 X 9 X 11 X	X 3 X X X
X 8 X X 1 X 3 X	X X X X 1 X
X X	X X X X 1 X
X	X
X X	X 7 X
X 2 X	X X X X X
X 77 X 79 X	X X X X X 1 X
X	X
X 1 X X	X X X X 1 X
X	X X X
X 6 X	X X X
X 2 X 1 X 37 X 2 X	X 1 X X X 1 X
X	X
X 1 X X 1 X 1 X	X X X X X X X X X X X
X X	X 3 X
X X X	X X X X X X
X X	X X X X X 1 X
X 60 X	X X X X
X 3 X 7 X	X X X
X	X
X	X
X	X
X	X X
X	X
X 65 X 6 X 73 X 2 X	X X X X X 1 X
X	X 1 X
X X 1 X	X X X X 1 X
X	X 1 X
X X 2 X	X X X
X 1 X 2 X X	X X X X X 1 X X X
X X 1 X	X 2 X X X
X	X 1 X
X	X
X X 1 X X	X X X X 1 X
X	X
X 67 X 66 X	X X X 1 X
X 1 X 3 X 2 X	X X X X
X 1 X X	X 1 X X
X 38 X 4 X	X X X
X	X X
X 11 X 7 X 15 X	X X X X X X X
X	X
X 3 X	X X X
X	X 1 X 1 X X X
X X 2 X 3 X 2 X	X X X X X X X X X X
X	X
X 14 X	X 1 X
X	X
X 4 X 2 X 88 X 89 X	X X 1 X X X
X 220 X	X X X 1 X
X 216 X	X 1 X
X	X
X X 2 X	X X X X
X X	X 1 X
X 76 X	X X 2 X
X	X X X X
X 36 X	X 1 X
X X 1 X X	X X X X X X X X 1 X
X	X
X 70 X 2 X 69 X 171 X 57 X 2 X X X 75 X	X X X X X X X X X X X
X 32 X 43 X 1 X X	X X 1 X X X X X 1 X
X 1 X 136 X 131 X	X X X X X
X 43 X X 4 X 3 X	X 1 X X X X 4 X
X 86 X 142 X	X X X
X	X
X 177 X	X 4 X
X	X
X	X
X 173 X 145 X X 58 X 90 X 92 X 93 X 1 X	X 1 X X X X X X X X X X 2 X
X 63 X X	X X X
X 191 X 2 X X	X X X 1 X
X	X
X 182 X X	X 4 X X
X	X
X	X
X 2 X 190 X 102 X 2 X 1 X X 91 X 2 X X	X 1 X X X X X X X X X X X 1 X
X 169 X	X X
X 373 X 179 X X 1 X	X X X X X X X
X 3 X 30 X 2 X 4 X	X X X X X
X	X
X 6 X 4 X	X X X X X
X	X
X	X
X	X
X 3 X 1 X 64 X 45 X	X X X X X 2 X
X 1 X	X 1 X X X
X X 2 X X	X X X X X X X
X 1 X	X X X
X	X 1 X
X X	X X X X 3 X 1 X
X X	X X X X X
X	X 1 X
X X 1 X X	X X X X 1 X
X	X
X X	X 1 X 1 X 1 X 1 X
X 2 X 15 X 6 X 2 X	X X X X X X X 1 X X
X	X X
X	X
X 1 X	X X X X X X
X X	X 1 X
X 1 X 4 X	X 1 X X X 1 X 1 X
X 3 X 2 X 1 X	X 1 X X 1 X 2 X X X X X 1 X
X 2 X	X X
X 2 X X 1 X	X 1 X X X
X	X X X X
X 2 X	X X
X 1 X 108 X	X 2 X 2 X 1 X
X X 3 X	X X X X X
X	X 1 X
X	X
X 3 X 7 X	X X X X X X 1 X
X 2 X 106 X 1 X 5 X	X X X X X X
X	X X
X 3 X 178 X	X 4 X X
X	X
X	X
X 87 X X 1 X 91 X 1 X X X 8 X	X 2 X X X X X X X X X X 1 X
X	X
X X	X 2 X 1 X
X 19 X	X X
X	X
X 8 X	X 2 X
X	X X
X 8 X 3 X 3 X	X X 1 X 1 X
X X 1 X	X X X 1 X
X	X
X X 74 X 2 X	X 1 X X 2 X 1 X 5 X
X	X
X X	X X 4 X
X X X X	X 1 X X X X
X 2 X	X X 1 X
X 21 X 28 X 2 X 3 X	X X X X 1 X
X X	X X X X 1 X
X 2 X	X 1 X
X X	X 7 X
X 2 X 3 X 2 X	X 2 X X X X
X 2 X 17 X	X X X
X	X X
X	X
X 36 X	X 1 X X
X	X
X 56 X	X X X
X 32 X X	X 1 X X X X
X 34 X	X X X X X
X	X
X 3 X 189 X	X X 1 X 1 X
X 1 X 183 X 184 X	X X X X 1 X
X	X
X 113 X	X 1 X
X 21 X 142 X 147 X X	X 1 X X X 1 X X X 5 X
X 53 X	X 1 X X X
X 77 X	X X
X	X
X 178 X X	X 4 X X
X	X
X	X 1 X
X	X
X 194 X 3 X 104 X 2 X 4 X 84 X 176 X X 10 X	X 2 X X X X X X X X X 2 X
X 169 X 73 X	X X X
X 5 X	X 2 X
X 2 X 79 X	X 1 X X X
X	X
X 2 X	X 2 X
X	X X X X 1 X
X	X
X 22 X	X X X
X 79 X 25 X 24 X	X 1 X X X 1 X 1 X
X	X
X	X
X	X
X X	X X X X
X 91 X	X 1 X
X	X X
X 29 X 30 X	X 1 X X 4 X
X 3 X	X X X X X
X 3 X X	X X X
X 1 X 7 X X	X X X 1 X X 1 X
X X 13 X	X X X
X 1 X 12 X	X 1 X 1 X 1 X 1 X
X 2 X 8 X 4 X 1 X	X 1 X 2 X X X X
X X 1 X	X 1 X 1 X 1 X
X X X	X X 1 X
X 3 X	X X X 1 X
X 4 X 1 X	X 1 X X
X 3 X	X X X X
X 7 X 6 X 1 X	X X X 1 X
X	X 9 X 2 X
X	X
X 1 X X	X X X 2 X
X 2 X	X X
X	X X X 1 X 1 X
X X	X 1 X X X 1 X
X	X X X
X 55 X	X 5 X
X X	X X X 2 X
X 61 X 55 X	X X 23 X 1 X X X
X 53 X	X X X
X 56 X 1 X X	X 1 X X X X
X 104 X 41 X 31 X 8 X 9 X 38 X 117 X	X 1 X X X X X X X X 1 X
