GHGFR	TETE
HYSPW	KID
SNSWY	YNRS
YNNWW	NTN
YDKLP	PW
SKEVL	WS
SNSWY	YGRS
FSKLY	PPG
YGSTL	INS
YGSSR	EVI
GGTNW	VPE
YYSYR	GPSS
TSSYY	MARSL
SWGIR	RSQD
HNSAY	NLQA
NNEDP	GR
YYSIR	HTS
SRELW	IGPV
VHSNY	ESD
GSHVL	HEAF
YDEFL	EDK
RSNWY	HNG
YANYW	NEF
VHSNY	EH
ASLVL	FA
HWNYL	IP
GNEVF	THNI
DYTYL	KD
LPGSS	SLTR
YRYSR	LYFC
VHSNY	ERDH
SSHVL	FE
GNTLR	SW
SVMIM	YQI
HLEYY	KG
PLQSY	RGPF
SYSSL	FPA
TTHVP	NW
VHNNY	QR
NTLVW	S
NKQTL	EE
GSHVL	HF
YNNWW	NNTG
SFSYP	RG
YNSYY	SGY
SNSWY	RGS
SWEIY	NF
YRYSR	AFL
SNEDL	GD
NVELR	WLY
HYSTF	Y
NNVDW	WSG
LSRGY	LGFQ
YADYW	NWKNV
FWSTR	KNGLD
MLEHL	ATLQ
SSSLF	ENPK
GSGYF	N
YNSYY	GST
DYSYL	VVA
YYNPW	IPI
SYSYL	AP
FDGAF	PRH
SHEDL	GRG
GNTLF	WR
VGDTF	QF
NNVDW	WSGNN
DYSYY	KED
SNSWY	YDNRS
GTHFL	RT
DYTYL	KQYR
TYNHY	NVEVG
ANSWY	YRNS
YWNTF	AAR
AYIPL	VYGGV
RSNWI	WS
VHSNY	EFH
GSHVL	HFE
GASWF	ATL
HYSPW	AKD
HYGNF	TAK
NNEDY	TVG
RLRGN	TPA
GNTLY	LTP
NNVDW	WGNS
SRELW	PV
GSGYF	NS
NYYRD	KDCE
FYIYY	HTT
SNSWY	YGR
NKQTL	EA
FNSYI	FM
WRSNY	RR
HYSIL	RPI
YNNWL	TVS
TYGHF	LRFF
NNEDW	SGTF
STHFP	SA
YNNWW	NNT
QFDPF	YWW
GSTFW	KN
AKAFP	RYL
LYGFF	GLRQV
YDNLR	DS
YYTYL	PT
SNSWY	RNY
VHSNY	KFH
GSHVL	HKAF
SYSTF	LEL
HYAIL	ASNR
YGSSS	FNW
FWSTR	GGALA
SNSWY	YDR
TYSYP	FAT
IHSNY	EH
GSHVL	FHA
DYSYL	VL
SKEAY	WGSN
SKEVW	RG
SRDLL	SR
HWNYL	DIN
SNSWY	RD
GLLSL	IA
HISRR	SPA
STHVP	WP
SNSWY	RDNS
YNIYY	QKD
SNSWY	RNY
SNAWY	YGR
SQISP	L
SGYYN	TDSL
SDSWY	YNRS
YYTYY	PTD
LHFYH	DDLA
YDGDY	R
TSGYY	PFEVE
SRDLL	SR
SNVWF	PENDR
WYSNW	PPYW
GTHFW	KW
RRNWN	GETD
GNEVF	HNSIT
SDYAN	RSG
SGSWR	GTR
IIEDW	TS
STHVW	TYLQM
SNSWY	RGNY
NNVDW	G
FDHLL	IIER
QAVSA	NL
SYSTW	FSL
NNVDW	NGNW
NLELY	SP
SNSWY	RNS
SNSWY	YR
HNSNL	RPG
SYNLY	SAFP
YASYY	NVPK
IGVYY	WIT
SNSWY	YNRS
SNSWY	RY
HNDYL	HGAE
GNTLW	GPPR
HWTYY	HEQ
SYNLY	LW
YGSSS	NF
SNSWR	GTRR
SYNLY	PST
DYSHL	YAS
YAQLY	VSG
SNSWY	YDR
DYSNL	YAS
LSRGY	LFY
SNTSL	QRM
YATSY	RRS
VGDTF	QHR
SFNVL	YN
YGSSS	NF
FWDTW	RQV
GATSE	YNKK
YYAYW	LNSR
SNSWY	YR
YKQFL	AQE
GSHVL	FA
RAHND	HRD
TSRYY	NDKG
SNSWY	RY
AYKTY	PDEV
HNSYR	NTN
TTHAP	WG
SNSWY	YGNRS
LHFYH	DEL
YDGSY	DLAR
YYSYY	PTVT
RSTYL	EGL
SNSWY	YGR
SNEDF	SAFG
STHVR	NN
DNPTL	WHEH
SYSYY	NPG
HLEYF	KAT
SNSWY	RY
SYNLR	SPT
SNSWY	RNY
TSIYY	LQQQV
SREFF	ALT
HNSYR	NDK
HGESW	KAT
GHSFF	PQ
NNEDW	HYK
NSGNY	GNH
SSSLF	EKNP
SGYSH	KGRLH
GTHFW	KW
YSTVW	Q
HDSSY	AQT
SFNVL	YKN
YDGDY	NKP
TWYYF	DASL
IRELR	WITN
GNTLW	KG
FWGNW	STRAD
SNSWY	YR
YWSTW	NKE
TWYYF	ALL
SHSWF	RN
YYGSD	PYPE
YDTYW	KED
RSNWL	FLDD
SNSWY	YGRS
TWYYF	DATLL
SNRWF	VF
TSGYY	ICIWT
IRELR	TN
NIQLW	RGG
MSSYL	AVI
SNTWY	DNWE
HNSYR	NDTI
NYGIF	DDNEE
SKEVL	RD
HNSYR	SMRD
SNSWY	R